origin_date,target,target_end_date,horizon,location,output_type,output_type_id,value
2026-09-16,ARI incidence,2026-09-13,1,BE,quantile,0.01,257.031005859375
2026-09-16,ARI incidence,2026-09-13,1,BE,quantile,0.025,301.5484924316406
2026-09-16,ARI incidence,2026-09-13,1,BE,quantile,0.05,375.7442626953125
2026-09-16,ARI incidence,2026-09-13,1,BE,quantile,0.1,420.1268310546875
2026-09-16,ARI incidence,2026-09-13,1,BE,quantile,0.15,447.6051025390625
2026-09-16,ARI incidence,2026-09-13,1,BE,quantile,0.2,469.0370788574219
2026-09-16,ARI incidence,2026-09-13,1,BE,quantile,0.25,484.21136474609375
2026-09-16,ARI incidence,2026-09-13,1,BE,quantile,0.3,498.75067138671875
2026-09-16,ARI incidence,2026-09-13,1,BE,quantile,0.35,513.9213256835938
2026-09-16,ARI incidence,2026-09-13,1,BE,quantile,0.4,527.4222412109375
2026-09-16,ARI incidence,2026-09-13,1,BE,quantile,0.45,538.322021484375
2026-09-16,ARI incidence,2026-09-13,1,BE,quantile,0.5,552.2086791992188
2026-09-16,ARI incidence,2026-09-13,1,BE,quantile,0.55,562.8660278320312
2026-09-16,ARI incidence,2026-09-13,1,BE,quantile,0.6,573.0767822265625
2026-09-16,ARI incidence,2026-09-13,1,BE,quantile,0.65,587.8655395507812
2026-09-16,ARI incidence,2026-09-13,1,BE,quantile,0.7,600.9515380859375
2026-09-16,ARI incidence,2026-09-13,1,BE,quantile,0.75,616.224853515625
2026-09-16,ARI incidence,2026-09-13,1,BE,quantile,0.8,636.121337890625
2026-09-16,ARI incidence,2026-09-13,1,BE,quantile,0.85,659.5316772460938
2026-09-16,ARI incidence,2026-09-13,1,BE,quantile,0.9,690.1704711914062
2026-09-16,ARI incidence,2026-09-13,1,BE,quantile,0.95,743.2144165039062
2026-09-16,ARI incidence,2026-09-13,1,BE,quantile,0.975,844.7557373046875
2026-09-16,ARI incidence,2026-09-13,1,BE,quantile,0.99,905.6803588867188
2026-09-16,ARI incidence,2026-09-20,2,BE,quantile,0.01,314.7139892578125
2026-09-16,ARI incidence,2026-09-20,2,BE,quantile,0.025,364.3072509765625
2026-09-16,ARI incidence,2026-09-20,2,BE,quantile,0.05,446.962646484375
2026-09-16,ARI incidence,2026-09-20,2,BE,quantile,0.1,498.4278869628906
2026-09-16,ARI incidence,2026-09-20,2,BE,quantile,0.15,528.0185546875
2026-09-16,ARI incidence,2026-09-20,2,BE,quantile,0.2,551.6583251953125
2026-09-16,ARI incidence,2026-09-20,2,BE,quantile,0.25,570.9014892578125
2026-09-16,ARI incidence,2026-09-20,2,BE,quantile,0.3,587.160888671875
2026-09-16,ARI incidence,2026-09-20,2,BE,quantile,0.35,604.0390014648438
2026-09-16,ARI incidence,2026-09-20,2,BE,quantile,0.4,619.1356201171875
2026-09-16,ARI incidence,2026-09-20,2,BE,quantile,0.45,633.1170654296875
2026-09-16,ARI incidence,2026-09-20,2,BE,quantile,0.5,648.8917846679688
2026-09-16,ARI incidence,2026-09-20,2,BE,quantile,0.55,664.5482788085938
2026-09-16,ARI incidence,2026-09-20,2,BE,quantile,0.6,681.3773803710938
2026-09-16,ARI incidence,2026-09-20,2,BE,quantile,0.65,697.7425537109375
2026-09-16,ARI incidence,2026-09-20,2,BE,quantile,0.7,715.022705078125
2026-09-16,ARI incidence,2026-09-20,2,BE,quantile,0.75,733.879150390625
2026-09-16,ARI incidence,2026-09-20,2,BE,quantile,0.8,753.3673706054688
2026-09-16,ARI incidence,2026-09-20,2,BE,quantile,0.85,779.2388916015625
2026-09-16,ARI incidence,2026-09-20,2,BE,quantile,0.9,814.1348876953125
2026-09-16,ARI incidence,2026-09-20,2,BE,quantile,0.95,874.796875
2026-09-16,ARI incidence,2026-09-20,2,BE,quantile,0.975,998.5220336914062
2026-09-16,ARI incidence,2026-09-20,2,BE,quantile,0.99,1072.7569580078125
2026-09-16,ARI incidence,2026-09-27,3,BE,quantile,0.01,374.31903076171875
2026-09-16,ARI incidence,2026-09-27,3,BE,quantile,0.025,431.49749755859375
2026-09-16,ARI incidence,2026-09-27,3,BE,quantile,0.05,526.794921875
2026-09-16,ARI incidence,2026-09-27,3,BE,quantile,0.1,588.8419799804688
2026-09-16,ARI incidence,2026-09-27,3,BE,quantile,0.15,623.608154296875
2026-09-16,ARI incidence,2026-09-27,3,BE,quantile,0.2,651.1822509765625
2026-09-16,ARI incidence,2026-09-27,3,BE,quantile,0.25,673.7645874023438
2026-09-16,ARI incidence,2026-09-27,3,BE,quantile,0.3,693.9563598632812
2026-09-16,ARI incidence,2026-09-27,3,BE,quantile,0.35,712.53662109375
2026-09-16,ARI incidence,2026-09-27,3,BE,quantile,0.4,729.2949829101562
2026-09-16,ARI incidence,2026-09-27,3,BE,quantile,0.45,745.3172607421875
2026-09-16,ARI incidence,2026-09-27,3,BE,quantile,0.5,763.2565307617188
2026-09-16,ARI incidence,2026-09-27,3,BE,quantile,0.55,781.32958984375
2026-09-16,ARI incidence,2026-09-27,3,BE,quantile,0.6,799.6080932617188
2026-09-16,ARI incidence,2026-09-27,3,BE,quantile,0.65,818.09130859375
2026-09-16,ARI incidence,2026-09-27,3,BE,quantile,0.7,839.13232421875
2026-09-16,ARI incidence,2026-09-27,3,BE,quantile,0.75,862.6802978515625
2026-09-16,ARI incidence,2026-09-27,3,BE,quantile,0.8,889.5007934570312
2026-09-16,ARI incidence,2026-09-27,3,BE,quantile,0.85,923.4985961914062
2026-09-16,ARI incidence,2026-09-27,3,BE,quantile,0.9,971.8322143554688
2026-09-16,ARI incidence,2026-09-27,3,BE,quantile,0.95,1047.969970703125
2026-09-16,ARI incidence,2026-09-27,3,BE,quantile,0.975,1196.5919189453125
2026-09-16,ARI incidence,2026-09-27,3,BE,quantile,0.99,1285.764892578125
2026-09-16,ARI incidence,2026-10-04,4,BE,quantile,0.01,409.3861083984375
2026-09-16,ARI incidence,2026-10-04,4,BE,quantile,0.025,465.357666015625
2026-09-16,ARI incidence,2026-10-04,4,BE,quantile,0.05,558.6435546875
2026-09-16,ARI incidence,2026-10-04,4,BE,quantile,0.1,622.8541870117188
2026-09-16,ARI incidence,2026-10-04,4,BE,quantile,0.15,663.673095703125
2026-09-16,ARI incidence,2026-10-04,4,BE,quantile,0.2,693.174072265625
2026-09-16,ARI incidence,2026-10-04,4,BE,quantile,0.25,718.4569091796875
2026-09-16,ARI incidence,2026-10-04,4,BE,quantile,0.3,741.5216064453125
2026-09-16,ARI incidence,2026-10-04,4,BE,quantile,0.35,759.5110473632812
2026-09-16,ARI incidence,2026-10-04,4,BE,quantile,0.4,779.4722900390625
2026-09-16,ARI incidence,2026-10-04,4,BE,quantile,0.45,794.92041015625
2026-09-16,ARI incidence,2026-10-04,4,BE,quantile,0.5,814.984375
2026-09-16,ARI incidence,2026-10-04,4,BE,quantile,0.55,835.7282104492188
2026-09-16,ARI incidence,2026-10-04,4,BE,quantile,0.6,855.89794921875
2026-09-16,ARI incidence,2026-10-04,4,BE,quantile,0.65,877.9087524414062
2026-09-16,ARI incidence,2026-10-04,4,BE,quantile,0.7,901.8961181640625
2026-09-16,ARI incidence,2026-10-04,4,BE,quantile,0.75,929.080078125
2026-09-16,ARI incidence,2026-10-04,4,BE,quantile,0.8,960.4524536132812
2026-09-16,ARI incidence,2026-10-04,4,BE,quantile,0.85,998.7960815429688
2026-09-16,ARI incidence,2026-10-04,4,BE,quantile,0.9,1050.4146728515625
2026-09-16,ARI incidence,2026-10-04,4,BE,quantile,0.95,1145.2279052734375
2026-09-16,ARI incidence,2026-10-04,4,BE,quantile,0.975,1320.4537353515625
2026-09-16,ARI incidence,2026-10-04,4,BE,quantile,0.99,1425.5889892578125
2026-09-16,ARI incidence,2026-09-13,1,BG,quantile,0.01,131.08465576171875
2026-09-16,ARI incidence,2026-09-13,1,BG,quantile,0.025,147.55882263183594
2026-09-16,ARI incidence,2026-09-13,1,BG,quantile,0.05,175.0157470703125
2026-09-16,ARI incidence,2026-09-13,1,BG,quantile,0.1,191.38107299804688
2026-09-16,ARI incidence,2026-09-13,1,BG,quantile,0.15,200.91574096679688
2026-09-16,ARI incidence,2026-09-13,1,BG,quantile,0.2,207.73257446289062
2026-09-16,ARI incidence,2026-09-13,1,BG,quantile,0.25,209.59243774414062
2026-09-16,ARI incidence,2026-09-13,1,BG,quantile,0.3,212.59176635742188
2026-09-16,ARI incidence,2026-09-13,1,BG,quantile,0.35,215.55484008789062
2026-09-16,ARI incidence,2026-09-13,1,BG,quantile,0.4,218.39480590820312
2026-09-16,ARI incidence,2026-09-13,1,BG,quantile,0.45,221.71713256835938
2026-09-16,ARI incidence,2026-09-13,1,BG,quantile,0.5,227.16510009765625
2026-09-16,ARI incidence,2026-09-13,1,BG,quantile,0.55,228.81512451171875
2026-09-16,ARI incidence,2026-09-13,1,BG,quantile,0.6,229.43276977539062
2026-09-16,ARI incidence,2026-09-13,1,BG,quantile,0.65,235.26156616210938
2026-09-16,ARI incidence,2026-09-13,1,BG,quantile,0.7,241.9320068359375
2026-09-16,ARI incidence,2026-09-13,1,BG,quantile,0.75,247.65850830078125
2026-09-16,ARI incidence,2026-09-13,1,BG,quantile,0.8,257.6828308105469
2026-09-16,ARI incidence,2026-09-13,1,BG,quantile,0.85,265.9420471191406
2026-09-16,ARI incidence,2026-09-13,1,BG,quantile,0.9,275.8887939453125
2026-09-16,ARI incidence,2026-09-13,1,BG,quantile,0.95,285.09942626953125
2026-09-16,ARI incidence,2026-09-13,1,BG,quantile,0.975,295.8775634765625
2026-09-16,ARI incidence,2026-09-13,1,BG,quantile,0.99,302.34442138671875
2026-09-16,ARI incidence,2026-09-20,2,BG,quantile,0.01,146.36724853515625
2026-09-16,ARI incidence,2026-09-20,2,BG,quantile,0.025,166.0762176513672
2026-09-16,ARI incidence,2026-09-20,2,BG,quantile,0.05,198.92449951171875
2026-09-16,ARI incidence,2026-09-20,2,BG,quantile,0.1,216.23431396484375
2026-09-16,ARI incidence,2026-09-20,2,BG,quantile,0.15,225.97076416015625
2026-09-16,ARI incidence,2026-09-20,2,BG,quantile,0.2,235.60638427734375
2026-09-16,ARI incidence,2026-09-20,2,BG,quantile,0.25,243.35433959960938
2026-09-16,ARI incidence,2026-09-20,2,BG,quantile,0.3,247.31146240234375
2026-09-16,ARI incidence,2026-09-20,2,BG,quantile,0.35,254.41519165039062
2026-09-16,ARI incidence,2026-09-20,2,BG,quantile,0.4,260.30987548828125
2026-09-16,ARI incidence,2026-09-20,2,BG,quantile,0.45,263.5137634277344
2026-09-16,ARI incidence,2026-09-20,2,BG,quantile,0.5,270.04217529296875
2026-09-16,ARI incidence,2026-09-20,2,BG,quantile,0.55,274.3004455566406
2026-09-16,ARI incidence,2026-09-20,2,BG,quantile,0.6,280.8581848144531
2026-09-16,ARI incidence,2026-09-20,2,BG,quantile,0.65,287.6705017089844
2026-09-16,ARI incidence,2026-09-20,2,BG,quantile,0.7,293.05755615234375
2026-09-16,ARI incidence,2026-09-20,2,BG,quantile,0.75,300.027587890625
2026-09-16,ARI incidence,2026-09-20,2,BG,quantile,0.8,304.2282409667969
2026-09-16,ARI incidence,2026-09-20,2,BG,quantile,0.85,314.9809875488281
2026-09-16,ARI incidence,2026-09-20,2,BG,quantile,0.9,326.97308349609375
2026-09-16,ARI incidence,2026-09-20,2,BG,quantile,0.95,348.02227783203125
2026-09-16,ARI incidence,2026-09-20,2,BG,quantile,0.975,399.61407470703125
2026-09-16,ARI incidence,2026-09-20,2,BG,quantile,0.99,430.569091796875
2026-09-16,ARI incidence,2026-09-27,3,BG,quantile,0.01,182.98562622070312
2026-09-16,ARI incidence,2026-09-27,3,BG,quantile,0.025,205.2119140625
2026-09-16,ARI incidence,2026-09-27,3,BG,quantile,0.05,242.2557373046875
2026-09-16,ARI incidence,2026-09-27,3,BG,quantile,0.1,268.04803466796875
2026-09-16,ARI incidence,2026-09-27,3,BG,quantile,0.15,280.6354675292969
2026-09-16,ARI incidence,2026-09-27,3,BG,quantile,0.2,293.7569580078125
2026-09-16,ARI incidence,2026-09-27,3,BG,quantile,0.25,302.5173034667969
2026-09-16,ARI incidence,2026-09-27,3,BG,quantile,0.3,311.43878173828125
2026-09-16,ARI incidence,2026-09-27,3,BG,quantile,0.35,319.77337646484375
2026-09-16,ARI incidence,2026-09-27,3,BG,quantile,0.4,326.8753662109375
2026-09-16,ARI incidence,2026-09-27,3,BG,quantile,0.45,330.296142578125
2026-09-16,ARI incidence,2026-09-27,3,BG,quantile,0.5,337.7489929199219
2026-09-16,ARI incidence,2026-09-27,3,BG,quantile,0.55,344.2769470214844
2026-09-16,ARI incidence,2026-09-27,3,BG,quantile,0.6,350.0296936035156
2026-09-16,ARI incidence,2026-09-27,3,BG,quantile,0.65,355.0688171386719
2026-09-16,ARI incidence,2026-09-27,3,BG,quantile,0.7,363.3385925292969
2026-09-16,ARI incidence,2026-09-27,3,BG,quantile,0.75,372.4784851074219
2026-09-16,ARI incidence,2026-09-27,3,BG,quantile,0.8,382.3702392578125
2026-09-16,ARI incidence,2026-09-27,3,BG,quantile,0.85,397.427001953125
2026-09-16,ARI incidence,2026-09-27,3,BG,quantile,0.9,416.96343994140625
2026-09-16,ARI incidence,2026-09-27,3,BG,quantile,0.95,449.28363037109375
2026-09-16,ARI incidence,2026-09-27,3,BG,quantile,0.975,504.7447509765625
2026-09-16,ARI incidence,2026-09-27,3,BG,quantile,0.99,538.0213623046875
2026-09-16,ARI incidence,2026-10-04,4,BG,quantile,0.01,238.83673095703125
2026-09-16,ARI incidence,2026-10-04,4,BG,quantile,0.025,265.40960693359375
2026-09-16,ARI incidence,2026-10-04,4,BG,quantile,0.05,309.6977233886719
2026-09-16,ARI incidence,2026-10-04,4,BG,quantile,0.1,345.7158508300781
2026-09-16,ARI incidence,2026-10-04,4,BG,quantile,0.15,366.8227844238281
2026-09-16,ARI incidence,2026-10-04,4,BG,quantile,0.2,378.4708251953125
2026-09-16,ARI incidence,2026-10-04,4,BG,quantile,0.25,390.7466125488281
2026-09-16,ARI incidence,2026-10-04,4,BG,quantile,0.3,399.23675537109375
2026-09-16,ARI incidence,2026-10-04,4,BG,quantile,0.35,406.5361328125
2026-09-16,ARI incidence,2026-10-04,4,BG,quantile,0.4,414.53680419921875
2026-09-16,ARI incidence,2026-10-04,4,BG,quantile,0.45,418.564208984375
2026-09-16,ARI incidence,2026-10-04,4,BG,quantile,0.5,429.1557922363281
2026-09-16,ARI incidence,2026-10-04,4,BG,quantile,0.55,435.71063232421875
2026-09-16,ARI incidence,2026-10-04,4,BG,quantile,0.6,444.17205810546875
2026-09-16,ARI incidence,2026-10-04,4,BG,quantile,0.65,453.93109130859375
2026-09-16,ARI incidence,2026-10-04,4,BG,quantile,0.7,463.5704040527344
2026-09-16,ARI incidence,2026-10-04,4,BG,quantile,0.75,472.7026062011719
2026-09-16,ARI incidence,2026-10-04,4,BG,quantile,0.8,485.1414794921875
2026-09-16,ARI incidence,2026-10-04,4,BG,quantile,0.85,499.85040283203125
2026-09-16,ARI incidence,2026-10-04,4,BG,quantile,0.9,522.72509765625
2026-09-16,ARI incidence,2026-10-04,4,BG,quantile,0.95,563.5577392578125
2026-09-16,ARI incidence,2026-10-04,4,BG,quantile,0.975,621.6248168945312
2026-09-16,ARI incidence,2026-10-04,4,BG,quantile,0.99,656.4650268554688
2026-09-16,ARI incidence,2026-09-13,1,CY,quantile,0.01,1155.1181640625
2026-09-16,ARI incidence,2026-09-13,1,CY,quantile,0.025,1710.8701171875
2026-09-16,ARI incidence,2026-09-13,1,CY,quantile,0.05,2637.123046875
2026-09-16,ARI incidence,2026-09-13,1,CY,quantile,0.1,3203.625
2026-09-16,ARI incidence,2026-09-13,1,CY,quantile,0.15,3594.2978515625
2026-09-16,ARI incidence,2026-09-13,1,CY,quantile,0.2,3863.994140625
2026-09-16,ARI incidence,2026-09-13,1,CY,quantile,0.25,4061.1630859375
2026-09-16,ARI incidence,2026-09-13,1,CY,quantile,0.3,4255.095703125
2026-09-16,ARI incidence,2026-09-13,1,CY,quantile,0.35,4413.0859375
2026-09-16,ARI incidence,2026-09-13,1,CY,quantile,0.4,4544.8017578125
2026-09-16,ARI incidence,2026-09-13,1,CY,quantile,0.45,4713.388671875
2026-09-16,ARI incidence,2026-09-13,1,CY,quantile,0.5,4877.75
2026-09-16,ARI incidence,2026-09-13,1,CY,quantile,0.55,4995.546875
2026-09-16,ARI incidence,2026-09-13,1,CY,quantile,0.6,5153.2099609375
2026-09-16,ARI incidence,2026-09-13,1,CY,quantile,0.65,5370.197265625
2026-09-16,ARI incidence,2026-09-13,1,CY,quantile,0.7,5621.796875
2026-09-16,ARI incidence,2026-09-13,1,CY,quantile,0.75,5853.5390625
2026-09-16,ARI incidence,2026-09-13,1,CY,quantile,0.8,6221.154296875
2026-09-16,ARI incidence,2026-09-13,1,CY,quantile,0.85,6708.19189453125
2026-09-16,ARI incidence,2026-09-13,1,CY,quantile,0.9,7359.09228515625
2026-09-16,ARI incidence,2026-09-13,1,CY,quantile,0.95,8580.013671875
2026-09-16,ARI incidence,2026-09-13,1,CY,quantile,0.975,10655.00390625
2026-09-16,ARI incidence,2026-09-13,1,CY,quantile,0.99,11899.9951171875
2026-09-16,ARI incidence,2026-09-20,2,CY,quantile,0.01,1674.5576171875
2026-09-16,ARI incidence,2026-09-20,2,CY,quantile,0.025,2279.058349609375
2026-09-16,ARI incidence,2026-09-20,2,CY,quantile,0.05,3286.5595703125
2026-09-16,ARI incidence,2026-09-20,2,CY,quantile,0.1,3912.5302734375
2026-09-16,ARI incidence,2026-09-20,2,CY,quantile,0.15,4313.7822265625
2026-09-16,ARI incidence,2026-09-20,2,CY,quantile,0.2,4596.5478515625
2026-09-16,ARI incidence,2026-09-20,2,CY,quantile,0.25,4829.287109375
2026-09-16,ARI incidence,2026-09-20,2,CY,quantile,0.3,5069.955078125
2026-09-16,ARI incidence,2026-09-20,2,CY,quantile,0.35,5319.6943359375
2026-09-16,ARI incidence,2026-09-20,2,CY,quantile,0.4,5501.0205078125
2026-09-16,ARI incidence,2026-09-20,2,CY,quantile,0.45,5711.00390625
2026-09-16,ARI incidence,2026-09-20,2,CY,quantile,0.5,5941.47705078125
2026-09-16,ARI incidence,2026-09-20,2,CY,quantile,0.55,6123.73388671875
2026-09-16,ARI incidence,2026-09-20,2,CY,quantile,0.6,6367.54296875
2026-09-16,ARI incidence,2026-09-20,2,CY,quantile,0.65,6614.0634765625
2026-09-16,ARI incidence,2026-09-20,2,CY,quantile,0.7,6878.51904296875
2026-09-16,ARI incidence,2026-09-20,2,CY,quantile,0.75,7238.2626953125
2026-09-16,ARI incidence,2026-09-20,2,CY,quantile,0.8,7626.07177734375
2026-09-16,ARI incidence,2026-09-20,2,CY,quantile,0.85,8153.6220703125
2026-09-16,ARI incidence,2026-09-20,2,CY,quantile,0.9,8933.4296875
2026-09-16,ARI incidence,2026-09-20,2,CY,quantile,0.95,10246.71875
2026-09-16,ARI incidence,2026-09-20,2,CY,quantile,0.975,12509.7177734375
2026-09-16,ARI incidence,2026-09-20,2,CY,quantile,0.99,13867.5146484375
2026-09-16,ARI incidence,2026-09-27,3,CY,quantile,0.01,2007.3330078125
2026-09-16,ARI incidence,2026-09-27,3,CY,quantile,0.025,2637.4609375
2026-09-16,ARI incidence,2026-09-27,3,CY,quantile,0.05,3687.673828125
2026-09-16,ARI incidence,2026-09-27,3,CY,quantile,0.1,4392.4853515625
2026-09-16,ARI incidence,2026-09-27,3,CY,quantile,0.15,4825.22265625
2026-09-16,ARI incidence,2026-09-27,3,CY,quantile,0.2,5147.818359375
2026-09-16,ARI incidence,2026-09-27,3,CY,quantile,0.25,5440.787109375
2026-09-16,ARI incidence,2026-09-27,3,CY,quantile,0.3,5715.3017578125
2026-09-16,ARI incidence,2026-09-27,3,CY,quantile,0.35,5940.623046875
2026-09-16,ARI incidence,2026-09-27,3,CY,quantile,0.4,6189.609375
2026-09-16,ARI incidence,2026-09-27,3,CY,quantile,0.45,6405.001953125
2026-09-16,ARI incidence,2026-09-27,3,CY,quantile,0.5,6652.99951171875
2026-09-16,ARI incidence,2026-09-27,3,CY,quantile,0.55,6880.861328125
2026-09-16,ARI incidence,2026-09-27,3,CY,quantile,0.6,7103.23193359375
2026-09-16,ARI incidence,2026-09-27,3,CY,quantile,0.65,7362.3779296875
2026-09-16,ARI incidence,2026-09-27,3,CY,quantile,0.7,7708.376953125
2026-09-16,ARI incidence,2026-09-27,3,CY,quantile,0.75,8093.5166015625
2026-09-16,ARI incidence,2026-09-27,3,CY,quantile,0.8,8556.8271484375
2026-09-16,ARI incidence,2026-09-27,3,CY,quantile,0.85,9204.44921875
2026-09-16,ARI incidence,2026-09-27,3,CY,quantile,0.9,10126.1982421875
2026-09-16,ARI incidence,2026-09-27,3,CY,quantile,0.95,11497.2060546875
2026-09-16,ARI incidence,2026-09-27,3,CY,quantile,0.975,13967.5615234375
2026-09-16,ARI incidence,2026-09-27,3,CY,quantile,0.99,15449.771484375
2026-09-16,ARI incidence,2026-10-04,4,CY,quantile,0.01,1732.2392578125
2026-09-16,ARI incidence,2026-10-04,4,CY,quantile,0.025,2433.10986328125
2026-09-16,ARI incidence,2026-10-04,4,CY,quantile,0.05,3601.2275390625
2026-09-16,ARI incidence,2026-10-04,4,CY,quantile,0.1,4380.7646484375
2026-09-16,ARI incidence,2026-10-04,4,CY,quantile,0.15,4868.650390625
2026-09-16,ARI incidence,2026-10-04,4,CY,quantile,0.2,5249.212890625
2026-09-16,ARI incidence,2026-10-04,4,CY,quantile,0.25,5532.533203125
2026-09-16,ARI incidence,2026-10-04,4,CY,quantile,0.3,5772.615234375
2026-09-16,ARI incidence,2026-10-04,4,CY,quantile,0.35,6021.5439453125
2026-09-16,ARI incidence,2026-10-04,4,CY,quantile,0.4,6288.69482421875
2026-09-16,ARI incidence,2026-10-04,4,CY,quantile,0.45,6514.8134765625
2026-09-16,ARI incidence,2026-10-04,4,CY,quantile,0.5,6777.34521484375
2026-09-16,ARI incidence,2026-10-04,4,CY,quantile,0.55,7051.38330078125
2026-09-16,ARI incidence,2026-10-04,4,CY,quantile,0.6,7367.724609375
2026-09-16,ARI incidence,2026-10-04,4,CY,quantile,0.65,7675.08837890625
2026-09-16,ARI incidence,2026-10-04,4,CY,quantile,0.7,8035.8154296875
2026-09-16,ARI incidence,2026-10-04,4,CY,quantile,0.75,8509.1162109375
2026-09-16,ARI incidence,2026-10-04,4,CY,quantile,0.8,9032.7265625
2026-09-16,ARI incidence,2026-10-04,4,CY,quantile,0.85,9692.537109375
2026-09-16,ARI incidence,2026-10-04,4,CY,quantile,0.9,10615.7939453125
2026-09-16,ARI incidence,2026-10-04,4,CY,quantile,0.95,12248.521484375
2026-09-16,ARI incidence,2026-10-04,4,CY,quantile,0.975,14905.20703125
2026-09-16,ARI incidence,2026-10-04,4,CY,quantile,0.99,16499.21484375
2026-09-16,ARI incidence,2026-09-13,1,CZ,quantile,0.01,202.11370849609375
2026-09-16,ARI incidence,2026-09-13,1,CZ,quantile,0.025,273.25811767578125
2026-09-16,ARI incidence,2026-09-13,1,CZ,quantile,0.05,391.8321533203125
2026-09-16,ARI incidence,2026-09-13,1,CZ,quantile,0.1,444.99981689453125
2026-09-16,ARI incidence,2026-09-13,1,CZ,quantile,0.15,472.74554443359375
2026-09-16,ARI incidence,2026-09-13,1,CZ,quantile,0.2,494.05078125
2026-09-16,ARI incidence,2026-09-13,1,CZ,quantile,0.25,507.2865295410156
2026-09-16,ARI incidence,2026-09-13,1,CZ,quantile,0.3,520.97314453125
2026-09-16,ARI incidence,2026-09-13,1,CZ,quantile,0.35,533.267333984375
2026-09-16,ARI incidence,2026-09-13,1,CZ,quantile,0.4,544.664306640625
2026-09-16,ARI incidence,2026-09-13,1,CZ,quantile,0.45,554.953125
2026-09-16,ARI incidence,2026-09-13,1,CZ,quantile,0.5,566.5718994140625
2026-09-16,ARI incidence,2026-09-13,1,CZ,quantile,0.55,575.423828125
2026-09-16,ARI incidence,2026-09-13,1,CZ,quantile,0.6,583.799560546875
2026-09-16,ARI incidence,2026-09-13,1,CZ,quantile,0.65,595.222412109375
2026-09-16,ARI incidence,2026-09-13,1,CZ,quantile,0.7,606.585693359375
2026-09-16,ARI incidence,2026-09-13,1,CZ,quantile,0.75,619.5673828125
2026-09-16,ARI incidence,2026-09-13,1,CZ,quantile,0.8,636.0728149414062
2026-09-16,ARI incidence,2026-09-13,1,CZ,quantile,0.85,654.6326293945312
2026-09-16,ARI incidence,2026-09-13,1,CZ,quantile,0.9,677.2021484375
2026-09-16,ARI incidence,2026-09-13,1,CZ,quantile,0.95,712.0694580078125
2026-09-16,ARI incidence,2026-09-13,1,CZ,quantile,0.975,774.349853515625
2026-09-16,ARI incidence,2026-09-13,1,CZ,quantile,0.99,811.7179565429688
2026-09-16,ARI incidence,2026-09-20,2,CZ,quantile,0.01,315.6649169921875
2026-09-16,ARI incidence,2026-09-20,2,CZ,quantile,0.025,383.89947509765625
2026-09-16,ARI incidence,2026-09-20,2,CZ,quantile,0.05,497.62371826171875
2026-09-16,ARI incidence,2026-09-20,2,CZ,quantile,0.1,551.8414916992188
2026-09-16,ARI incidence,2026-09-20,2,CZ,quantile,0.15,581.0809936523438
2026-09-16,ARI incidence,2026-09-20,2,CZ,quantile,0.2,604.2357177734375
2026-09-16,ARI incidence,2026-09-20,2,CZ,quantile,0.25,621.9322509765625
2026-09-16,ARI incidence,2026-09-20,2,CZ,quantile,0.3,635.917236328125
2026-09-16,ARI incidence,2026-09-20,2,CZ,quantile,0.35,651.2233276367188
2026-09-16,ARI incidence,2026-09-20,2,CZ,quantile,0.4,665.4449462890625
2026-09-16,ARI incidence,2026-09-20,2,CZ,quantile,0.45,676.2058715820312
2026-09-16,ARI incidence,2026-09-20,2,CZ,quantile,0.5,689.3899536132812
2026-09-16,ARI incidence,2026-09-20,2,CZ,quantile,0.55,702.496826171875
2026-09-16,ARI incidence,2026-09-20,2,CZ,quantile,0.6,714.9188232421875
2026-09-16,ARI incidence,2026-09-20,2,CZ,quantile,0.65,728.21923828125
2026-09-16,ARI incidence,2026-09-20,2,CZ,quantile,0.7,741.7470703125
2026-09-16,ARI incidence,2026-09-20,2,CZ,quantile,0.75,756.4518432617188
2026-09-16,ARI incidence,2026-09-20,2,CZ,quantile,0.8,771.6950073242188
2026-09-16,ARI incidence,2026-09-20,2,CZ,quantile,0.85,791.5153198242188
2026-09-16,ARI incidence,2026-09-20,2,CZ,quantile,0.9,816.482666015625
2026-09-16,ARI incidence,2026-09-20,2,CZ,quantile,0.95,859.8271484375
2026-09-16,ARI incidence,2026-09-20,2,CZ,quantile,0.975,945.9868774414062
2026-09-16,ARI incidence,2026-09-20,2,CZ,quantile,0.99,997.6826171875
2026-09-16,ARI incidence,2026-09-27,3,CZ,quantile,0.01,340.518798828125
2026-09-16,ARI incidence,2026-09-27,3,CZ,quantile,0.025,412.6502380371094
2026-09-16,ARI incidence,2026-09-27,3,CZ,quantile,0.05,532.8692626953125
2026-09-16,ARI incidence,2026-09-27,3,CZ,quantile,0.1,591.755859375
2026-09-16,ARI incidence,2026-09-27,3,CZ,quantile,0.15,621.8301391601562
2026-09-16,ARI incidence,2026-09-27,3,CZ,quantile,0.2,646.2586669921875
2026-09-16,ARI incidence,2026-09-27,3,CZ,quantile,0.25,664.4055786132812
2026-09-16,ARI incidence,2026-09-27,3,CZ,quantile,0.3,681.2034912109375
2026-09-16,ARI incidence,2026-09-27,3,CZ,quantile,0.35,696.7178955078125
2026-09-16,ARI incidence,2026-09-27,3,CZ,quantile,0.4,709.263671875
2026-09-16,ARI incidence,2026-09-27,3,CZ,quantile,0.45,719.0557861328125
2026-09-16,ARI incidence,2026-09-27,3,CZ,quantile,0.5,732.5239868164062
2026-09-16,ARI incidence,2026-09-27,3,CZ,quantile,0.55,746.5213012695312
2026-09-16,ARI incidence,2026-09-27,3,CZ,quantile,0.6,759.4754638671875
2026-09-16,ARI incidence,2026-09-27,3,CZ,quantile,0.65,771.9463500976562
2026-09-16,ARI incidence,2026-09-27,3,CZ,quantile,0.7,787.5482788085938
2026-09-16,ARI incidence,2026-09-27,3,CZ,quantile,0.75,803.7256469726562
2026-09-16,ARI incidence,2026-09-27,3,CZ,quantile,0.8,822.1266479492188
2026-09-16,ARI incidence,2026-09-27,3,CZ,quantile,0.85,843.7927856445312
2026-09-16,ARI incidence,2026-09-27,3,CZ,quantile,0.9,873.839599609375
2026-09-16,ARI incidence,2026-09-27,3,CZ,quantile,0.95,922.2288818359375
2026-09-16,ARI incidence,2026-09-27,3,CZ,quantile,0.975,1017.902099609375
2026-09-16,ARI incidence,2026-09-27,3,CZ,quantile,0.99,1075.305908203125
2026-09-16,ARI incidence,2026-10-04,4,CZ,quantile,0.01,387.5890197753906
2026-09-16,ARI incidence,2026-10-04,4,CZ,quantile,0.025,461.4423522949219
2026-09-16,ARI incidence,2026-10-04,4,CZ,quantile,0.05,584.53125
2026-09-16,ARI incidence,2026-10-04,4,CZ,quantile,0.1,650.9229736328125
2026-09-16,ARI incidence,2026-10-04,4,CZ,quantile,0.15,688.3104248046875
2026-09-16,ARI incidence,2026-10-04,4,CZ,quantile,0.2,712.6397705078125
2026-09-16,ARI incidence,2026-10-04,4,CZ,quantile,0.25,734.3649291992188
2026-09-16,ARI incidence,2026-10-04,4,CZ,quantile,0.3,752.2579345703125
2026-09-16,ARI incidence,2026-10-04,4,CZ,quantile,0.35,765.3651733398438
2026-09-16,ARI incidence,2026-10-04,4,CZ,quantile,0.4,779.9706420898438
2026-09-16,ARI incidence,2026-10-04,4,CZ,quantile,0.45,789.2804565429688
2026-09-16,ARI incidence,2026-10-04,4,CZ,quantile,0.5,804.8699951171875
2026-09-16,ARI incidence,2026-10-04,4,CZ,quantile,0.55,820.0254516601562
2026-09-16,ARI incidence,2026-10-04,4,CZ,quantile,0.6,834.7012329101562
2026-09-16,ARI incidence,2026-10-04,4,CZ,quantile,0.65,851.5738525390625
2026-09-16,ARI incidence,2026-10-04,4,CZ,quantile,0.7,869.6149291992188
2026-09-16,ARI incidence,2026-10-04,4,CZ,quantile,0.75,887.841796875
2026-09-16,ARI incidence,2026-10-04,4,CZ,quantile,0.8,910.274658203125
2026-09-16,ARI incidence,2026-10-04,4,CZ,quantile,0.85,935.5509033203125
2026-09-16,ARI incidence,2026-10-04,4,CZ,quantile,0.9,971.5700073242188
2026-09-16,ARI incidence,2026-10-04,4,CZ,quantile,0.95,1036.3187255859375
2026-09-16,ARI incidence,2026-10-04,4,CZ,quantile,0.975,1147.57666015625
2026-09-16,ARI incidence,2026-10-04,4,CZ,quantile,0.99,1214.331298828125
2026-09-16,ARI incidence,2026-09-13,1,DE,quantile,0.01,350.17791748046875
2026-09-16,ARI incidence,2026-09-13,1,DE,quantile,0.025,418.0186462402344
2026-09-16,ARI incidence,2026-09-13,1,DE,quantile,0.05,531.0864868164062
2026-09-16,ARI incidence,2026-09-13,1,DE,quantile,0.1,593.0877075195312
2026-09-16,ARI incidence,2026-09-13,1,DE,quantile,0.15,626.530517578125
2026-09-16,ARI incidence,2026-09-13,1,DE,quantile,0.2,651.7210693359375
2026-09-16,ARI incidence,2026-09-13,1,DE,quantile,0.25,668.0234985351562
2026-09-16,ARI incidence,2026-09-13,1,DE,quantile,0.3,685.9078369140625
2026-09-16,ARI incidence,2026-09-13,1,DE,quantile,0.35,704.1021118164062
2026-09-16,ARI incidence,2026-09-13,1,DE,quantile,0.4,720.28173828125
2026-09-16,ARI incidence,2026-09-13,1,DE,quantile,0.45,733.8881225585938
2026-09-16,ARI incidence,2026-09-13,1,DE,quantile,0.5,750.8766479492188
2026-09-16,ARI incidence,2026-09-13,1,DE,quantile,0.55,762.4500122070312
2026-09-16,ARI incidence,2026-09-13,1,DE,quantile,0.6,770.9796142578125
2026-09-16,ARI incidence,2026-09-13,1,DE,quantile,0.65,787.5501098632812
2026-09-16,ARI incidence,2026-09-13,1,DE,quantile,0.7,802.4248046875
2026-09-16,ARI incidence,2026-09-13,1,DE,quantile,0.75,819.5652465820312
2026-09-16,ARI incidence,2026-09-13,1,DE,quantile,0.8,843.1107177734375
2026-09-16,ARI incidence,2026-09-13,1,DE,quantile,0.85,868.587890625
2026-09-16,ARI incidence,2026-09-13,1,DE,quantile,0.9,901.7177734375
2026-09-16,ARI incidence,2026-09-13,1,DE,quantile,0.95,961.8577270507812
2026-09-16,ARI incidence,2026-09-13,1,DE,quantile,0.975,1100.492431640625
2026-09-16,ARI incidence,2026-09-13,1,DE,quantile,0.99,1183.673095703125
2026-09-16,ARI incidence,2026-09-20,2,DE,quantile,0.01,475.6966552734375
2026-09-16,ARI incidence,2026-09-20,2,DE,quantile,0.025,547.4755859375
2026-09-16,ARI incidence,2026-09-20,2,DE,quantile,0.05,667.1070556640625
2026-09-16,ARI incidence,2026-09-20,2,DE,quantile,0.1,732.6307983398438
2026-09-16,ARI incidence,2026-09-20,2,DE,quantile,0.15,769.20947265625
2026-09-16,ARI incidence,2026-09-20,2,DE,quantile,0.2,800.6943359375
2026-09-16,ARI incidence,2026-09-20,2,DE,quantile,0.25,825.954345703125
2026-09-16,ARI incidence,2026-09-20,2,DE,quantile,0.3,845.1504516601562
2026-09-16,ARI incidence,2026-09-20,2,DE,quantile,0.35,867.0416259765625
2026-09-16,ARI incidence,2026-09-20,2,DE,quantile,0.4,887.362060546875
2026-09-16,ARI incidence,2026-09-20,2,DE,quantile,0.45,902.7047119140625
2026-09-16,ARI incidence,2026-09-20,2,DE,quantile,0.5,922.6011352539062
2026-09-16,ARI incidence,2026-09-20,2,DE,quantile,0.55,941.6262817382812
2026-09-16,ARI incidence,2026-09-20,2,DE,quantile,0.6,961.24658203125
2026-09-16,ARI incidence,2026-09-20,2,DE,quantile,0.65,981.38916015625
2026-09-16,ARI incidence,2026-09-20,2,DE,quantile,0.7,1004.08935546875
2026-09-16,ARI incidence,2026-09-20,2,DE,quantile,0.75,1026.5838623046875
2026-09-16,ARI incidence,2026-09-20,2,DE,quantile,0.8,1049.387451171875
2026-09-16,ARI incidence,2026-09-20,2,DE,quantile,0.85,1082.6259765625
2026-09-16,ARI incidence,2026-09-20,2,DE,quantile,0.9,1125.4393310546875
2026-09-16,ARI incidence,2026-09-20,2,DE,quantile,0.95,1204.589111328125
2026-09-16,ARI incidence,2026-09-20,2,DE,quantile,0.975,1383.9053955078125
2026-09-16,ARI incidence,2026-09-20,2,DE,quantile,0.99,1491.494873046875
2026-09-16,ARI incidence,2026-09-27,3,DE,quantile,0.01,551.767578125
2026-09-16,ARI incidence,2026-09-27,3,DE,quantile,0.025,630.4940795898438
2026-09-16,ARI incidence,2026-09-27,3,DE,quantile,0.05,761.7049560546875
2026-09-16,ARI incidence,2026-09-27,3,DE,quantile,0.1,838.5005493164062
2026-09-16,ARI incidence,2026-09-27,3,DE,quantile,0.15,882.2342529296875
2026-09-16,ARI incidence,2026-09-27,3,DE,quantile,0.2,920.23388671875
2026-09-16,ARI incidence,2026-09-27,3,DE,quantile,0.25,948.2109375
2026-09-16,ARI incidence,2026-09-27,3,DE,quantile,0.3,972.77490234375
2026-09-16,ARI incidence,2026-09-27,3,DE,quantile,0.35,998.0404052734375
2026-09-16,ARI incidence,2026-09-27,3,DE,quantile,0.4,1016.6563720703125
2026-09-16,ARI incidence,2026-09-27,3,DE,quantile,0.45,1032.1982421875
2026-09-16,ARI incidence,2026-09-27,3,DE,quantile,0.5,1052.9046630859375
2026-09-16,ARI incidence,2026-09-27,3,DE,quantile,0.55,1074.48583984375
2026-09-16,ARI incidence,2026-09-27,3,DE,quantile,0.6,1096.3887939453125
2026-09-16,ARI incidence,2026-09-27,3,DE,quantile,0.65,1116.86669921875
2026-09-16,ARI incidence,2026-09-27,3,DE,quantile,0.7,1142.2100830078125
2026-09-16,ARI incidence,2026-09-27,3,DE,quantile,0.75,1171.4439697265625
2026-09-16,ARI incidence,2026-09-27,3,DE,quantile,0.8,1204.7431640625
2026-09-16,ARI incidence,2026-09-27,3,DE,quantile,0.85,1246.412109375
2026-09-16,ARI incidence,2026-09-27,3,DE,quantile,0.9,1305.457275390625
2026-09-16,ARI incidence,2026-09-27,3,DE,quantile,0.95,1407.7213134765625
2026-09-16,ARI incidence,2026-09-27,3,DE,quantile,0.975,1613.8367919921875
2026-09-16,ARI incidence,2026-09-27,3,DE,quantile,0.99,1737.5057373046875
2026-09-16,ARI incidence,2026-10-04,4,DE,quantile,0.01,519.5479736328125
2026-09-16,ARI incidence,2026-10-04,4,DE,quantile,0.025,606.82958984375
2026-09-16,ARI incidence,2026-10-04,4,DE,quantile,0.05,752.2990112304688
2026-09-16,ARI incidence,2026-10-04,4,DE,quantile,0.1,846.144287109375
2026-09-16,ARI incidence,2026-10-04,4,DE,quantile,0.15,904.5537109375
2026-09-16,ARI incidence,2026-10-04,4,DE,quantile,0.2,941.5789794921875
2026-09-16,ARI incidence,2026-10-04,4,DE,quantile,0.25,974.940673828125
2026-09-16,ARI incidence,2026-10-04,4,DE,quantile,0.3,1001.7330322265625
2026-09-16,ARI incidence,2026-10-04,4,DE,quantile,0.35,1020.5985107421875
2026-09-16,ARI incidence,2026-10-04,4,DE,quantile,0.4,1043.9609375
2026-09-16,ARI incidence,2026-10-04,4,DE,quantile,0.45,1058.9556884765625
2026-09-16,ARI incidence,2026-10-04,4,DE,quantile,0.5,1085.2271728515625
2026-09-16,ARI incidence,2026-10-04,4,DE,quantile,0.55,1108.7445068359375
2026-09-16,ARI incidence,2026-10-04,4,DE,quantile,0.6,1133.584716796875
2026-09-16,ARI incidence,2026-10-04,4,DE,quantile,0.65,1162.505615234375
2026-09-16,ARI incidence,2026-10-04,4,DE,quantile,0.7,1193.279296875
2026-09-16,ARI incidence,2026-10-04,4,DE,quantile,0.75,1224.842529296875
2026-09-16,ARI incidence,2026-10-04,4,DE,quantile,0.8,1262.2841796875
2026-09-16,ARI incidence,2026-10-04,4,DE,quantile,0.85,1307.9862060546875
2026-09-16,ARI incidence,2026-10-04,4,DE,quantile,0.9,1372.568603515625
2026-09-16,ARI incidence,2026-10-04,4,DE,quantile,0.95,1491.526123046875
2026-09-16,ARI incidence,2026-10-04,4,DE,quantile,0.975,1721.6392822265625
2026-09-16,ARI incidence,2026-10-04,4,DE,quantile,0.99,1859.706787109375
2026-09-16,ARI incidence,2026-09-13,1,EE,quantile,0.01,75.18072509765625
2026-09-16,ARI incidence,2026-09-13,1,EE,quantile,0.025,98.15036010742188
2026-09-16,ARI incidence,2026-09-13,1,EE,quantile,0.05,136.43307495117188
2026-09-16,ARI incidence,2026-09-13,1,EE,quantile,0.1,157.8343505859375
2026-09-16,ARI incidence,2026-09-13,1,EE,quantile,0.15,169.77252197265625
2026-09-16,ARI incidence,2026-09-13,1,EE,quantile,0.2,178.62338256835938
2026-09-16,ARI incidence,2026-09-13,1,EE,quantile,0.25,185.46266174316406
2026-09-16,ARI incidence,2026-09-13,1,EE,quantile,0.3,191.62924194335938
2026-09-16,ARI incidence,2026-09-13,1,EE,quantile,0.35,197.5122833251953
2026-09-16,ARI incidence,2026-09-13,1,EE,quantile,0.4,203.1649932861328
2026-09-16,ARI incidence,2026-09-13,1,EE,quantile,0.45,208.2522430419922
2026-09-16,ARI incidence,2026-09-13,1,EE,quantile,0.5,213.88490295410156
2026-09-16,ARI incidence,2026-09-13,1,EE,quantile,0.55,219.32296752929688
2026-09-16,ARI incidence,2026-09-13,1,EE,quantile,0.6,224.785888671875
2026-09-16,ARI incidence,2026-09-13,1,EE,quantile,0.65,230.82028198242188
2026-09-16,ARI incidence,2026-09-13,1,EE,quantile,0.7,237.490234375
2026-09-16,ARI incidence,2026-09-13,1,EE,quantile,0.75,245.13876342773438
2026-09-16,ARI incidence,2026-09-13,1,EE,quantile,0.8,254.31163024902344
2026-09-16,ARI incidence,2026-09-13,1,EE,quantile,0.85,265.9454650878906
2026-09-16,ARI incidence,2026-09-13,1,EE,quantile,0.9,280.23846435546875
2026-09-16,ARI incidence,2026-09-13,1,EE,quantile,0.95,302.5123596191406
2026-09-16,ARI incidence,2026-09-13,1,EE,quantile,0.975,335.96014404296875
2026-09-16,ARI incidence,2026-09-13,1,EE,quantile,0.99,356.02874755859375
2026-09-16,ARI incidence,2026-09-20,2,EE,quantile,0.01,92.34706115722656
2026-09-16,ARI incidence,2026-09-20,2,EE,quantile,0.025,116.81874084472656
2026-09-16,ARI incidence,2026-09-20,2,EE,quantile,0.05,157.60487365722656
2026-09-16,ARI incidence,2026-09-20,2,EE,quantile,0.1,181.99673461914062
2026-09-16,ARI incidence,2026-09-20,2,EE,quantile,0.15,196.91720581054688
2026-09-16,ARI incidence,2026-09-20,2,EE,quantile,0.2,208.22406005859375
2026-09-16,ARI incidence,2026-09-20,2,EE,quantile,0.25,217.23179626464844
2026-09-16,ARI incidence,2026-09-20,2,EE,quantile,0.3,225.01092529296875
2026-09-16,ARI incidence,2026-09-20,2,EE,quantile,0.35,232.678955078125
2026-09-16,ARI incidence,2026-09-20,2,EE,quantile,0.4,240.19337463378906
2026-09-16,ARI incidence,2026-09-20,2,EE,quantile,0.45,247.0520477294922
2026-09-16,ARI incidence,2026-09-20,2,EE,quantile,0.5,253.8132781982422
2026-09-16,ARI incidence,2026-09-20,2,EE,quantile,0.55,261.3802185058594
2026-09-16,ARI incidence,2026-09-20,2,EE,quantile,0.6,268.6133728027344
2026-09-16,ARI incidence,2026-09-20,2,EE,quantile,0.65,276.7579650878906
2026-09-16,ARI incidence,2026-09-20,2,EE,quantile,0.7,285.30126953125
2026-09-16,ARI incidence,2026-09-20,2,EE,quantile,0.75,295.102783203125
2026-09-16,ARI incidence,2026-09-20,2,EE,quantile,0.8,306.32904052734375
2026-09-16,ARI incidence,2026-09-20,2,EE,quantile,0.85,320.774658203125
2026-09-16,ARI incidence,2026-09-20,2,EE,quantile,0.9,339.8723449707031
2026-09-16,ARI incidence,2026-09-20,2,EE,quantile,0.95,374.32916259765625
2026-09-16,ARI incidence,2026-09-20,2,EE,quantile,0.975,430.93658447265625
2026-09-16,ARI incidence,2026-09-20,2,EE,quantile,0.99,464.90093994140625
2026-09-16,ARI incidence,2026-09-27,3,EE,quantile,0.01,101.95256042480469
2026-09-16,ARI incidence,2026-09-27,3,EE,quantile,0.025,129.1889190673828
2026-09-16,ARI incidence,2026-09-27,3,EE,quantile,0.05,174.5828399658203
2026-09-16,ARI incidence,2026-09-27,3,EE,quantile,0.1,201.97161865234375
2026-09-16,ARI incidence,2026-09-27,3,EE,quantile,0.15,217.47833251953125
2026-09-16,ARI incidence,2026-09-27,3,EE,quantile,0.2,230.2132568359375
2026-09-16,ARI incidence,2026-09-27,3,EE,quantile,0.25,240.93405151367188
2026-09-16,ARI incidence,2026-09-27,3,EE,quantile,0.3,251.11138916015625
2026-09-16,ARI incidence,2026-09-27,3,EE,quantile,0.35,260.2333679199219
2026-09-16,ARI incidence,2026-09-27,3,EE,quantile,0.4,268.6376647949219
2026-09-16,ARI incidence,2026-09-27,3,EE,quantile,0.45,276.3179931640625
2026-09-16,ARI incidence,2026-09-27,3,EE,quantile,0.5,285.64886474609375
2026-09-16,ARI incidence,2026-09-27,3,EE,quantile,0.55,294.77508544921875
2026-09-16,ARI incidence,2026-09-27,3,EE,quantile,0.6,303.91705322265625
2026-09-16,ARI incidence,2026-09-27,3,EE,quantile,0.65,313.0336608886719
2026-09-16,ARI incidence,2026-09-27,3,EE,quantile,0.7,323.3739929199219
2026-09-16,ARI incidence,2026-09-27,3,EE,quantile,0.75,336.0125427246094
2026-09-16,ARI incidence,2026-09-27,3,EE,quantile,0.8,349.2779235839844
2026-09-16,ARI incidence,2026-09-27,3,EE,quantile,0.85,367.04669189453125
2026-09-16,ARI incidence,2026-09-27,3,EE,quantile,0.9,390.6416931152344
2026-09-16,ARI incidence,2026-09-27,3,EE,quantile,0.95,430.29400634765625
2026-09-16,ARI incidence,2026-09-27,3,EE,quantile,0.975,501.63299560546875
2026-09-16,ARI incidence,2026-09-27,3,EE,quantile,0.99,544.436279296875
2026-09-16,ARI incidence,2026-10-04,4,EE,quantile,0.01,108.50634002685547
2026-09-16,ARI incidence,2026-10-04,4,EE,quantile,0.025,135.85723876953125
2026-09-16,ARI incidence,2026-10-04,4,EE,quantile,0.05,181.44204711914062
2026-09-16,ARI incidence,2026-10-04,4,EE,quantile,0.1,211.57534790039062
2026-09-16,ARI incidence,2026-10-04,4,EE,quantile,0.15,230.8370361328125
2026-09-16,ARI incidence,2026-10-04,4,EE,quantile,0.2,244.94387817382812
2026-09-16,ARI incidence,2026-10-04,4,EE,quantile,0.25,257.2869567871094
2026-09-16,ARI incidence,2026-10-04,4,EE,quantile,0.3,269.13128662109375
2026-09-16,ARI incidence,2026-10-04,4,EE,quantile,0.35,278.57647705078125
2026-09-16,ARI incidence,2026-10-04,4,EE,quantile,0.4,289.020263671875
2026-09-16,ARI incidence,2026-10-04,4,EE,quantile,0.45,296.826416015625
2026-09-16,ARI incidence,2026-10-04,4,EE,quantile,0.5,307.452392578125
2026-09-16,ARI incidence,2026-10-04,4,EE,quantile,0.55,318.1211242675781
2026-09-16,ARI incidence,2026-10-04,4,EE,quantile,0.6,328.5764465332031
2026-09-16,ARI incidence,2026-10-04,4,EE,quantile,0.65,339.75531005859375
2026-09-16,ARI incidence,2026-10-04,4,EE,quantile,0.7,352.3308410644531
2026-09-16,ARI incidence,2026-10-04,4,EE,quantile,0.75,366.30816650390625
2026-09-16,ARI incidence,2026-10-04,4,EE,quantile,0.8,382.81365966796875
2026-09-16,ARI incidence,2026-10-04,4,EE,quantile,0.85,402.8184814453125
2026-09-16,ARI incidence,2026-10-04,4,EE,quantile,0.9,430.57037353515625
2026-09-16,ARI incidence,2026-10-04,4,EE,quantile,0.95,480.6751708984375
2026-09-16,ARI incidence,2026-10-04,4,EE,quantile,0.975,565.3294677734375
2026-09-16,ARI incidence,2026-10-04,4,EE,quantile,0.99,616.1219482421875
2026-09-16,ARI incidence,2026-09-13,1,ES,quantile,0.01,173.1102294921875
2026-09-16,ARI incidence,2026-09-13,1,ES,quantile,0.025,190.69873046875
2026-09-16,ARI incidence,2026-09-13,1,ES,quantile,0.05,220.01287841796875
2026-09-16,ARI incidence,2026-09-13,1,ES,quantile,0.1,235.60455322265625
2026-09-16,ARI incidence,2026-09-13,1,ES,quantile,0.15,244.853271484375
2026-09-16,ARI incidence,2026-09-13,1,ES,quantile,0.2,251.2608184814453
2026-09-16,ARI incidence,2026-09-13,1,ES,quantile,0.25,255.32191467285156
2026-09-16,ARI incidence,2026-09-13,1,ES,quantile,0.3,259.12896728515625
2026-09-16,ARI incidence,2026-09-13,1,ES,quantile,0.35,262.9111633300781
2026-09-16,ARI incidence,2026-09-13,1,ES,quantile,0.4,266.44573974609375
2026-09-16,ARI incidence,2026-09-13,1,ES,quantile,0.45,269.49151611328125
2026-09-16,ARI incidence,2026-09-13,1,ES,quantile,0.5,273.53668212890625
2026-09-16,ARI incidence,2026-09-13,1,ES,quantile,0.55,275.85345458984375
2026-09-16,ARI incidence,2026-09-13,1,ES,quantile,0.6,278.26947021484375
2026-09-16,ARI incidence,2026-09-13,1,ES,quantile,0.65,283.5975646972656
2026-09-16,ARI incidence,2026-09-13,1,ES,quantile,0.7,288.86126708984375
2026-09-16,ARI incidence,2026-09-13,1,ES,quantile,0.75,293.7711181640625
2026-09-16,ARI incidence,2026-09-13,1,ES,quantile,0.8,301.63104248046875
2026-09-16,ARI incidence,2026-09-13,1,ES,quantile,0.85,311.10784912109375
2026-09-16,ARI incidence,2026-09-13,1,ES,quantile,0.9,324.0440673828125
2026-09-16,ARI incidence,2026-09-13,1,ES,quantile,0.95,346.41363525390625
2026-09-16,ARI incidence,2026-09-13,1,ES,quantile,0.975,395.0370788574219
2026-09-16,ARI incidence,2026-09-13,1,ES,quantile,0.99,424.2110595703125
2026-09-16,ARI incidence,2026-09-20,2,ES,quantile,0.01,212.7720947265625
2026-09-16,ARI incidence,2026-09-20,2,ES,quantile,0.025,231.85336303710938
2026-09-16,ARI incidence,2026-09-20,2,ES,quantile,0.05,263.65545654296875
2026-09-16,ARI incidence,2026-09-20,2,ES,quantile,0.1,282.5723876953125
2026-09-16,ARI incidence,2026-09-20,2,ES,quantile,0.15,294.3358459472656
2026-09-16,ARI incidence,2026-09-20,2,ES,quantile,0.2,302.8846740722656
2026-09-16,ARI incidence,2026-09-20,2,ES,quantile,0.25,310.0845642089844
2026-09-16,ARI incidence,2026-09-20,2,ES,quantile,0.3,315.8277282714844
2026-09-16,ARI incidence,2026-09-20,2,ES,quantile,0.35,322.3380432128906
2026-09-16,ARI incidence,2026-09-20,2,ES,quantile,0.4,327.7593078613281
2026-09-16,ARI incidence,2026-09-20,2,ES,quantile,0.45,332.4112548828125
2026-09-16,ARI incidence,2026-09-20,2,ES,quantile,0.5,338.0686950683594
2026-09-16,ARI incidence,2026-09-20,2,ES,quantile,0.55,342.7394714355469
2026-09-16,ARI incidence,2026-09-20,2,ES,quantile,0.6,349.0141906738281
2026-09-16,ARI incidence,2026-09-20,2,ES,quantile,0.65,355.26531982421875
2026-09-16,ARI incidence,2026-09-20,2,ES,quantile,0.7,361.5856628417969
2026-09-16,ARI incidence,2026-09-20,2,ES,quantile,0.75,369.58331298828125
2026-09-16,ARI incidence,2026-09-20,2,ES,quantile,0.8,377.90301513671875
2026-09-16,ARI incidence,2026-09-20,2,ES,quantile,0.85,389.8020935058594
2026-09-16,ARI incidence,2026-09-20,2,ES,quantile,0.9,406.1220703125
2026-09-16,ARI incidence,2026-09-20,2,ES,quantile,0.95,434.46307373046875
2026-09-16,ARI incidence,2026-09-20,2,ES,quantile,0.975,494.7003173828125
2026-09-16,ARI incidence,2026-09-20,2,ES,quantile,0.99,530.8425903320312
2026-09-16,ARI incidence,2026-09-27,3,ES,quantile,0.01,251.86990356445312
2026-09-16,ARI incidence,2026-09-27,3,ES,quantile,0.025,272.8315734863281
2026-09-16,ARI incidence,2026-09-27,3,ES,quantile,0.05,307.7676696777344
2026-09-16,ARI incidence,2026-09-27,3,ES,quantile,0.1,330.2220458984375
2026-09-16,ARI incidence,2026-09-27,3,ES,quantile,0.15,342.98260498046875
2026-09-16,ARI incidence,2026-09-27,3,ES,quantile,0.2,352.9144592285156
2026-09-16,ARI incidence,2026-09-27,3,ES,quantile,0.25,361.16748046875
2026-09-16,ARI incidence,2026-09-27,3,ES,quantile,0.3,368.88330078125
2026-09-16,ARI incidence,2026-09-27,3,ES,quantile,0.35,375.832275390625
2026-09-16,ARI incidence,2026-09-27,3,ES,quantile,0.4,382.2664489746094
2026-09-16,ARI incidence,2026-09-27,3,ES,quantile,0.45,387.58477783203125
2026-09-16,ARI incidence,2026-09-27,3,ES,quantile,0.5,394.5695495605469
2026-09-16,ARI incidence,2026-09-27,3,ES,quantile,0.55,401.3394470214844
2026-09-16,ARI incidence,2026-09-27,3,ES,quantile,0.6,407.9425964355469
2026-09-16,ARI incidence,2026-09-27,3,ES,quantile,0.65,414.9877014160156
2026-09-16,ARI incidence,2026-09-27,3,ES,quantile,0.7,423.64324951171875
2026-09-16,ARI incidence,2026-09-27,3,ES,quantile,0.75,433.448974609375
2026-09-16,ARI incidence,2026-09-27,3,ES,quantile,0.8,445.3421630859375
2026-09-16,ARI incidence,2026-09-27,3,ES,quantile,0.85,460.5863037109375
2026-09-16,ARI incidence,2026-09-27,3,ES,quantile,0.9,482.4580993652344
2026-09-16,ARI incidence,2026-09-27,3,ES,quantile,0.95,516.5088500976562
2026-09-16,ARI incidence,2026-09-27,3,ES,quantile,0.975,586.7399291992188
2026-09-16,ARI incidence,2026-09-27,3,ES,quantile,0.99,628.8784790039062
2026-09-16,ARI incidence,2026-10-04,4,ES,quantile,0.01,259.18072509765625
2026-09-16,ARI incidence,2026-10-04,4,ES,quantile,0.025,280.3891906738281
2026-09-16,ARI incidence,2026-10-04,4,ES,quantile,0.05,315.73663330078125
2026-09-16,ARI incidence,2026-10-04,4,ES,quantile,0.1,340.4769287109375
2026-09-16,ARI incidence,2026-10-04,4,ES,quantile,0.15,355.4501953125
2026-09-16,ARI incidence,2026-10-04,4,ES,quantile,0.2,365.94854736328125
2026-09-16,ARI incidence,2026-10-04,4,ES,quantile,0.25,375.01666259765625
2026-09-16,ARI incidence,2026-10-04,4,ES,quantile,0.3,383.3407287597656
2026-09-16,ARI incidence,2026-10-04,4,ES,quantile,0.35,390.0433349609375
2026-09-16,ARI incidence,2026-10-04,4,ES,quantile,0.4,397.6528625488281
2026-09-16,ARI incidence,2026-10-04,4,ES,quantile,0.45,403.29461669921875
2026-09-16,ARI incidence,2026-10-04,4,ES,quantile,0.5,411.3712463378906
2026-09-16,ARI incidence,2026-10-04,4,ES,quantile,0.55,419.62908935546875
2026-09-16,ARI incidence,2026-10-04,4,ES,quantile,0.6,427.73828125
2026-09-16,ARI incidence,2026-10-04,4,ES,quantile,0.65,436.986083984375
2026-09-16,ARI incidence,2026-10-04,4,ES,quantile,0.7,446.6259460449219
2026-09-16,ARI incidence,2026-10-04,4,ES,quantile,0.75,458.083984375
2026-09-16,ARI incidence,2026-10-04,4,ES,quantile,0.8,471.52154541015625
2026-09-16,ARI incidence,2026-10-04,4,ES,quantile,0.85,488.1901550292969
2026-09-16,ARI incidence,2026-10-04,4,ES,quantile,0.9,511.5088195800781
2026-09-16,ARI incidence,2026-10-04,4,ES,quantile,0.95,554.7518310546875
2026-09-16,ARI incidence,2026-10-04,4,ES,quantile,0.975,635.933837890625
2026-09-16,ARI incidence,2026-10-04,4,ES,quantile,0.99,684.6428833007812
2026-09-16,ARI incidence,2026-09-13,1,FI,quantile,0.01,1715.330322265625
2026-09-16,ARI incidence,2026-09-13,1,FI,quantile,0.025,1799.5885009765625
2026-09-16,ARI incidence,2026-09-13,1,FI,quantile,0.05,1940.0189208984375
2026-09-16,ARI incidence,2026-09-13,1,FI,quantile,0.1,2028.2347412109375
2026-09-16,ARI incidence,2026-09-13,1,FI,quantile,0.15,2086.48583984375
2026-09-16,ARI incidence,2026-09-13,1,FI,quantile,0.2,2134.17138671875
2026-09-16,ARI incidence,2026-09-13,1,FI,quantile,0.25,2176.18701171875
2026-09-16,ARI incidence,2026-09-13,1,FI,quantile,0.3,2213.45263671875
2026-09-16,ARI incidence,2026-09-13,1,FI,quantile,0.35,2251.3759765625
2026-09-16,ARI incidence,2026-09-13,1,FI,quantile,0.4,2291.23193359375
2026-09-16,ARI incidence,2026-09-13,1,FI,quantile,0.45,2330.5341796875
2026-09-16,ARI incidence,2026-09-13,1,FI,quantile,0.5,2374.14404296875
2026-09-16,ARI incidence,2026-09-13,1,FI,quantile,0.55,2416.493896484375
2026-09-16,ARI incidence,2026-09-13,1,FI,quantile,0.6,2460.33740234375
2026-09-16,ARI incidence,2026-09-13,1,FI,quantile,0.65,2502.17041015625
2026-09-16,ARI incidence,2026-09-13,1,FI,quantile,0.7,2552.670166015625
2026-09-16,ARI incidence,2026-09-13,1,FI,quantile,0.75,2609.614990234375
2026-09-16,ARI incidence,2026-09-13,1,FI,quantile,0.8,2679.34228515625
2026-09-16,ARI incidence,2026-09-13,1,FI,quantile,0.85,2766.935302734375
2026-09-16,ARI incidence,2026-09-13,1,FI,quantile,0.9,2884.319580078125
2026-09-16,ARI incidence,2026-09-13,1,FI,quantile,0.95,3119.000244140625
2026-09-16,ARI incidence,2026-09-13,1,FI,quantile,0.975,4388.61962890625
2026-09-16,ARI incidence,2026-09-13,1,FI,quantile,0.99,5150.3896484375
2026-09-16,ARI incidence,2026-09-20,2,FI,quantile,0.01,1739.579833984375
2026-09-16,ARI incidence,2026-09-20,2,FI,quantile,0.025,1826.18701171875
2026-09-16,ARI incidence,2026-09-20,2,FI,quantile,0.05,1970.5322265625
2026-09-16,ARI incidence,2026-09-20,2,FI,quantile,0.1,2066.939697265625
2026-09-16,ARI incidence,2026-09-20,2,FI,quantile,0.15,2133.44775390625
2026-09-16,ARI incidence,2026-09-20,2,FI,quantile,0.2,2188.130126953125
2026-09-16,ARI incidence,2026-09-20,2,FI,quantile,0.25,2233.106201171875
2026-09-16,ARI incidence,2026-09-20,2,FI,quantile,0.3,2276.5205078125
2026-09-16,ARI incidence,2026-09-20,2,FI,quantile,0.35,2316.70166015625
2026-09-16,ARI incidence,2026-09-20,2,FI,quantile,0.4,2356.23193359375
2026-09-16,ARI incidence,2026-09-20,2,FI,quantile,0.45,2397.031982421875
2026-09-16,ARI incidence,2026-09-20,2,FI,quantile,0.5,2440.83251953125
2026-09-16,ARI incidence,2026-09-20,2,FI,quantile,0.55,2490.79150390625
2026-09-16,ARI incidence,2026-09-20,2,FI,quantile,0.6,2535.53955078125
2026-09-16,ARI incidence,2026-09-20,2,FI,quantile,0.65,2587.1162109375
2026-09-16,ARI incidence,2026-09-20,2,FI,quantile,0.7,2645.675537109375
2026-09-16,ARI incidence,2026-09-20,2,FI,quantile,0.75,2704.321044921875
2026-09-16,ARI incidence,2026-09-20,2,FI,quantile,0.8,2779.98486328125
2026-09-16,ARI incidence,2026-09-20,2,FI,quantile,0.85,2868.99169921875
2026-09-16,ARI incidence,2026-09-20,2,FI,quantile,0.9,2979.737060546875
2026-09-16,ARI incidence,2026-09-20,2,FI,quantile,0.95,3209.95849609375
2026-09-16,ARI incidence,2026-09-20,2,FI,quantile,0.975,4513.4873046875
2026-09-16,ARI incidence,2026-09-20,2,FI,quantile,0.99,5295.6025390625
2026-09-16,ARI incidence,2026-09-27,3,FI,quantile,0.01,1772.015869140625
2026-09-16,ARI incidence,2026-09-27,3,FI,quantile,0.025,1859.8134765625
2026-09-16,ARI incidence,2026-09-27,3,FI,quantile,0.05,2006.1427001953125
2026-09-16,ARI incidence,2026-09-27,3,FI,quantile,0.1,2106.917236328125
2026-09-16,ARI incidence,2026-09-27,3,FI,quantile,0.15,2177.48876953125
2026-09-16,ARI incidence,2026-09-27,3,FI,quantile,0.2,2238.8740234375
2026-09-16,ARI incidence,2026-09-27,3,FI,quantile,0.25,2288.506591796875
2026-09-16,ARI incidence,2026-09-27,3,FI,quantile,0.3,2336.03955078125
2026-09-16,ARI incidence,2026-09-27,3,FI,quantile,0.35,2379.40478515625
2026-09-16,ARI incidence,2026-09-27,3,FI,quantile,0.4,2425.419677734375
2026-09-16,ARI incidence,2026-09-27,3,FI,quantile,0.45,2470.093017578125
2026-09-16,ARI incidence,2026-09-27,3,FI,quantile,0.5,2519.32568359375
2026-09-16,ARI incidence,2026-09-27,3,FI,quantile,0.55,2569.855712890625
2026-09-16,ARI incidence,2026-09-27,3,FI,quantile,0.6,2625.47705078125
2026-09-16,ARI incidence,2026-09-27,3,FI,quantile,0.65,2680.785400390625
2026-09-16,ARI incidence,2026-09-27,3,FI,quantile,0.7,2749.6533203125
2026-09-16,ARI incidence,2026-09-27,3,FI,quantile,0.75,2822.0673828125
2026-09-16,ARI incidence,2026-09-27,3,FI,quantile,0.8,2909.322509765625
2026-09-16,ARI incidence,2026-09-27,3,FI,quantile,0.85,3011.5166015625
2026-09-16,ARI incidence,2026-09-27,3,FI,quantile,0.9,3141.3076171875
2026-09-16,ARI incidence,2026-09-27,3,FI,quantile,0.95,3393.21337890625
2026-09-16,ARI incidence,2026-09-27,3,FI,quantile,0.975,4759.3583984375
2026-09-16,ARI incidence,2026-09-27,3,FI,quantile,0.99,5579.0439453125
2026-09-16,ARI incidence,2026-10-04,4,FI,quantile,0.01,1748.13671875
2026-09-16,ARI incidence,2026-10-04,4,FI,quantile,0.025,1839.8720703125
2026-09-16,ARI incidence,2026-10-04,4,FI,quantile,0.05,1992.7642822265625
2026-09-16,ARI incidence,2026-10-04,4,FI,quantile,0.1,2099.796630859375
2026-09-16,ARI incidence,2026-10-04,4,FI,quantile,0.15,2176.517822265625
2026-09-16,ARI incidence,2026-10-04,4,FI,quantile,0.2,2246.61474609375
2026-09-16,ARI incidence,2026-10-04,4,FI,quantile,0.25,2303.77294921875
2026-09-16,ARI incidence,2026-10-04,4,FI,quantile,0.3,2353.0244140625
2026-09-16,ARI incidence,2026-10-04,4,FI,quantile,0.35,2400.930908203125
2026-09-16,ARI incidence,2026-10-04,4,FI,quantile,0.4,2449.94482421875
2026-09-16,ARI incidence,2026-10-04,4,FI,quantile,0.45,2496.01416015625
2026-09-16,ARI incidence,2026-10-04,4,FI,quantile,0.5,2546.379638671875
2026-09-16,ARI incidence,2026-10-04,4,FI,quantile,0.55,2599.614990234375
2026-09-16,ARI incidence,2026-10-04,4,FI,quantile,0.6,2655.69091796875
2026-09-16,ARI incidence,2026-10-04,4,FI,quantile,0.65,2712.379638671875
2026-09-16,ARI incidence,2026-10-04,4,FI,quantile,0.7,2780.095947265625
2026-09-16,ARI incidence,2026-10-04,4,FI,quantile,0.75,2856.97216796875
2026-09-16,ARI incidence,2026-10-04,4,FI,quantile,0.8,2946.203369140625
2026-09-16,ARI incidence,2026-10-04,4,FI,quantile,0.85,3048.078369140625
2026-09-16,ARI incidence,2026-10-04,4,FI,quantile,0.9,3180.615234375
2026-09-16,ARI incidence,2026-10-04,4,FI,quantile,0.95,3442.962646484375
2026-09-16,ARI incidence,2026-10-04,4,FI,quantile,0.975,4834.98779296875
2026-09-16,ARI incidence,2026-10-04,4,FI,quantile,0.99,5670.201171875
2026-09-16,ARI incidence,2026-09-13,1,FR,quantile,0.01,49.229705810546875
2026-09-16,ARI incidence,2026-09-13,1,FR,quantile,0.025,57.941768646240234
2026-09-16,ARI incidence,2026-09-13,1,FR,quantile,0.05,72.46186828613281
2026-09-16,ARI incidence,2026-09-13,1,FR,quantile,0.1,82.0494384765625
2026-09-16,ARI incidence,2026-09-13,1,FR,quantile,0.15,88.05226135253906
2026-09-16,ARI incidence,2026-09-13,1,FR,quantile,0.2,93.10945892333984
2026-09-16,ARI incidence,2026-09-13,1,FR,quantile,0.25,97.19856262207031
2026-09-16,ARI incidence,2026-09-13,1,FR,quantile,0.3,100.62068939208984
2026-09-16,ARI incidence,2026-09-13,1,FR,quantile,0.35,103.9276123046875
2026-09-16,ARI incidence,2026-09-13,1,FR,quantile,0.4,107.52469635009766
2026-09-16,ARI incidence,2026-09-13,1,FR,quantile,0.45,110.81734466552734
2026-09-16,ARI incidence,2026-09-13,1,FR,quantile,0.5,114.40364837646484
2026-09-16,ARI incidence,2026-09-13,1,FR,quantile,0.55,117.94444274902344
2026-09-16,ARI incidence,2026-09-13,1,FR,quantile,0.6,121.82203674316406
2026-09-16,ARI incidence,2026-09-13,1,FR,quantile,0.65,125.45576477050781
2026-09-16,ARI incidence,2026-09-13,1,FR,quantile,0.7,129.7681427001953
2026-09-16,ARI incidence,2026-09-13,1,FR,quantile,0.75,134.0167694091797
2026-09-16,ARI incidence,2026-09-13,1,FR,quantile,0.8,139.2610626220703
2026-09-16,ARI incidence,2026-09-13,1,FR,quantile,0.85,145.51834106445312
2026-09-16,ARI incidence,2026-09-13,1,FR,quantile,0.9,153.09815979003906
2026-09-16,ARI incidence,2026-09-13,1,FR,quantile,0.95,167.1336669921875
2026-09-16,ARI incidence,2026-09-13,1,FR,quantile,0.975,188.83921813964844
2026-09-16,ARI incidence,2026-09-13,1,FR,quantile,0.99,201.86251831054688
2026-09-16,ARI incidence,2026-09-20,2,FR,quantile,0.01,60.16154479980469
2026-09-16,ARI incidence,2026-09-20,2,FR,quantile,0.025,70.29814147949219
2026-09-16,ARI incidence,2026-09-20,2,FR,quantile,0.05,87.19245910644531
2026-09-16,ARI incidence,2026-09-20,2,FR,quantile,0.1,98.67176055908203
2026-09-16,ARI incidence,2026-09-20,2,FR,quantile,0.15,106.18955993652344
2026-09-16,ARI incidence,2026-09-20,2,FR,quantile,0.2,112.10774993896484
2026-09-16,ARI incidence,2026-09-20,2,FR,quantile,0.25,117.3525619506836
2026-09-16,ARI incidence,2026-09-20,2,FR,quantile,0.3,121.96460723876953
2026-09-16,ARI incidence,2026-09-20,2,FR,quantile,0.35,125.91902160644531
2026-09-16,ARI incidence,2026-09-20,2,FR,quantile,0.4,130.09295654296875
2026-09-16,ARI incidence,2026-09-20,2,FR,quantile,0.45,133.53475952148438
2026-09-16,ARI incidence,2026-09-20,2,FR,quantile,0.5,137.6394805908203
2026-09-16,ARI incidence,2026-09-20,2,FR,quantile,0.55,141.2712860107422
2026-09-16,ARI incidence,2026-09-20,2,FR,quantile,0.6,145.46102905273438
2026-09-16,ARI incidence,2026-09-20,2,FR,quantile,0.65,148.94647216796875
2026-09-16,ARI incidence,2026-09-20,2,FR,quantile,0.7,153.34951782226562
2026-09-16,ARI incidence,2026-09-20,2,FR,quantile,0.75,158.30429077148438
2026-09-16,ARI incidence,2026-09-20,2,FR,quantile,0.8,163.71885681152344
2026-09-16,ARI incidence,2026-09-20,2,FR,quantile,0.85,170.44314575195312
2026-09-16,ARI incidence,2026-09-20,2,FR,quantile,0.9,178.9833221435547
2026-09-16,ARI incidence,2026-09-20,2,FR,quantile,0.95,193.4354705810547
2026-09-16,ARI incidence,2026-09-20,2,FR,quantile,0.975,214.58387756347656
2026-09-16,ARI incidence,2026-09-20,2,FR,quantile,0.99,227.27288818359375
2026-09-16,ARI incidence,2026-09-27,3,FR,quantile,0.01,64.16142272949219
2026-09-16,ARI incidence,2026-09-27,3,FR,quantile,0.025,75.276123046875
2026-09-16,ARI incidence,2026-09-27,3,FR,quantile,0.05,93.80062103271484
2026-09-16,ARI incidence,2026-09-27,3,FR,quantile,0.1,107.14164733886719
2026-09-16,ARI incidence,2026-09-27,3,FR,quantile,0.15,115.75931549072266
2026-09-16,ARI incidence,2026-09-27,3,FR,quantile,0.2,122.30321502685547
2026-09-16,ARI incidence,2026-09-27,3,FR,quantile,0.25,127.78752136230469
2026-09-16,ARI incidence,2026-09-27,3,FR,quantile,0.3,132.7562255859375
2026-09-16,ARI incidence,2026-09-27,3,FR,quantile,0.35,137.20907592773438
2026-09-16,ARI incidence,2026-09-27,3,FR,quantile,0.4,141.634521484375
2026-09-16,ARI incidence,2026-09-27,3,FR,quantile,0.45,145.50567626953125
2026-09-16,ARI incidence,2026-09-27,3,FR,quantile,0.5,149.8533935546875
2026-09-16,ARI incidence,2026-09-27,3,FR,quantile,0.55,154.69808959960938
2026-09-16,ARI incidence,2026-09-27,3,FR,quantile,0.6,159.0001678466797
2026-09-16,ARI incidence,2026-09-27,3,FR,quantile,0.65,163.3721923828125
2026-09-16,ARI incidence,2026-09-27,3,FR,quantile,0.7,167.87034606933594
2026-09-16,ARI incidence,2026-09-27,3,FR,quantile,0.75,173.0307159423828
2026-09-16,ARI incidence,2026-09-27,3,FR,quantile,0.8,179.06817626953125
2026-09-16,ARI incidence,2026-09-27,3,FR,quantile,0.85,185.9807586669922
2026-09-16,ARI incidence,2026-09-27,3,FR,quantile,0.9,194.4050750732422
2026-09-16,ARI incidence,2026-09-27,3,FR,quantile,0.95,209.0164031982422
2026-09-16,ARI incidence,2026-09-27,3,FR,quantile,0.975,230.6867218017578
2026-09-16,ARI incidence,2026-09-27,3,FR,quantile,0.99,243.6888885498047
2026-09-16,ARI incidence,2026-10-04,4,FR,quantile,0.01,71.99285888671875
2026-09-16,ARI incidence,2026-10-04,4,FR,quantile,0.025,82.66716766357422
2026-09-16,ARI incidence,2026-10-04,4,FR,quantile,0.05,100.45767211914062
2026-09-16,ARI incidence,2026-10-04,4,FR,quantile,0.1,112.89811706542969
2026-09-16,ARI incidence,2026-10-04,4,FR,quantile,0.15,120.9498062133789
2026-09-16,ARI incidence,2026-10-04,4,FR,quantile,0.2,127.68529510498047
2026-09-16,ARI incidence,2026-10-04,4,FR,quantile,0.25,133.27978515625
2026-09-16,ARI incidence,2026-10-04,4,FR,quantile,0.3,138.13760375976562
2026-09-16,ARI incidence,2026-10-04,4,FR,quantile,0.35,142.73577880859375
2026-09-16,ARI incidence,2026-10-04,4,FR,quantile,0.4,146.95045471191406
2026-09-16,ARI incidence,2026-10-04,4,FR,quantile,0.45,151.44754028320312
2026-09-16,ARI incidence,2026-10-04,4,FR,quantile,0.5,155.79441833496094
2026-09-16,ARI incidence,2026-10-04,4,FR,quantile,0.55,160.10423278808594
2026-09-16,ARI incidence,2026-10-04,4,FR,quantile,0.6,164.56980895996094
2026-09-16,ARI incidence,2026-10-04,4,FR,quantile,0.65,168.81988525390625
2026-09-16,ARI incidence,2026-10-04,4,FR,quantile,0.7,173.87216186523438
2026-09-16,ARI incidence,2026-10-04,4,FR,quantile,0.75,179.06307983398438
2026-09-16,ARI incidence,2026-10-04,4,FR,quantile,0.8,185.5098419189453
2026-09-16,ARI incidence,2026-10-04,4,FR,quantile,0.85,192.97581481933594
2026-09-16,ARI incidence,2026-10-04,4,FR,quantile,0.9,201.8073272705078
2026-09-16,ARI incidence,2026-10-04,4,FR,quantile,0.95,216.8833770751953
2026-09-16,ARI incidence,2026-10-04,4,FR,quantile,0.975,238.76010131835938
2026-09-16,ARI incidence,2026-10-04,4,FR,quantile,0.99,251.88609313964844
2026-09-16,ARI incidence,2026-09-13,1,GB-ENG,quantile,0.01,112.46133422851562
2026-09-16,ARI incidence,2026-09-13,1,GB-ENG,quantile,0.025,125.41462707519531
2026-09-16,ARI incidence,2026-09-13,1,GB-ENG,quantile,0.05,147.00344848632812
2026-09-16,ARI incidence,2026-09-13,1,GB-ENG,quantile,0.1,156.10372924804688
2026-09-16,ARI incidence,2026-09-13,1,GB-ENG,quantile,0.15,161.26528930664062
2026-09-16,ARI incidence,2026-09-13,1,GB-ENG,quantile,0.2,165.5100860595703
2026-09-16,ARI incidence,2026-09-13,1,GB-ENG,quantile,0.25,169.02682495117188
2026-09-16,ARI incidence,2026-09-13,1,GB-ENG,quantile,0.3,172.85281372070312
2026-09-16,ARI incidence,2026-09-13,1,GB-ENG,quantile,0.35,175.95135498046875
2026-09-16,ARI incidence,2026-09-13,1,GB-ENG,quantile,0.4,179.115966796875
2026-09-16,ARI incidence,2026-09-13,1,GB-ENG,quantile,0.45,182.02468872070312
2026-09-16,ARI incidence,2026-09-13,1,GB-ENG,quantile,0.5,184.94752502441406
2026-09-16,ARI incidence,2026-09-13,1,GB-ENG,quantile,0.55,188.17153930664062
2026-09-16,ARI incidence,2026-09-13,1,GB-ENG,quantile,0.6,191.55142211914062
2026-09-16,ARI incidence,2026-09-13,1,GB-ENG,quantile,0.65,194.84597778320312
2026-09-16,ARI incidence,2026-09-13,1,GB-ENG,quantile,0.7,199.2069091796875
2026-09-16,ARI incidence,2026-09-13,1,GB-ENG,quantile,0.75,204.60003662109375
2026-09-16,ARI incidence,2026-09-13,1,GB-ENG,quantile,0.8,211.17919921875
2026-09-16,ARI incidence,2026-09-13,1,GB-ENG,quantile,0.85,219.4801025390625
2026-09-16,ARI incidence,2026-09-13,1,GB-ENG,quantile,0.9,230.1103057861328
2026-09-16,ARI incidence,2026-09-13,1,GB-ENG,quantile,0.95,249.52059936523438
2026-09-16,ARI incidence,2026-09-13,1,GB-ENG,quantile,0.975,277.3261413574219
2026-09-16,ARI incidence,2026-09-13,1,GB-ENG,quantile,0.99,294.0094299316406
2026-09-16,ARI incidence,2026-09-20,2,GB-ENG,quantile,0.01,112.07730102539062
2026-09-16,ARI incidence,2026-09-20,2,GB-ENG,quantile,0.025,125.04056549072266
2026-09-16,ARI incidence,2026-09-20,2,GB-ENG,quantile,0.05,146.64599609375
2026-09-16,ARI incidence,2026-09-20,2,GB-ENG,quantile,0.1,156.82498168945312
2026-09-16,ARI incidence,2026-09-20,2,GB-ENG,quantile,0.15,162.46824645996094
2026-09-16,ARI incidence,2026-09-20,2,GB-ENG,quantile,0.2,167.31875610351562
2026-09-16,ARI incidence,2026-09-20,2,GB-ENG,quantile,0.25,171.64822387695312
2026-09-16,ARI incidence,2026-09-20,2,GB-ENG,quantile,0.3,174.9312744140625
2026-09-16,ARI incidence,2026-09-20,2,GB-ENG,quantile,0.35,178.40805053710938
2026-09-16,ARI incidence,2026-09-20,2,GB-ENG,quantile,0.4,181.98794555664062
2026-09-16,ARI incidence,2026-09-20,2,GB-ENG,quantile,0.45,185.11965942382812
2026-09-16,ARI incidence,2026-09-20,2,GB-ENG,quantile,0.5,188.71121215820312
2026-09-16,ARI incidence,2026-09-20,2,GB-ENG,quantile,0.55,192.27967834472656
2026-09-16,ARI incidence,2026-09-20,2,GB-ENG,quantile,0.6,196.62423706054688
2026-09-16,ARI incidence,2026-09-20,2,GB-ENG,quantile,0.65,200.2529296875
2026-09-16,ARI incidence,2026-09-20,2,GB-ENG,quantile,0.7,205.2777557373047
2026-09-16,ARI incidence,2026-09-20,2,GB-ENG,quantile,0.75,211.2283477783203
2026-09-16,ARI incidence,2026-09-20,2,GB-ENG,quantile,0.8,218.2509002685547
2026-09-16,ARI incidence,2026-09-20,2,GB-ENG,quantile,0.85,227.12518310546875
2026-09-16,ARI incidence,2026-09-20,2,GB-ENG,quantile,0.9,238.29884338378906
2026-09-16,ARI incidence,2026-09-20,2,GB-ENG,quantile,0.95,257.798828125
2026-09-16,ARI incidence,2026-09-20,2,GB-ENG,quantile,0.975,286.5159912109375
2026-09-16,ARI incidence,2026-09-20,2,GB-ENG,quantile,0.99,303.7462463378906
2026-09-16,ARI incidence,2026-09-27,3,GB-ENG,quantile,0.01,111.85914611816406
2026-09-16,ARI incidence,2026-09-27,3,GB-ENG,quantile,0.025,125.46583557128906
2026-09-16,ARI incidence,2026-09-27,3,GB-ENG,quantile,0.05,148.14364624023438
2026-09-16,ARI incidence,2026-09-27,3,GB-ENG,quantile,0.1,159.0833740234375
2026-09-16,ARI incidence,2026-09-27,3,GB-ENG,quantile,0.15,165.21188354492188
2026-09-16,ARI incidence,2026-09-27,3,GB-ENG,quantile,0.2,170.24462890625
2026-09-16,ARI incidence,2026-09-27,3,GB-ENG,quantile,0.25,174.64218139648438
2026-09-16,ARI incidence,2026-09-27,3,GB-ENG,quantile,0.3,178.93865966796875
2026-09-16,ARI incidence,2026-09-27,3,GB-ENG,quantile,0.35,182.4365692138672
2026-09-16,ARI incidence,2026-09-27,3,GB-ENG,quantile,0.4,185.97933959960938
2026-09-16,ARI incidence,2026-09-27,3,GB-ENG,quantile,0.45,189.187255859375
2026-09-16,ARI incidence,2026-09-27,3,GB-ENG,quantile,0.5,192.66958618164062
2026-09-16,ARI incidence,2026-09-27,3,GB-ENG,quantile,0.55,196.86886596679688
2026-09-16,ARI incidence,2026-09-27,3,GB-ENG,quantile,0.6,200.84056091308594
2026-09-16,ARI incidence,2026-09-27,3,GB-ENG,quantile,0.65,204.96922302246094
2026-09-16,ARI incidence,2026-09-27,3,GB-ENG,quantile,0.7,209.75479125976562
2026-09-16,ARI incidence,2026-09-27,3,GB-ENG,quantile,0.75,215.7970428466797
2026-09-16,ARI incidence,2026-09-27,3,GB-ENG,quantile,0.8,222.65911865234375
2026-09-16,ARI incidence,2026-09-27,3,GB-ENG,quantile,0.85,231.33570861816406
2026-09-16,ARI incidence,2026-09-27,3,GB-ENG,quantile,0.9,242.12796020507812
2026-09-16,ARI incidence,2026-09-27,3,GB-ENG,quantile,0.95,261.6729431152344
2026-09-16,ARI incidence,2026-09-27,3,GB-ENG,quantile,0.975,291.10455322265625
2026-09-16,ARI incidence,2026-09-27,3,GB-ENG,quantile,0.99,308.7634582519531
2026-09-16,ARI incidence,2026-10-04,4,GB-ENG,quantile,0.01,114.90287780761719
2026-09-16,ARI incidence,2026-10-04,4,GB-ENG,quantile,0.025,128.54815673828125
2026-09-16,ARI incidence,2026-10-04,4,GB-ENG,quantile,0.05,151.29026794433594
2026-09-16,ARI incidence,2026-10-04,4,GB-ENG,quantile,0.1,161.87728881835938
2026-09-16,ARI incidence,2026-10-04,4,GB-ENG,quantile,0.15,168.3719482421875
2026-09-16,ARI incidence,2026-10-04,4,GB-ENG,quantile,0.2,173.42037963867188
2026-09-16,ARI incidence,2026-10-04,4,GB-ENG,quantile,0.25,177.63894653320312
2026-09-16,ARI incidence,2026-10-04,4,GB-ENG,quantile,0.3,182.00570678710938
2026-09-16,ARI incidence,2026-10-04,4,GB-ENG,quantile,0.35,185.49386596679688
2026-09-16,ARI incidence,2026-10-04,4,GB-ENG,quantile,0.4,188.97634887695312
2026-09-16,ARI incidence,2026-10-04,4,GB-ENG,quantile,0.45,192.3711395263672
2026-09-16,ARI incidence,2026-10-04,4,GB-ENG,quantile,0.5,196.19320678710938
2026-09-16,ARI incidence,2026-10-04,4,GB-ENG,quantile,0.55,200.1026611328125
2026-09-16,ARI incidence,2026-10-04,4,GB-ENG,quantile,0.6,204.08642578125
2026-09-16,ARI incidence,2026-10-04,4,GB-ENG,quantile,0.65,208.13693237304688
2026-09-16,ARI incidence,2026-10-04,4,GB-ENG,quantile,0.7,213.1004180908203
2026-09-16,ARI incidence,2026-10-04,4,GB-ENG,quantile,0.75,218.93663024902344
2026-09-16,ARI incidence,2026-10-04,4,GB-ENG,quantile,0.8,226.17645263671875
2026-09-16,ARI incidence,2026-10-04,4,GB-ENG,quantile,0.85,235.00819396972656
2026-09-16,ARI incidence,2026-10-04,4,GB-ENG,quantile,0.9,245.9849395751953
2026-09-16,ARI incidence,2026-10-04,4,GB-ENG,quantile,0.95,266.0787353515625
2026-09-16,ARI incidence,2026-10-04,4,GB-ENG,quantile,0.975,296.8011779785156
2026-09-16,ARI incidence,2026-10-04,4,GB-ENG,quantile,0.99,315.234619140625
2026-09-16,ARI incidence,2026-09-13,1,GB-NIR,quantile,0.01,75.55546569824219
2026-09-16,ARI incidence,2026-09-13,1,GB-NIR,quantile,0.025,86.3431396484375
2026-09-16,ARI incidence,2026-09-13,1,GB-NIR,quantile,0.05,104.32260131835938
2026-09-16,ARI incidence,2026-09-13,1,GB-NIR,quantile,0.1,113.52643585205078
2026-09-16,ARI incidence,2026-09-13,1,GB-NIR,quantile,0.15,118.35600280761719
2026-09-16,ARI incidence,2026-09-13,1,GB-NIR,quantile,0.2,122.48275756835938
2026-09-16,ARI incidence,2026-09-13,1,GB-NIR,quantile,0.25,125.83944702148438
2026-09-16,ARI incidence,2026-09-13,1,GB-NIR,quantile,0.3,129.03184509277344
2026-09-16,ARI incidence,2026-09-13,1,GB-NIR,quantile,0.35,131.7370147705078
2026-09-16,ARI incidence,2026-09-13,1,GB-NIR,quantile,0.4,134.1321258544922
2026-09-16,ARI incidence,2026-09-13,1,GB-NIR,quantile,0.45,136.05917358398438
2026-09-16,ARI incidence,2026-09-13,1,GB-NIR,quantile,0.5,138.71173095703125
2026-09-16,ARI incidence,2026-09-13,1,GB-NIR,quantile,0.55,141.2623748779297
2026-09-16,ARI incidence,2026-09-13,1,GB-NIR,quantile,0.6,143.6789093017578
2026-09-16,ARI incidence,2026-09-13,1,GB-NIR,quantile,0.65,146.12599182128906
2026-09-16,ARI incidence,2026-09-13,1,GB-NIR,quantile,0.7,149.12094116210938
2026-09-16,ARI incidence,2026-09-13,1,GB-NIR,quantile,0.75,152.48953247070312
2026-09-16,ARI incidence,2026-09-13,1,GB-NIR,quantile,0.8,156.14112854003906
2026-09-16,ARI incidence,2026-09-13,1,GB-NIR,quantile,0.85,160.92063903808594
2026-09-16,ARI incidence,2026-09-13,1,GB-NIR,quantile,0.9,166.97732543945312
2026-09-16,ARI incidence,2026-09-13,1,GB-NIR,quantile,0.95,177.44398498535156
2026-09-16,ARI incidence,2026-09-13,1,GB-NIR,quantile,0.975,194.6389923095703
2026-09-16,ARI incidence,2026-09-13,1,GB-NIR,quantile,0.99,204.95596313476562
2026-09-16,ARI incidence,2026-09-20,2,GB-NIR,quantile,0.01,80.98347473144531
2026-09-16,ARI incidence,2026-09-20,2,GB-NIR,quantile,0.025,92.39820861816406
2026-09-16,ARI incidence,2026-09-20,2,GB-NIR,quantile,0.05,111.4227523803711
2026-09-16,ARI incidence,2026-09-20,2,GB-NIR,quantile,0.1,122.91214752197266
2026-09-16,ARI incidence,2026-09-20,2,GB-NIR,quantile,0.15,129.54844665527344
2026-09-16,ARI incidence,2026-09-20,2,GB-NIR,quantile,0.2,134.02587890625
2026-09-16,ARI incidence,2026-09-20,2,GB-NIR,quantile,0.25,137.96131896972656
2026-09-16,ARI incidence,2026-09-20,2,GB-NIR,quantile,0.3,141.41754150390625
2026-09-16,ARI incidence,2026-09-20,2,GB-NIR,quantile,0.35,144.22146606445312
2026-09-16,ARI incidence,2026-09-20,2,GB-NIR,quantile,0.4,147.2220916748047
2026-09-16,ARI incidence,2026-09-20,2,GB-NIR,quantile,0.45,149.45298767089844
2026-09-16,ARI incidence,2026-09-20,2,GB-NIR,quantile,0.5,152.59642028808594
2026-09-16,ARI incidence,2026-09-20,2,GB-NIR,quantile,0.55,155.55067443847656
2026-09-16,ARI incidence,2026-09-20,2,GB-NIR,quantile,0.6,158.41311645507812
2026-09-16,ARI incidence,2026-09-20,2,GB-NIR,quantile,0.65,161.76437377929688
2026-09-16,ARI incidence,2026-09-20,2,GB-NIR,quantile,0.7,165.27252197265625
2026-09-16,ARI incidence,2026-09-20,2,GB-NIR,quantile,0.75,168.98818969726562
2026-09-16,ARI incidence,2026-09-20,2,GB-NIR,quantile,0.8,173.5488739013672
2026-09-16,ARI incidence,2026-09-20,2,GB-NIR,quantile,0.85,179.17344665527344
2026-09-16,ARI incidence,2026-09-20,2,GB-NIR,quantile,0.9,187.08544921875
2026-09-16,ARI incidence,2026-09-20,2,GB-NIR,quantile,0.95,201.16165161132812
2026-09-16,ARI incidence,2026-09-20,2,GB-NIR,quantile,0.975,222.73480224609375
2026-09-16,ARI incidence,2026-09-20,2,GB-NIR,quantile,0.99,235.6786651611328
2026-09-16,ARI incidence,2026-09-27,3,GB-NIR,quantile,0.01,94.86122131347656
2026-09-16,ARI incidence,2026-09-27,3,GB-NIR,quantile,0.025,105.62761688232422
2026-09-16,ARI incidence,2026-09-27,3,GB-NIR,quantile,0.05,123.57160949707031
2026-09-16,ARI incidence,2026-09-27,3,GB-NIR,quantile,0.1,133.79852294921875
2026-09-16,ARI incidence,2026-09-27,3,GB-NIR,quantile,0.15,139.979736328125
2026-09-16,ARI incidence,2026-09-27,3,GB-NIR,quantile,0.2,144.62451171875
2026-09-16,ARI incidence,2026-09-27,3,GB-NIR,quantile,0.25,148.36029052734375
2026-09-16,ARI incidence,2026-09-27,3,GB-NIR,quantile,0.3,151.5211181640625
2026-09-16,ARI incidence,2026-09-27,3,GB-NIR,quantile,0.35,154.3270721435547
2026-09-16,ARI incidence,2026-09-27,3,GB-NIR,quantile,0.4,157.00225830078125
2026-09-16,ARI incidence,2026-09-27,3,GB-NIR,quantile,0.45,159.56546020507812
2026-09-16,ARI incidence,2026-09-27,3,GB-NIR,quantile,0.5,162.22825622558594
2026-09-16,ARI incidence,2026-09-27,3,GB-NIR,quantile,0.55,164.96212768554688
2026-09-16,ARI incidence,2026-09-27,3,GB-NIR,quantile,0.6,167.74131774902344
2026-09-16,ARI incidence,2026-09-27,3,GB-NIR,quantile,0.65,170.51422119140625
2026-09-16,ARI incidence,2026-09-27,3,GB-NIR,quantile,0.7,173.75326538085938
2026-09-16,ARI incidence,2026-09-27,3,GB-NIR,quantile,0.75,177.2962646484375
2026-09-16,ARI incidence,2026-09-27,3,GB-NIR,quantile,0.8,181.52369689941406
2026-09-16,ARI incidence,2026-09-27,3,GB-NIR,quantile,0.85,186.7639923095703
2026-09-16,ARI incidence,2026-09-27,3,GB-NIR,quantile,0.9,193.37237548828125
2026-09-16,ARI incidence,2026-09-27,3,GB-NIR,quantile,0.95,205.37881469726562
2026-09-16,ARI incidence,2026-09-27,3,GB-NIR,quantile,0.975,224.79953002929688
2026-09-16,ARI incidence,2026-09-27,3,GB-NIR,quantile,0.99,236.45193481445312
2026-09-16,ARI incidence,2026-10-04,4,GB-NIR,quantile,0.01,103.41075134277344
2026-09-16,ARI incidence,2026-10-04,4,GB-NIR,quantile,0.025,114.05158233642578
2026-09-16,ARI incidence,2026-10-04,4,GB-NIR,quantile,0.05,131.7863006591797
2026-09-16,ARI incidence,2026-10-04,4,GB-NIR,quantile,0.1,141.65182495117188
2026-09-16,ARI incidence,2026-10-04,4,GB-NIR,quantile,0.15,147.5183563232422
2026-09-16,ARI incidence,2026-10-04,4,GB-NIR,quantile,0.2,151.8939971923828
2026-09-16,ARI incidence,2026-10-04,4,GB-NIR,quantile,0.25,155.4989776611328
2026-09-16,ARI incidence,2026-10-04,4,GB-NIR,quantile,0.3,158.82830810546875
2026-09-16,ARI incidence,2026-10-04,4,GB-NIR,quantile,0.35,161.7578887939453
2026-09-16,ARI incidence,2026-10-04,4,GB-NIR,quantile,0.4,164.6667938232422
2026-09-16,ARI incidence,2026-10-04,4,GB-NIR,quantile,0.45,167.3458251953125
2026-09-16,ARI incidence,2026-10-04,4,GB-NIR,quantile,0.5,170.20855712890625
2026-09-16,ARI incidence,2026-10-04,4,GB-NIR,quantile,0.55,173.03073120117188
2026-09-16,ARI incidence,2026-10-04,4,GB-NIR,quantile,0.6,175.82713317871094
2026-09-16,ARI incidence,2026-10-04,4,GB-NIR,quantile,0.65,178.67958068847656
2026-09-16,ARI incidence,2026-10-04,4,GB-NIR,quantile,0.7,181.84674072265625
2026-09-16,ARI incidence,2026-10-04,4,GB-NIR,quantile,0.75,185.33721923828125
2026-09-16,ARI incidence,2026-10-04,4,GB-NIR,quantile,0.8,189.39682006835938
2026-09-16,ARI incidence,2026-10-04,4,GB-NIR,quantile,0.85,194.4344482421875
2026-09-16,ARI incidence,2026-10-04,4,GB-NIR,quantile,0.9,200.75308227539062
2026-09-16,ARI incidence,2026-10-04,4,GB-NIR,quantile,0.95,212.5537109375
2026-09-16,ARI incidence,2026-10-04,4,GB-NIR,quantile,0.975,232.13233947753906
2026-09-16,ARI incidence,2026-10-04,4,GB-NIR,quantile,0.99,243.87948608398438
2026-09-16,ARI incidence,2026-09-13,1,GB-SCT,quantile,0.01,65.32809448242188
2026-09-16,ARI incidence,2026-09-13,1,GB-SCT,quantile,0.025,72.20320892333984
2026-09-16,ARI incidence,2026-09-13,1,GB-SCT,quantile,0.05,83.66173553466797
2026-09-16,ARI incidence,2026-09-13,1,GB-SCT,quantile,0.1,90.14044189453125
2026-09-16,ARI incidence,2026-09-13,1,GB-SCT,quantile,0.15,94.72510528564453
2026-09-16,ARI incidence,2026-09-13,1,GB-SCT,quantile,0.2,98.1419677734375
2026-09-16,ARI incidence,2026-09-13,1,GB-SCT,quantile,0.25,100.99027252197266
2026-09-16,ARI incidence,2026-09-13,1,GB-SCT,quantile,0.3,103.59478759765625
2026-09-16,ARI incidence,2026-09-13,1,GB-SCT,quantile,0.35,106.11927795410156
2026-09-16,ARI incidence,2026-09-13,1,GB-SCT,quantile,0.4,108.41188049316406
2026-09-16,ARI incidence,2026-09-13,1,GB-SCT,quantile,0.45,110.75137329101562
2026-09-16,ARI incidence,2026-09-13,1,GB-SCT,quantile,0.5,113.13860321044922
2026-09-16,ARI incidence,2026-09-13,1,GB-SCT,quantile,0.55,115.43614196777344
2026-09-16,ARI incidence,2026-09-13,1,GB-SCT,quantile,0.6,118.2934341430664
2026-09-16,ARI incidence,2026-09-13,1,GB-SCT,quantile,0.65,121.10696411132812
2026-09-16,ARI incidence,2026-09-13,1,GB-SCT,quantile,0.7,123.96607208251953
2026-09-16,ARI incidence,2026-09-13,1,GB-SCT,quantile,0.75,127.75634002685547
2026-09-16,ARI incidence,2026-09-13,1,GB-SCT,quantile,0.8,131.87896728515625
2026-09-16,ARI incidence,2026-09-13,1,GB-SCT,quantile,0.85,137.5743865966797
2026-09-16,ARI incidence,2026-09-13,1,GB-SCT,quantile,0.9,145.38296508789062
2026-09-16,ARI incidence,2026-09-13,1,GB-SCT,quantile,0.95,158.8127899169922
2026-09-16,ARI incidence,2026-09-13,1,GB-SCT,quantile,0.975,182.70013427734375
2026-09-16,ARI incidence,2026-09-13,1,GB-SCT,quantile,0.99,197.0325164794922
2026-09-16,ARI incidence,2026-09-20,2,GB-SCT,quantile,0.01,65.96320343017578
2026-09-16,ARI incidence,2026-09-20,2,GB-SCT,quantile,0.025,73.6168441772461
2026-09-16,ARI incidence,2026-09-20,2,GB-SCT,quantile,0.05,86.37290954589844
2026-09-16,ARI incidence,2026-09-20,2,GB-SCT,quantile,0.1,94.33916473388672
2026-09-16,ARI incidence,2026-09-20,2,GB-SCT,quantile,0.15,98.74372863769531
2026-09-16,ARI incidence,2026-09-20,2,GB-SCT,quantile,0.2,102.44857788085938
2026-09-16,ARI incidence,2026-09-20,2,GB-SCT,quantile,0.25,105.70938110351562
2026-09-16,ARI incidence,2026-09-20,2,GB-SCT,quantile,0.3,108.81077575683594
2026-09-16,ARI incidence,2026-09-20,2,GB-SCT,quantile,0.35,111.4901123046875
2026-09-16,ARI incidence,2026-09-20,2,GB-SCT,quantile,0.4,114.2181167602539
2026-09-16,ARI incidence,2026-09-20,2,GB-SCT,quantile,0.45,116.639892578125
2026-09-16,ARI incidence,2026-09-20,2,GB-SCT,quantile,0.5,119.49073791503906
2026-09-16,ARI incidence,2026-09-20,2,GB-SCT,quantile,0.55,122.17237854003906
2026-09-16,ARI incidence,2026-09-20,2,GB-SCT,quantile,0.6,124.82101440429688
2026-09-16,ARI incidence,2026-09-20,2,GB-SCT,quantile,0.65,127.61177062988281
2026-09-16,ARI incidence,2026-09-20,2,GB-SCT,quantile,0.7,131.24600219726562
2026-09-16,ARI incidence,2026-09-20,2,GB-SCT,quantile,0.75,135.39227294921875
2026-09-16,ARI incidence,2026-09-20,2,GB-SCT,quantile,0.8,140.4730224609375
2026-09-16,ARI incidence,2026-09-20,2,GB-SCT,quantile,0.85,147.2791290283203
2026-09-16,ARI incidence,2026-09-20,2,GB-SCT,quantile,0.9,156.59130859375
2026-09-16,ARI incidence,2026-09-20,2,GB-SCT,quantile,0.95,171.58920288085938
2026-09-16,ARI incidence,2026-09-20,2,GB-SCT,quantile,0.975,198.99241638183594
2026-09-16,ARI incidence,2026-09-20,2,GB-SCT,quantile,0.99,215.43431091308594
2026-09-16,ARI incidence,2026-09-27,3,GB-SCT,quantile,0.01,66.51614379882812
2026-09-16,ARI incidence,2026-09-27,3,GB-SCT,quantile,0.025,74.31690979003906
2026-09-16,ARI incidence,2026-09-27,3,GB-SCT,quantile,0.05,87.31818389892578
2026-09-16,ARI incidence,2026-09-27,3,GB-SCT,quantile,0.1,96.53888702392578
2026-09-16,ARI incidence,2026-09-27,3,GB-SCT,quantile,0.15,101.55785369873047
2026-09-16,ARI incidence,2026-09-27,3,GB-SCT,quantile,0.2,105.46241760253906
2026-09-16,ARI incidence,2026-09-27,3,GB-SCT,quantile,0.25,108.76419067382812
2026-09-16,ARI incidence,2026-09-27,3,GB-SCT,quantile,0.3,111.85902404785156
2026-09-16,ARI incidence,2026-09-27,3,GB-SCT,quantile,0.35,114.73656463623047
2026-09-16,ARI incidence,2026-09-27,3,GB-SCT,quantile,0.4,117.71192932128906
2026-09-16,ARI incidence,2026-09-27,3,GB-SCT,quantile,0.45,120.0821533203125
2026-09-16,ARI incidence,2026-09-27,3,GB-SCT,quantile,0.5,123.22867584228516
2026-09-16,ARI incidence,2026-09-27,3,GB-SCT,quantile,0.55,126.2928466796875
2026-09-16,ARI incidence,2026-09-27,3,GB-SCT,quantile,0.6,129.5359649658203
2026-09-16,ARI incidence,2026-09-27,3,GB-SCT,quantile,0.65,132.91888427734375
2026-09-16,ARI incidence,2026-09-27,3,GB-SCT,quantile,0.7,136.63458251953125
2026-09-16,ARI incidence,2026-09-27,3,GB-SCT,quantile,0.75,141.296630859375
2026-09-16,ARI incidence,2026-09-27,3,GB-SCT,quantile,0.8,146.6044158935547
2026-09-16,ARI incidence,2026-09-27,3,GB-SCT,quantile,0.85,153.33143615722656
2026-09-16,ARI incidence,2026-09-27,3,GB-SCT,quantile,0.9,162.7389373779297
2026-09-16,ARI incidence,2026-09-27,3,GB-SCT,quantile,0.95,179.89993286132812
2026-09-16,ARI incidence,2026-09-27,3,GB-SCT,quantile,0.975,210.3934326171875
2026-09-16,ARI incidence,2026-09-27,3,GB-SCT,quantile,0.99,228.6894989013672
2026-09-16,ARI incidence,2026-10-04,4,GB-SCT,quantile,0.01,69.36903381347656
2026-09-16,ARI incidence,2026-10-04,4,GB-SCT,quantile,0.025,77.65031433105469
2026-09-16,ARI incidence,2026-10-04,4,GB-SCT,quantile,0.05,91.45243835449219
2026-09-16,ARI incidence,2026-10-04,4,GB-SCT,quantile,0.1,99.75116729736328
2026-09-16,ARI incidence,2026-10-04,4,GB-SCT,quantile,0.15,104.87092590332031
2026-09-16,ARI incidence,2026-10-04,4,GB-SCT,quantile,0.2,108.93647766113281
2026-09-16,ARI incidence,2026-10-04,4,GB-SCT,quantile,0.25,112.32197570800781
2026-09-16,ARI incidence,2026-10-04,4,GB-SCT,quantile,0.3,115.49761199951172
2026-09-16,ARI incidence,2026-10-04,4,GB-SCT,quantile,0.35,118.35507202148438
2026-09-16,ARI incidence,2026-10-04,4,GB-SCT,quantile,0.4,121.13760375976562
2026-09-16,ARI incidence,2026-10-04,4,GB-SCT,quantile,0.45,123.9324722290039
2026-09-16,ARI incidence,2026-10-04,4,GB-SCT,quantile,0.5,126.51063537597656
2026-09-16,ARI incidence,2026-10-04,4,GB-SCT,quantile,0.55,129.4173583984375
2026-09-16,ARI incidence,2026-10-04,4,GB-SCT,quantile,0.6,132.20791625976562
2026-09-16,ARI incidence,2026-10-04,4,GB-SCT,quantile,0.65,134.9763946533203
2026-09-16,ARI incidence,2026-10-04,4,GB-SCT,quantile,0.7,138.41766357421875
2026-09-16,ARI incidence,2026-10-04,4,GB-SCT,quantile,0.75,142.45916748046875
2026-09-16,ARI incidence,2026-10-04,4,GB-SCT,quantile,0.8,147.52011108398438
2026-09-16,ARI incidence,2026-10-04,4,GB-SCT,quantile,0.85,154.09896850585938
2026-09-16,ARI incidence,2026-10-04,4,GB-SCT,quantile,0.9,162.90634155273438
2026-09-16,ARI incidence,2026-10-04,4,GB-SCT,quantile,0.95,179.61456298828125
2026-09-16,ARI incidence,2026-10-04,4,GB-SCT,quantile,0.975,208.23049926757812
2026-09-16,ARI incidence,2026-10-04,4,GB-SCT,quantile,0.99,225.4000244140625
2026-09-16,ARI incidence,2026-09-13,1,GB-WLS,quantile,0.01,39.80297088623047
2026-09-16,ARI incidence,2026-09-13,1,GB-WLS,quantile,0.025,48.919219970703125
2026-09-16,ARI incidence,2026-09-13,1,GB-WLS,quantile,0.05,64.11296081542969
2026-09-16,ARI incidence,2026-09-13,1,GB-WLS,quantile,0.1,75.67597961425781
2026-09-16,ARI incidence,2026-09-13,1,GB-WLS,quantile,0.15,82.43436431884766
2026-09-16,ARI incidence,2026-09-13,1,GB-WLS,quantile,0.2,87.0730972290039
2026-09-16,ARI incidence,2026-09-13,1,GB-WLS,quantile,0.25,90.60465240478516
2026-09-16,ARI incidence,2026-09-13,1,GB-WLS,quantile,0.3,93.73973846435547
2026-09-16,ARI incidence,2026-09-13,1,GB-WLS,quantile,0.35,96.65135192871094
2026-09-16,ARI incidence,2026-09-13,1,GB-WLS,quantile,0.4,99.31512451171875
2026-09-16,ARI incidence,2026-09-13,1,GB-WLS,quantile,0.45,101.89472961425781
2026-09-16,ARI incidence,2026-09-13,1,GB-WLS,quantile,0.5,104.56446838378906
2026-09-16,ARI incidence,2026-09-13,1,GB-WLS,quantile,0.55,106.79296875
2026-09-16,ARI incidence,2026-09-13,1,GB-WLS,quantile,0.6,109.00395965576172
2026-09-16,ARI incidence,2026-09-13,1,GB-WLS,quantile,0.65,111.69461059570312
2026-09-16,ARI incidence,2026-09-13,1,GB-WLS,quantile,0.7,114.79490661621094
2026-09-16,ARI incidence,2026-09-13,1,GB-WLS,quantile,0.75,117.87359619140625
2026-09-16,ARI incidence,2026-09-13,1,GB-WLS,quantile,0.8,121.99750518798828
2026-09-16,ARI incidence,2026-09-13,1,GB-WLS,quantile,0.85,127.30414581298828
2026-09-16,ARI incidence,2026-09-13,1,GB-WLS,quantile,0.9,134.16064453125
2026-09-16,ARI incidence,2026-09-13,1,GB-WLS,quantile,0.95,145.52059936523438
2026-09-16,ARI incidence,2026-09-13,1,GB-WLS,quantile,0.975,162.3330841064453
2026-09-16,ARI incidence,2026-09-13,1,GB-WLS,quantile,0.99,172.42054748535156
2026-09-16,ARI incidence,2026-09-20,2,GB-WLS,quantile,0.01,36.293418884277344
2026-09-16,ARI incidence,2026-09-20,2,GB-WLS,quantile,0.025,46.459110260009766
2026-09-16,ARI incidence,2026-09-20,2,GB-WLS,quantile,0.05,63.40192413330078
2026-09-16,ARI incidence,2026-09-20,2,GB-WLS,quantile,0.1,74.79254150390625
2026-09-16,ARI incidence,2026-09-20,2,GB-WLS,quantile,0.15,82.30094146728516
2026-09-16,ARI incidence,2026-09-20,2,GB-WLS,quantile,0.2,87.83965301513672
2026-09-16,ARI incidence,2026-09-20,2,GB-WLS,quantile,0.25,92.34428405761719
2026-09-16,ARI incidence,2026-09-20,2,GB-WLS,quantile,0.3,96.07168579101562
2026-09-16,ARI incidence,2026-09-20,2,GB-WLS,quantile,0.35,99.87054443359375
2026-09-16,ARI incidence,2026-09-20,2,GB-WLS,quantile,0.4,103.19061279296875
2026-09-16,ARI incidence,2026-09-20,2,GB-WLS,quantile,0.45,106.35264587402344
2026-09-16,ARI incidence,2026-09-20,2,GB-WLS,quantile,0.5,109.37153625488281
2026-09-16,ARI incidence,2026-09-20,2,GB-WLS,quantile,0.55,112.56993103027344
2026-09-16,ARI incidence,2026-09-20,2,GB-WLS,quantile,0.6,116.22503662109375
2026-09-16,ARI incidence,2026-09-20,2,GB-WLS,quantile,0.65,119.93440246582031
2026-09-16,ARI incidence,2026-09-20,2,GB-WLS,quantile,0.7,123.59368896484375
2026-09-16,ARI incidence,2026-09-20,2,GB-WLS,quantile,0.75,127.92630004882812
2026-09-16,ARI incidence,2026-09-20,2,GB-WLS,quantile,0.8,132.56265258789062
2026-09-16,ARI incidence,2026-09-20,2,GB-WLS,quantile,0.85,138.93089294433594
2026-09-16,ARI incidence,2026-09-20,2,GB-WLS,quantile,0.9,147.54087829589844
2026-09-16,ARI incidence,2026-09-20,2,GB-WLS,quantile,0.95,162.49093627929688
2026-09-16,ARI incidence,2026-09-20,2,GB-WLS,quantile,0.975,187.5779571533203
2026-09-16,ARI incidence,2026-09-20,2,GB-WLS,quantile,0.99,202.630126953125
2026-09-16,ARI incidence,2026-09-27,3,GB-WLS,quantile,0.01,33.60698699951172
2026-09-16,ARI incidence,2026-09-27,3,GB-WLS,quantile,0.025,45.451725006103516
2026-09-16,ARI incidence,2026-09-27,3,GB-WLS,quantile,0.05,65.19295501708984
2026-09-16,ARI incidence,2026-09-27,3,GB-WLS,quantile,0.1,78.63789367675781
2026-09-16,ARI incidence,2026-09-27,3,GB-WLS,quantile,0.15,86.00406646728516
2026-09-16,ARI incidence,2026-09-27,3,GB-WLS,quantile,0.2,92.24173736572266
2026-09-16,ARI incidence,2026-09-27,3,GB-WLS,quantile,0.25,97.17998504638672
2026-09-16,ARI incidence,2026-09-27,3,GB-WLS,quantile,0.3,101.86738586425781
2026-09-16,ARI incidence,2026-09-27,3,GB-WLS,quantile,0.35,106.04666900634766
2026-09-16,ARI incidence,2026-09-27,3,GB-WLS,quantile,0.4,109.84874725341797
2026-09-16,ARI incidence,2026-09-27,3,GB-WLS,quantile,0.45,113.2788314819336
2026-09-16,ARI incidence,2026-09-27,3,GB-WLS,quantile,0.5,117.58198547363281
2026-09-16,ARI incidence,2026-09-27,3,GB-WLS,quantile,0.55,121.74244689941406
2026-09-16,ARI incidence,2026-09-27,3,GB-WLS,quantile,0.6,125.86210632324219
2026-09-16,ARI incidence,2026-09-27,3,GB-WLS,quantile,0.65,129.8223876953125
2026-09-16,ARI incidence,2026-09-27,3,GB-WLS,quantile,0.7,134.79678344726562
2026-09-16,ARI incidence,2026-09-27,3,GB-WLS,quantile,0.75,140.54251098632812
2026-09-16,ARI incidence,2026-09-27,3,GB-WLS,quantile,0.8,147.0528564453125
2026-09-16,ARI incidence,2026-09-27,3,GB-WLS,quantile,0.85,155.64706420898438
2026-09-16,ARI incidence,2026-09-27,3,GB-WLS,quantile,0.9,167.1829071044922
2026-09-16,ARI incidence,2026-09-27,3,GB-WLS,quantile,0.95,186.34104919433594
2026-09-16,ARI incidence,2026-09-27,3,GB-WLS,quantile,0.975,217.8153839111328
2026-09-16,ARI incidence,2026-09-27,3,GB-WLS,quantile,0.99,236.69993591308594
2026-09-16,ARI incidence,2026-10-04,4,GB-WLS,quantile,0.01,36.717735290527344
2026-09-16,ARI incidence,2026-10-04,4,GB-WLS,quantile,0.025,48.5130615234375
2026-09-16,ARI incidence,2026-10-04,4,GB-WLS,quantile,0.05,68.17193603515625
2026-09-16,ARI incidence,2026-10-04,4,GB-WLS,quantile,0.1,84.61437225341797
2026-09-16,ARI incidence,2026-10-04,4,GB-WLS,quantile,0.15,94.09453582763672
2026-09-16,ARI incidence,2026-10-04,4,GB-WLS,quantile,0.2,101.22819519042969
2026-09-16,ARI incidence,2026-10-04,4,GB-WLS,quantile,0.25,107.15095520019531
2026-09-16,ARI incidence,2026-10-04,4,GB-WLS,quantile,0.3,112.88056945800781
2026-09-16,ARI incidence,2026-10-04,4,GB-WLS,quantile,0.35,117.514892578125
2026-09-16,ARI incidence,2026-10-04,4,GB-WLS,quantile,0.4,122.35343933105469
2026-09-16,ARI incidence,2026-10-04,4,GB-WLS,quantile,0.45,126.37312316894531
2026-09-16,ARI incidence,2026-10-04,4,GB-WLS,quantile,0.5,131.53684997558594
2026-09-16,ARI incidence,2026-10-04,4,GB-WLS,quantile,0.55,136.441650390625
2026-09-16,ARI incidence,2026-10-04,4,GB-WLS,quantile,0.6,141.4683837890625
2026-09-16,ARI incidence,2026-10-04,4,GB-WLS,quantile,0.65,146.90402221679688
2026-09-16,ARI incidence,2026-10-04,4,GB-WLS,quantile,0.7,152.71836853027344
2026-09-16,ARI incidence,2026-10-04,4,GB-WLS,quantile,0.75,159.35665893554688
2026-09-16,ARI incidence,2026-10-04,4,GB-WLS,quantile,0.8,167.21258544921875
2026-09-16,ARI incidence,2026-10-04,4,GB-WLS,quantile,0.85,177.22775268554688
2026-09-16,ARI incidence,2026-10-04,4,GB-WLS,quantile,0.9,191.1543731689453
2026-09-16,ARI incidence,2026-10-04,4,GB-WLS,quantile,0.95,217.27752685546875
2026-09-16,ARI incidence,2026-10-04,4,GB-WLS,quantile,0.975,259.3083801269531
2026-09-16,ARI incidence,2026-10-04,4,GB-WLS,quantile,0.99,284.52685546875
2026-09-16,ARI incidence,2026-09-13,1,HU,quantile,0.01,132.2437744140625
2026-09-16,ARI incidence,2026-09-13,1,HU,quantile,0.025,226.05508422851562
2026-09-16,ARI incidence,2026-09-13,1,HU,quantile,0.05,382.4072265625
2026-09-16,ARI incidence,2026-09-13,1,HU,quantile,0.1,483.453369140625
2026-09-16,ARI incidence,2026-09-13,1,HU,quantile,0.15,545.9984130859375
2026-09-16,ARI incidence,2026-09-13,1,HU,quantile,0.2,587.2998046875
2026-09-16,ARI incidence,2026-09-13,1,HU,quantile,0.25,612.498046875
2026-09-16,ARI incidence,2026-09-13,1,HU,quantile,0.3,641.8548583984375
2026-09-16,ARI incidence,2026-09-13,1,HU,quantile,0.35,665.8623046875
2026-09-16,ARI incidence,2026-09-13,1,HU,quantile,0.4,682.8192138671875
2026-09-16,ARI incidence,2026-09-13,1,HU,quantile,0.45,706.2628173828125
2026-09-16,ARI incidence,2026-09-13,1,HU,quantile,0.5,726.779541015625
2026-09-16,ARI incidence,2026-09-13,1,HU,quantile,0.55,739.527099609375
2026-09-16,ARI incidence,2026-09-13,1,HU,quantile,0.6,754.1937255859375
2026-09-16,ARI incidence,2026-09-13,1,HU,quantile,0.65,782.025390625
2026-09-16,ARI incidence,2026-09-13,1,HU,quantile,0.7,810.191650390625
2026-09-16,ARI incidence,2026-09-13,1,HU,quantile,0.75,838.097412109375
2026-09-16,ARI incidence,2026-09-13,1,HU,quantile,0.8,879.8228759765625
2026-09-16,ARI incidence,2026-09-13,1,HU,quantile,0.85,933.1143188476562
2026-09-16,ARI incidence,2026-09-13,1,HU,quantile,0.9,1012.64599609375
2026-09-16,ARI incidence,2026-09-13,1,HU,quantile,0.95,1166.812255859375
2026-09-16,ARI incidence,2026-09-13,1,HU,quantile,0.975,1432.25732421875
2026-09-16,ARI incidence,2026-09-13,1,HU,quantile,0.99,1591.52392578125
2026-09-16,ARI incidence,2026-09-20,2,HU,quantile,0.01,124.20068359375
2026-09-16,ARI incidence,2026-09-20,2,HU,quantile,0.025,228.54248046875
2026-09-16,ARI incidence,2026-09-20,2,HU,quantile,0.05,402.4454345703125
2026-09-16,ARI incidence,2026-09-20,2,HU,quantile,0.1,514.5465087890625
2026-09-16,ARI incidence,2026-09-20,2,HU,quantile,0.15,581.6767578125
2026-09-16,ARI incidence,2026-09-20,2,HU,quantile,0.2,633.6766357421875
2026-09-16,ARI incidence,2026-09-20,2,HU,quantile,0.25,677.47509765625
2026-09-16,ARI incidence,2026-09-20,2,HU,quantile,0.3,720.5750732421875
2026-09-16,ARI incidence,2026-09-20,2,HU,quantile,0.35,756.7247314453125
2026-09-16,ARI incidence,2026-09-20,2,HU,quantile,0.4,787.2503662109375
2026-09-16,ARI incidence,2026-09-20,2,HU,quantile,0.45,820.94091796875
2026-09-16,ARI incidence,2026-09-20,2,HU,quantile,0.5,856.33935546875
2026-09-16,ARI incidence,2026-09-20,2,HU,quantile,0.55,885.35107421875
2026-09-16,ARI incidence,2026-09-20,2,HU,quantile,0.6,924.4672241210938
2026-09-16,ARI incidence,2026-09-20,2,HU,quantile,0.65,962.7623901367188
2026-09-16,ARI incidence,2026-09-20,2,HU,quantile,0.7,1006.2318115234375
2026-09-16,ARI incidence,2026-09-20,2,HU,quantile,0.75,1057.381103515625
2026-09-16,ARI incidence,2026-09-20,2,HU,quantile,0.8,1109.962646484375
2026-09-16,ARI incidence,2026-09-20,2,HU,quantile,0.85,1185.997802734375
2026-09-16,ARI incidence,2026-09-20,2,HU,quantile,0.9,1291.6337890625
2026-09-16,ARI incidence,2026-09-20,2,HU,quantile,0.95,1466.66943359375
2026-09-16,ARI incidence,2026-09-20,2,HU,quantile,0.975,1751.7139892578125
2026-09-16,ARI incidence,2026-09-20,2,HU,quantile,0.99,1922.7403564453125
2026-09-16,ARI incidence,2026-09-27,3,HU,quantile,0.01,94.0201416015625
2026-09-16,ARI incidence,2026-09-27,3,HU,quantile,0.025,210.03399658203125
2026-09-16,ARI incidence,2026-09-27,3,HU,quantile,0.05,403.390380859375
2026-09-16,ARI incidence,2026-09-27,3,HU,quantile,0.1,532.62841796875
2026-09-16,ARI incidence,2026-09-27,3,HU,quantile,0.15,610.6402587890625
2026-09-16,ARI incidence,2026-09-27,3,HU,quantile,0.2,671.2490234375
2026-09-16,ARI incidence,2026-09-27,3,HU,quantile,0.25,720.2501220703125
2026-09-16,ARI incidence,2026-09-27,3,HU,quantile,0.3,764.9971923828125
2026-09-16,ARI incidence,2026-09-27,3,HU,quantile,0.35,809.4129638671875
2026-09-16,ARI incidence,2026-09-27,3,HU,quantile,0.4,851.216552734375
2026-09-16,ARI incidence,2026-09-27,3,HU,quantile,0.45,895.069091796875
2026-09-16,ARI incidence,2026-09-27,3,HU,quantile,0.5,938.8984985351562
2026-09-16,ARI incidence,2026-09-27,3,HU,quantile,0.55,982.5620727539062
2026-09-16,ARI incidence,2026-09-27,3,HU,quantile,0.6,1025.50439453125
2026-09-16,ARI incidence,2026-09-27,3,HU,quantile,0.65,1070.535888671875
2026-09-16,ARI incidence,2026-09-27,3,HU,quantile,0.7,1128.7841796875
2026-09-16,ARI incidence,2026-09-27,3,HU,quantile,0.75,1194.366943359375
2026-09-16,ARI incidence,2026-09-27,3,HU,quantile,0.8,1273.272216796875
2026-09-16,ARI incidence,2026-09-27,3,HU,quantile,0.85,1374.79248046875
2026-09-16,ARI incidence,2026-09-27,3,HU,quantile,0.9,1513.2508544921875
2026-09-16,ARI incidence,2026-09-27,3,HU,quantile,0.95,1714.6827392578125
2026-09-16,ARI incidence,2026-09-27,3,HU,quantile,0.975,2023.41259765625
2026-09-16,ARI incidence,2026-09-27,3,HU,quantile,0.99,2208.650146484375
2026-09-16,ARI incidence,2026-10-04,4,HU,quantile,0.01,35.37255859375
2026-09-16,ARI incidence,2026-10-04,4,HU,quantile,0.025,165.002685546875
2026-09-16,ARI incidence,2026-10-04,4,HU,quantile,0.05,381.0528564453125
2026-09-16,ARI incidence,2026-10-04,4,HU,quantile,0.1,539.61767578125
2026-09-16,ARI incidence,2026-10-04,4,HU,quantile,0.15,625.40185546875
2026-09-16,ARI incidence,2026-10-04,4,HU,quantile,0.2,701.0128173828125
2026-09-16,ARI incidence,2026-10-04,4,HU,quantile,0.25,760.9112548828125
2026-09-16,ARI incidence,2026-10-04,4,HU,quantile,0.3,816.091064453125
2026-09-16,ARI incidence,2026-10-04,4,HU,quantile,0.35,865.81591796875
2026-09-16,ARI incidence,2026-10-04,4,HU,quantile,0.4,920.7008056640625
2026-09-16,ARI incidence,2026-10-04,4,HU,quantile,0.45,970.4921264648438
2026-09-16,ARI incidence,2026-10-04,4,HU,quantile,0.5,1025.55419921875
2026-09-16,ARI incidence,2026-10-04,4,HU,quantile,0.55,1079.638671875
2026-09-16,ARI incidence,2026-10-04,4,HU,quantile,0.6,1137.84228515625
2026-09-16,ARI incidence,2026-10-04,4,HU,quantile,0.65,1197.8828125
2026-09-16,ARI incidence,2026-10-04,4,HU,quantile,0.7,1266.518798828125
2026-09-16,ARI incidence,2026-10-04,4,HU,quantile,0.75,1349.456787109375
2026-09-16,ARI incidence,2026-10-04,4,HU,quantile,0.8,1442.251953125
2026-09-16,ARI incidence,2026-10-04,4,HU,quantile,0.85,1551.40478515625
2026-09-16,ARI incidence,2026-10-04,4,HU,quantile,0.9,1691.2603759765625
2026-09-16,ARI incidence,2026-10-04,4,HU,quantile,0.95,1918.950439453125
2026-09-16,ARI incidence,2026-10-04,4,HU,quantile,0.975,2269.0126953125
2026-09-16,ARI incidence,2026-10-04,4,HU,quantile,0.99,2479.049560546875
2026-09-16,ARI incidence,2026-09-13,1,IE,quantile,0.01,21.652408599853516
2026-09-16,ARI incidence,2026-09-13,1,IE,quantile,0.025,23.96192741394043
2026-09-16,ARI incidence,2026-09-13,1,IE,quantile,0.05,27.811124801635742
2026-09-16,ARI incidence,2026-09-13,1,IE,quantile,0.1,30.677574157714844
2026-09-16,ARI incidence,2026-09-13,1,IE,quantile,0.15,32.4166259765625
2026-09-16,ARI incidence,2026-09-13,1,IE,quantile,0.2,33.76197814941406
2026-09-16,ARI incidence,2026-09-13,1,IE,quantile,0.25,34.71864318847656
2026-09-16,ARI incidence,2026-09-13,1,IE,quantile,0.3,35.52997970581055
2026-09-16,ARI incidence,2026-09-13,1,IE,quantile,0.35,36.352821350097656
2026-09-16,ARI incidence,2026-09-13,1,IE,quantile,0.4,37.15220260620117
2026-09-16,ARI incidence,2026-09-13,1,IE,quantile,0.45,37.827415466308594
2026-09-16,ARI incidence,2026-09-13,1,IE,quantile,0.5,38.6900749206543
2026-09-16,ARI incidence,2026-09-13,1,IE,quantile,0.55,39.37562561035156
2026-09-16,ARI incidence,2026-09-13,1,IE,quantile,0.6,40.042991638183594
2026-09-16,ARI incidence,2026-09-13,1,IE,quantile,0.65,40.89169692993164
2026-09-16,ARI incidence,2026-09-13,1,IE,quantile,0.7,41.888275146484375
2026-09-16,ARI incidence,2026-09-13,1,IE,quantile,0.75,42.945980072021484
2026-09-16,ARI incidence,2026-09-13,1,IE,quantile,0.8,44.38235092163086
2026-09-16,ARI incidence,2026-09-13,1,IE,quantile,0.85,46.144283294677734
2026-09-16,ARI incidence,2026-09-13,1,IE,quantile,0.9,48.33372497558594
2026-09-16,ARI incidence,2026-09-13,1,IE,quantile,0.95,51.79722595214844
2026-09-16,ARI incidence,2026-09-13,1,IE,quantile,0.975,57.389122009277344
2026-09-16,ARI incidence,2026-09-13,1,IE,quantile,0.99,60.74425506591797
2026-09-16,ARI incidence,2026-09-20,2,IE,quantile,0.01,25.601072311401367
2026-09-16,ARI incidence,2026-09-20,2,IE,quantile,0.025,28.205631256103516
2026-09-16,ARI incidence,2026-09-20,2,IE,quantile,0.05,32.54656219482422
2026-09-16,ARI incidence,2026-09-20,2,IE,quantile,0.1,35.536373138427734
2026-09-16,ARI incidence,2026-09-20,2,IE,quantile,0.15,37.47407150268555
2026-09-16,ARI incidence,2026-09-20,2,IE,quantile,0.2,39.01106262207031
2026-09-16,ARI incidence,2026-09-20,2,IE,quantile,0.25,40.32618713378906
2026-09-16,ARI incidence,2026-09-20,2,IE,quantile,0.3,41.29045104980469
2026-09-16,ARI incidence,2026-09-20,2,IE,quantile,0.35,42.45174026489258
2026-09-16,ARI incidence,2026-09-20,2,IE,quantile,0.4,43.51320266723633
2026-09-16,ARI incidence,2026-09-20,2,IE,quantile,0.45,44.337467193603516
2026-09-16,ARI incidence,2026-09-20,2,IE,quantile,0.5,45.21851348876953
2026-09-16,ARI incidence,2026-09-20,2,IE,quantile,0.55,46.194419860839844
2026-09-16,ARI incidence,2026-09-20,2,IE,quantile,0.6,47.14289093017578
2026-09-16,ARI incidence,2026-09-20,2,IE,quantile,0.65,48.23783874511719
2026-09-16,ARI incidence,2026-09-20,2,IE,quantile,0.7,49.197330474853516
2026-09-16,ARI incidence,2026-09-20,2,IE,quantile,0.75,50.40807342529297
2026-09-16,ARI incidence,2026-09-20,2,IE,quantile,0.8,51.66142654418945
2026-09-16,ARI incidence,2026-09-20,2,IE,quantile,0.85,53.380001068115234
2026-09-16,ARI incidence,2026-09-20,2,IE,quantile,0.9,55.65867614746094
2026-09-16,ARI incidence,2026-09-20,2,IE,quantile,0.95,60.056453704833984
2026-09-16,ARI incidence,2026-09-20,2,IE,quantile,0.975,68.4092788696289
2026-09-16,ARI incidence,2026-09-20,2,IE,quantile,0.99,73.42095947265625
2026-09-16,ARI incidence,2026-09-27,3,IE,quantile,0.01,29.447996139526367
2026-09-16,ARI incidence,2026-09-27,3,IE,quantile,0.025,32.481868743896484
2026-09-16,ARI incidence,2026-09-27,3,IE,quantile,0.05,37.53832244873047
2026-09-16,ARI incidence,2026-09-27,3,IE,quantile,0.1,41.28990936279297
2026-09-16,ARI incidence,2026-09-27,3,IE,quantile,0.15,43.21662902832031
2026-09-16,ARI incidence,2026-09-27,3,IE,quantile,0.2,44.947044372558594
2026-09-16,ARI incidence,2026-09-27,3,IE,quantile,0.25,46.36225891113281
2026-09-16,ARI incidence,2026-09-27,3,IE,quantile,0.3,47.74385070800781
2026-09-16,ARI incidence,2026-09-27,3,IE,quantile,0.35,48.92189025878906
2026-09-16,ARI incidence,2026-09-27,3,IE,quantile,0.4,50.035545349121094
2026-09-16,ARI incidence,2026-09-27,3,IE,quantile,0.45,50.80807113647461
2026-09-16,ARI incidence,2026-09-27,3,IE,quantile,0.5,51.9859504699707
2026-09-16,ARI incidence,2026-09-27,3,IE,quantile,0.55,53.125213623046875
2026-09-16,ARI incidence,2026-09-27,3,IE,quantile,0.6,54.150508880615234
2026-09-16,ARI incidence,2026-09-27,3,IE,quantile,0.65,55.159812927246094
2026-09-16,ARI incidence,2026-09-27,3,IE,quantile,0.7,56.49064636230469
2026-09-16,ARI incidence,2026-09-27,3,IE,quantile,0.75,57.98651123046875
2026-09-16,ARI incidence,2026-09-27,3,IE,quantile,0.8,59.64094161987305
2026-09-16,ARI incidence,2026-09-27,3,IE,quantile,0.85,61.81531524658203
2026-09-16,ARI incidence,2026-09-27,3,IE,quantile,0.9,64.7566909790039
2026-09-16,ARI incidence,2026-09-27,3,IE,quantile,0.95,69.90873718261719
2026-09-16,ARI incidence,2026-09-27,3,IE,quantile,0.975,80.09398651123047
2026-09-16,ARI incidence,2026-09-27,3,IE,quantile,0.99,86.20512390136719
2026-09-16,ARI incidence,2026-10-04,4,IE,quantile,0.01,29.386192321777344
2026-09-16,ARI incidence,2026-10-04,4,IE,quantile,0.025,32.638580322265625
2026-09-16,ARI incidence,2026-10-04,4,IE,quantile,0.05,38.059226989746094
2026-09-16,ARI incidence,2026-10-04,4,IE,quantile,0.1,42.65778732299805
2026-09-16,ARI incidence,2026-10-04,4,IE,quantile,0.15,45.37495040893555
2026-09-16,ARI incidence,2026-10-04,4,IE,quantile,0.2,47.1276969909668
2026-09-16,ARI incidence,2026-10-04,4,IE,quantile,0.25,48.786102294921875
2026-09-16,ARI incidence,2026-10-04,4,IE,quantile,0.3,50.19411849975586
2026-09-16,ARI incidence,2026-10-04,4,IE,quantile,0.35,51.30778884887695
2026-09-16,ARI incidence,2026-10-04,4,IE,quantile,0.4,52.53608703613281
2026-09-16,ARI incidence,2026-10-04,4,IE,quantile,0.45,53.3299560546875
2026-09-16,ARI incidence,2026-10-04,4,IE,quantile,0.5,54.75049591064453
2026-09-16,ARI incidence,2026-10-04,4,IE,quantile,0.55,56.07059860229492
2026-09-16,ARI incidence,2026-10-04,4,IE,quantile,0.6,57.35553741455078
2026-09-16,ARI incidence,2026-10-04,4,IE,quantile,0.65,58.81287384033203
2026-09-16,ARI incidence,2026-10-04,4,IE,quantile,0.7,60.24159240722656
2026-09-16,ARI incidence,2026-10-04,4,IE,quantile,0.75,61.85041427612305
2026-09-16,ARI incidence,2026-10-04,4,IE,quantile,0.8,63.76760482788086
2026-09-16,ARI incidence,2026-10-04,4,IE,quantile,0.85,66.0035171508789
2026-09-16,ARI incidence,2026-10-04,4,IE,quantile,0.9,69.415283203125
2026-09-16,ARI incidence,2026-10-04,4,IE,quantile,0.95,75.96409606933594
2026-09-16,ARI incidence,2026-10-04,4,IE,quantile,0.975,87.44325256347656
2026-09-16,ARI incidence,2026-10-04,4,IE,quantile,0.99,94.33072662353516
2026-09-16,ARI incidence,2026-09-13,1,IS,quantile,0.01,30.218486785888672
2026-09-16,ARI incidence,2026-09-13,1,IS,quantile,0.025,33.60405731201172
2026-09-16,ARI incidence,2026-09-13,1,IS,quantile,0.05,39.246673583984375
2026-09-16,ARI incidence,2026-09-13,1,IS,quantile,0.1,42.67809295654297
2026-09-16,ARI incidence,2026-09-13,1,IS,quantile,0.15,44.57965850830078
2026-09-16,ARI incidence,2026-09-13,1,IS,quantile,0.2,45.917476654052734
2026-09-16,ARI incidence,2026-09-13,1,IS,quantile,0.25,46.976139068603516
2026-09-16,ARI incidence,2026-09-13,1,IS,quantile,0.3,47.886844635009766
2026-09-16,ARI incidence,2026-09-13,1,IS,quantile,0.35,48.845001220703125
2026-09-16,ARI incidence,2026-09-13,1,IS,quantile,0.4,49.70984649658203
2026-09-16,ARI incidence,2026-09-13,1,IS,quantile,0.45,50.44332504272461
2026-09-16,ARI incidence,2026-09-13,1,IS,quantile,0.5,51.305946350097656
2026-09-16,ARI incidence,2026-09-13,1,IS,quantile,0.55,52.09242248535156
2026-09-16,ARI incidence,2026-09-13,1,IS,quantile,0.6,52.83378601074219
2026-09-16,ARI incidence,2026-09-13,1,IS,quantile,0.65,53.77129364013672
2026-09-16,ARI incidence,2026-09-13,1,IS,quantile,0.7,54.84809112548828
2026-09-16,ARI incidence,2026-09-13,1,IS,quantile,0.75,56.115135192871094
2026-09-16,ARI incidence,2026-09-13,1,IS,quantile,0.8,57.80702590942383
2026-09-16,ARI incidence,2026-09-13,1,IS,quantile,0.85,59.887306213378906
2026-09-16,ARI incidence,2026-09-13,1,IS,quantile,0.9,62.68113327026367
2026-09-16,ARI incidence,2026-09-13,1,IS,quantile,0.95,67.75851440429688
2026-09-16,ARI incidence,2026-09-13,1,IS,quantile,0.975,76.66094970703125
2026-09-16,ARI incidence,2026-09-13,1,IS,quantile,0.99,82.00240325927734
2026-09-16,ARI incidence,2026-09-20,2,IS,quantile,0.01,29.03097915649414
2026-09-16,ARI incidence,2026-09-20,2,IS,quantile,0.025,32.794525146484375
2026-09-16,ARI incidence,2026-09-20,2,IS,quantile,0.05,39.067100524902344
2026-09-16,ARI incidence,2026-09-20,2,IS,quantile,0.1,42.529571533203125
2026-09-16,ARI incidence,2026-09-20,2,IS,quantile,0.15,44.71609115600586
2026-09-16,ARI incidence,2026-09-20,2,IS,quantile,0.2,46.35211181640625
2026-09-16,ARI incidence,2026-09-20,2,IS,quantile,0.25,47.77790069580078
2026-09-16,ARI incidence,2026-09-20,2,IS,quantile,0.3,48.94364547729492
2026-09-16,ARI incidence,2026-09-20,2,IS,quantile,0.35,50.12464141845703
2026-09-16,ARI incidence,2026-09-20,2,IS,quantile,0.4,51.22248840332031
2026-09-16,ARI incidence,2026-09-20,2,IS,quantile,0.45,52.278385162353516
2026-09-16,ARI incidence,2026-09-20,2,IS,quantile,0.5,53.26900863647461
2026-09-16,ARI incidence,2026-09-20,2,IS,quantile,0.55,54.4073600769043
2026-09-16,ARI incidence,2026-09-20,2,IS,quantile,0.6,55.53676223754883
2026-09-16,ARI incidence,2026-09-20,2,IS,quantile,0.65,56.772518157958984
2026-09-16,ARI incidence,2026-09-20,2,IS,quantile,0.7,58.08076858520508
2026-09-16,ARI incidence,2026-09-20,2,IS,quantile,0.75,59.5755729675293
2026-09-16,ARI incidence,2026-09-20,2,IS,quantile,0.8,61.29713821411133
2026-09-16,ARI incidence,2026-09-20,2,IS,quantile,0.85,63.645626068115234
2026-09-16,ARI incidence,2026-09-20,2,IS,quantile,0.9,66.91285705566406
2026-09-16,ARI incidence,2026-09-20,2,IS,quantile,0.95,73.46684265136719
2026-09-16,ARI incidence,2026-09-20,2,IS,quantile,0.975,86.52056884765625
2026-09-16,ARI incidence,2026-09-20,2,IS,quantile,0.99,94.35279083251953
2026-09-16,ARI incidence,2026-09-27,3,IS,quantile,0.01,28.09048843383789
2026-09-16,ARI incidence,2026-09-27,3,IS,quantile,0.025,32.36064910888672
2026-09-16,ARI incidence,2026-09-27,3,IS,quantile,0.05,39.47758102416992
2026-09-16,ARI incidence,2026-09-27,3,IS,quantile,0.1,43.482093811035156
2026-09-16,ARI incidence,2026-09-27,3,IS,quantile,0.15,45.67469024658203
2026-09-16,ARI incidence,2026-09-27,3,IS,quantile,0.2,47.61404037475586
2026-09-16,ARI incidence,2026-09-27,3,IS,quantile,0.25,49.15366744995117
2026-09-16,ARI incidence,2026-09-27,3,IS,quantile,0.3,50.57722854614258
2026-09-16,ARI incidence,2026-09-27,3,IS,quantile,0.35,51.90214538574219
2026-09-16,ARI incidence,2026-09-27,3,IS,quantile,0.4,53.084510803222656
2026-09-16,ARI incidence,2026-09-27,3,IS,quantile,0.45,54.167869567871094
2026-09-16,ARI incidence,2026-09-27,3,IS,quantile,0.5,55.42437744140625
2026-09-16,ARI incidence,2026-09-27,3,IS,quantile,0.55,56.72690200805664
2026-09-16,ARI incidence,2026-09-27,3,IS,quantile,0.6,58.04288864135742
2026-09-16,ARI incidence,2026-09-27,3,IS,quantile,0.65,59.3538932800293
2026-09-16,ARI incidence,2026-09-27,3,IS,quantile,0.7,60.94441223144531
2026-09-16,ARI incidence,2026-09-27,3,IS,quantile,0.75,62.92806625366211
2026-09-16,ARI incidence,2026-09-27,3,IS,quantile,0.8,65.22029113769531
2026-09-16,ARI incidence,2026-09-27,3,IS,quantile,0.85,68.41007995605469
2026-09-16,ARI incidence,2026-09-27,3,IS,quantile,0.9,73.00318145751953
2026-09-16,ARI incidence,2026-09-27,3,IS,quantile,0.95,81.9209213256836
2026-09-16,ARI incidence,2026-09-27,3,IS,quantile,0.975,99.09060668945312
2026-09-16,ARI incidence,2026-09-27,3,IS,quantile,0.99,109.39239501953125
2026-09-16,ARI incidence,2026-10-04,4,IS,quantile,0.01,27.932472229003906
2026-09-16,ARI incidence,2026-10-04,4,IS,quantile,0.025,32.229408264160156
2026-09-16,ARI incidence,2026-10-04,4,IS,quantile,0.05,39.390968322753906
2026-09-16,ARI incidence,2026-10-04,4,IS,quantile,0.1,43.9478759765625
2026-09-16,ARI incidence,2026-10-04,4,IS,quantile,0.15,46.635677337646484
2026-09-16,ARI incidence,2026-10-04,4,IS,quantile,0.2,48.70207214355469
2026-09-16,ARI incidence,2026-10-04,4,IS,quantile,0.25,50.404388427734375
2026-09-16,ARI incidence,2026-10-04,4,IS,quantile,0.3,52.08872985839844
2026-09-16,ARI incidence,2026-10-04,4,IS,quantile,0.35,53.41694641113281
2026-09-16,ARI incidence,2026-10-04,4,IS,quantile,0.4,54.849422454833984
2026-09-16,ARI incidence,2026-10-04,4,IS,quantile,0.45,56.02369689941406
2026-09-16,ARI incidence,2026-10-04,4,IS,quantile,0.5,57.54014587402344
2026-09-16,ARI incidence,2026-10-04,4,IS,quantile,0.55,59.04609680175781
2026-09-16,ARI incidence,2026-10-04,4,IS,quantile,0.6,60.61787033081055
2026-09-16,ARI incidence,2026-10-04,4,IS,quantile,0.65,62.383033752441406
2026-09-16,ARI incidence,2026-10-04,4,IS,quantile,0.7,64.35083770751953
2026-09-16,ARI incidence,2026-10-04,4,IS,quantile,0.75,66.68961334228516
2026-09-16,ARI incidence,2026-10-04,4,IS,quantile,0.8,69.61275482177734
2026-09-16,ARI incidence,2026-10-04,4,IS,quantile,0.85,73.53360748291016
2026-09-16,ARI incidence,2026-10-04,4,IS,quantile,0.9,79.28412628173828
2026-09-16,ARI incidence,2026-10-04,4,IS,quantile,0.95,91.19701385498047
2026-09-16,ARI incidence,2026-10-04,4,IS,quantile,0.975,113.73271179199219
2026-09-16,ARI incidence,2026-10-04,4,IS,quantile,0.99,127.25410461425781
2026-09-16,ARI incidence,2026-09-13,1,LT,quantile,0.01,102.01727294921875
2026-09-16,ARI incidence,2026-09-13,1,LT,quantile,0.025,140.92860412597656
2026-09-16,ARI incidence,2026-09-13,1,LT,quantile,0.05,205.78082275390625
2026-09-16,ARI incidence,2026-09-13,1,LT,quantile,0.1,240.6982421875
2026-09-16,ARI incidence,2026-09-13,1,LT,quantile,0.15,260.9781494140625
2026-09-16,ARI incidence,2026-09-13,1,LT,quantile,0.2,275.72320556640625
2026-09-16,ARI incidence,2026-09-13,1,LT,quantile,0.25,285.958984375
2026-09-16,ARI incidence,2026-09-13,1,LT,quantile,0.3,296.538818359375
2026-09-16,ARI incidence,2026-09-13,1,LT,quantile,0.35,306.9059753417969
2026-09-16,ARI incidence,2026-09-13,1,LT,quantile,0.4,315.8612365722656
2026-09-16,ARI incidence,2026-09-13,1,LT,quantile,0.45,323.6793518066406
2026-09-16,ARI incidence,2026-09-13,1,LT,quantile,0.5,332.94879150390625
2026-09-16,ARI incidence,2026-09-13,1,LT,quantile,0.55,339.06622314453125
2026-09-16,ARI incidence,2026-09-13,1,LT,quantile,0.6,344.7541198730469
2026-09-16,ARI incidence,2026-09-13,1,LT,quantile,0.65,355.3873596191406
2026-09-16,ARI incidence,2026-09-13,1,LT,quantile,0.7,364.6140441894531
2026-09-16,ARI incidence,2026-09-13,1,LT,quantile,0.75,374.60272216796875
2026-09-16,ARI incidence,2026-09-13,1,LT,quantile,0.8,388.3733215332031
2026-09-16,ARI incidence,2026-09-13,1,LT,quantile,0.85,405.19805908203125
2026-09-16,ARI incidence,2026-09-13,1,LT,quantile,0.9,428.13189697265625
2026-09-16,ARI incidence,2026-09-13,1,LT,quantile,0.95,470.14630126953125
2026-09-16,ARI incidence,2026-09-13,1,LT,quantile,0.975,552.946044921875
2026-09-16,ARI incidence,2026-09-13,1,LT,quantile,0.99,602.625732421875
2026-09-16,ARI incidence,2026-09-20,2,LT,quantile,0.01,166.4884033203125
2026-09-16,ARI incidence,2026-09-20,2,LT,quantile,0.025,208.23974609375
2026-09-16,ARI incidence,2026-09-20,2,LT,quantile,0.05,277.8252868652344
2026-09-16,ARI incidence,2026-09-20,2,LT,quantile,0.1,319.37896728515625
2026-09-16,ARI incidence,2026-09-20,2,LT,quantile,0.15,343.911865234375
2026-09-16,ARI incidence,2026-09-20,2,LT,quantile,0.2,363.2299499511719
2026-09-16,ARI incidence,2026-09-20,2,LT,quantile,0.25,379.1419982910156
2026-09-16,ARI incidence,2026-09-20,2,LT,quantile,0.3,392.3187561035156
2026-09-16,ARI incidence,2026-09-20,2,LT,quantile,0.35,406.0970153808594
2026-09-16,ARI incidence,2026-09-20,2,LT,quantile,0.4,417.94012451171875
2026-09-16,ARI incidence,2026-09-20,2,LT,quantile,0.45,428.2319641113281
2026-09-16,ARI incidence,2026-09-20,2,LT,quantile,0.5,441.4080810546875
2026-09-16,ARI incidence,2026-09-20,2,LT,quantile,0.55,452.3346252441406
2026-09-16,ARI incidence,2026-09-20,2,LT,quantile,0.6,465.6928405761719
2026-09-16,ARI incidence,2026-09-20,2,LT,quantile,0.65,478.6468811035156
2026-09-16,ARI incidence,2026-09-20,2,LT,quantile,0.7,493.4732666015625
2026-09-16,ARI incidence,2026-09-20,2,LT,quantile,0.75,509.7265625
2026-09-16,ARI incidence,2026-09-20,2,LT,quantile,0.8,527.0821533203125
2026-09-16,ARI incidence,2026-09-20,2,LT,quantile,0.85,551.3370361328125
2026-09-16,ARI incidence,2026-09-20,2,LT,quantile,0.9,583.5714111328125
2026-09-16,ARI incidence,2026-09-20,2,LT,quantile,0.95,636.845703125
2026-09-16,ARI incidence,2026-09-20,2,LT,quantile,0.975,733.7477416992188
2026-09-16,ARI incidence,2026-09-20,2,LT,quantile,0.99,791.8887939453125
2026-09-16,ARI incidence,2026-09-27,3,LT,quantile,0.01,169.22503662109375
2026-09-16,ARI incidence,2026-09-27,3,LT,quantile,0.025,217.98623657226562
2026-09-16,ARI incidence,2026-09-27,3,LT,quantile,0.05,299.2548828125
2026-09-16,ARI incidence,2026-09-27,3,LT,quantile,0.1,349.7287292480469
2026-09-16,ARI incidence,2026-09-27,3,LT,quantile,0.15,379.0873107910156
2026-09-16,ARI incidence,2026-09-27,3,LT,quantile,0.2,401.73736572265625
2026-09-16,ARI incidence,2026-09-27,3,LT,quantile,0.25,419.9124755859375
2026-09-16,ARI incidence,2026-09-27,3,LT,quantile,0.3,435.9763488769531
2026-09-16,ARI incidence,2026-09-27,3,LT,quantile,0.35,451.845703125
2026-09-16,ARI incidence,2026-09-27,3,LT,quantile,0.4,465.454833984375
2026-09-16,ARI incidence,2026-09-27,3,LT,quantile,0.45,478.17218017578125
2026-09-16,ARI incidence,2026-09-27,3,LT,quantile,0.5,493.553955078125
2026-09-16,ARI incidence,2026-09-27,3,LT,quantile,0.55,509.17694091796875
2026-09-16,ARI incidence,2026-09-27,3,LT,quantile,0.6,525.2974853515625
2026-09-16,ARI incidence,2026-09-27,3,LT,quantile,0.65,541.4505004882812
2026-09-16,ARI incidence,2026-09-27,3,LT,quantile,0.7,560.1570434570312
2026-09-16,ARI incidence,2026-09-27,3,LT,quantile,0.75,581.0303344726562
2026-09-16,ARI incidence,2026-09-27,3,LT,quantile,0.8,605.7354736328125
2026-09-16,ARI incidence,2026-09-27,3,LT,quantile,0.85,635.6431274414062
2026-09-16,ARI incidence,2026-09-27,3,LT,quantile,0.9,678.9650268554688
2026-09-16,ARI incidence,2026-09-27,3,LT,quantile,0.95,743.4479370117188
2026-09-16,ARI incidence,2026-09-27,3,LT,quantile,0.975,852.8206176757812
2026-09-16,ARI incidence,2026-09-27,3,LT,quantile,0.99,918.444091796875
2026-09-16,ARI incidence,2026-10-04,4,LT,quantile,0.01,153.66888427734375
2026-09-16,ARI incidence,2026-10-04,4,LT,quantile,0.025,207.43463134765625
2026-09-16,ARI incidence,2026-10-04,4,LT,quantile,0.05,297.0442199707031
2026-09-16,ARI incidence,2026-10-04,4,LT,quantile,0.1,354.7173156738281
2026-09-16,ARI incidence,2026-10-04,4,LT,quantile,0.15,389.9821472167969
2026-09-16,ARI incidence,2026-10-04,4,LT,quantile,0.2,414.8551025390625
2026-09-16,ARI incidence,2026-10-04,4,LT,quantile,0.25,435.882568359375
2026-09-16,ARI incidence,2026-10-04,4,LT,quantile,0.3,454.8948059082031
2026-09-16,ARI incidence,2026-10-04,4,LT,quantile,0.35,469.8640441894531
2026-09-16,ARI incidence,2026-10-04,4,LT,quantile,0.4,487.3957214355469
2026-09-16,ARI incidence,2026-10-04,4,LT,quantile,0.45,502.0428771972656
2026-09-16,ARI incidence,2026-10-04,4,LT,quantile,0.5,521.3896484375
2026-09-16,ARI incidence,2026-10-04,4,LT,quantile,0.55,540.771240234375
2026-09-16,ARI incidence,2026-10-04,4,LT,quantile,0.6,560.31103515625
2026-09-16,ARI incidence,2026-10-04,4,LT,quantile,0.65,582.0773315429688
2026-09-16,ARI incidence,2026-10-04,4,LT,quantile,0.7,604.8703002929688
2026-09-16,ARI incidence,2026-10-04,4,LT,quantile,0.75,630.4027099609375
2026-09-16,ARI incidence,2026-10-04,4,LT,quantile,0.8,659.6358032226562
2026-09-16,ARI incidence,2026-10-04,4,LT,quantile,0.85,694.5829467773438
2026-09-16,ARI incidence,2026-10-04,4,LT,quantile,0.9,740.7415771484375
2026-09-16,ARI incidence,2026-10-04,4,LT,quantile,0.95,820.4739990234375
2026-09-16,ARI incidence,2026-10-04,4,LT,quantile,0.975,948.438232421875
2026-09-16,ARI incidence,2026-10-04,4,LT,quantile,0.99,1025.216552734375
2026-09-16,ARI incidence,2026-09-13,1,LU,quantile,0.01,244.720703125
2026-09-16,ARI incidence,2026-09-13,1,LU,quantile,0.025,964.5380249023438
2026-09-16,ARI incidence,2026-09-13,1,LU,quantile,0.05,2164.2333984375
2026-09-16,ARI incidence,2026-09-13,1,LU,quantile,0.1,3119.6357421875
2026-09-16,ARI incidence,2026-09-13,1,LU,quantile,0.15,3701.48828125
2026-09-16,ARI incidence,2026-09-13,1,LU,quantile,0.2,4162.48828125
2026-09-16,ARI incidence,2026-09-13,1,LU,quantile,0.25,4501.0576171875
2026-09-16,ARI incidence,2026-09-13,1,LU,quantile,0.3,4834.177734375
2026-09-16,ARI incidence,2026-09-13,1,LU,quantile,0.35,5125.18359375
2026-09-16,ARI incidence,2026-09-13,1,LU,quantile,0.4,5384.87109375
2026-09-16,ARI incidence,2026-09-13,1,LU,quantile,0.45,5670.75146484375
2026-09-16,ARI incidence,2026-09-13,1,LU,quantile,0.5,5951.6123046875
2026-09-16,ARI incidence,2026-09-13,1,LU,quantile,0.55,6198.35888671875
2026-09-16,ARI incidence,2026-09-13,1,LU,quantile,0.6,6495.42529296875
2026-09-16,ARI incidence,2026-09-13,1,LU,quantile,0.65,6891.82666015625
2026-09-16,ARI incidence,2026-09-13,1,LU,quantile,0.7,7326.1552734375
2026-09-16,ARI incidence,2026-09-13,1,LU,quantile,0.75,7797.0546875
2026-09-16,ARI incidence,2026-09-13,1,LU,quantile,0.8,8408.7685546875
2026-09-16,ARI incidence,2026-09-13,1,LU,quantile,0.85,9143.080078125
2026-09-16,ARI incidence,2026-09-13,1,LU,quantile,0.9,10061.7412109375
2026-09-16,ARI incidence,2026-09-13,1,LU,quantile,0.95,11492.78125
2026-09-16,ARI incidence,2026-09-13,1,LU,quantile,0.975,13483.216796875
2026-09-16,ARI incidence,2026-09-13,1,LU,quantile,0.99,14677.474609375
2026-09-16,ARI incidence,2026-09-20,2,LU,quantile,0.01,1196.4775390625
2026-09-16,ARI incidence,2026-09-20,2,LU,quantile,0.025,1969.67041015625
2026-09-16,ARI incidence,2026-09-20,2,LU,quantile,0.05,3258.3251953125
2026-09-16,ARI incidence,2026-09-20,2,LU,quantile,0.1,4157.6201171875
2026-09-16,ARI incidence,2026-09-20,2,LU,quantile,0.15,4783.2021484375
2026-09-16,ARI incidence,2026-09-20,2,LU,quantile,0.2,5270.5244140625
2026-09-16,ARI incidence,2026-09-20,2,LU,quantile,0.25,5684.02685546875
2026-09-16,ARI incidence,2026-09-20,2,LU,quantile,0.3,6069.3369140625
2026-09-16,ARI incidence,2026-09-20,2,LU,quantile,0.35,6450.1357421875
2026-09-16,ARI incidence,2026-09-20,2,LU,quantile,0.4,6791.0107421875
2026-09-16,ARI incidence,2026-09-20,2,LU,quantile,0.45,7126.65625
2026-09-16,ARI incidence,2026-09-20,2,LU,quantile,0.5,7465.3349609375
2026-09-16,ARI incidence,2026-09-20,2,LU,quantile,0.55,7795.96142578125
2026-09-16,ARI incidence,2026-09-20,2,LU,quantile,0.6,8203.8740234375
2026-09-16,ARI incidence,2026-09-20,2,LU,quantile,0.65,8616.576171875
2026-09-16,ARI incidence,2026-09-20,2,LU,quantile,0.7,9075.724609375
2026-09-16,ARI incidence,2026-09-20,2,LU,quantile,0.75,9620.119140625
2026-09-16,ARI incidence,2026-09-20,2,LU,quantile,0.8,10207.2265625
2026-09-16,ARI incidence,2026-09-20,2,LU,quantile,0.85,10970.5087890625
2026-09-16,ARI incidence,2026-09-20,2,LU,quantile,0.9,11957.6220703125
2026-09-16,ARI incidence,2026-09-20,2,LU,quantile,0.95,13470.619140625
2026-09-16,ARI incidence,2026-09-20,2,LU,quantile,0.975,15784.4599609375
2026-09-16,ARI incidence,2026-09-20,2,LU,quantile,0.99,17172.76171875
2026-09-16,ARI incidence,2026-09-27,3,LU,quantile,0.01,2177.67578125
2026-09-16,ARI incidence,2026-09-27,3,LU,quantile,0.025,3085.286376953125
2026-09-16,ARI incidence,2026-09-27,3,LU,quantile,0.05,4597.970703125
2026-09-16,ARI incidence,2026-09-27,3,LU,quantile,0.1,5789.3740234375
2026-09-16,ARI incidence,2026-09-27,3,LU,quantile,0.15,6516.099609375
2026-09-16,ARI incidence,2026-09-27,3,LU,quantile,0.2,7092.69775390625
2026-09-16,ARI incidence,2026-09-27,3,LU,quantile,0.25,7574.5693359375
2026-09-16,ARI incidence,2026-09-27,3,LU,quantile,0.3,8036.9169921875
2026-09-16,ARI incidence,2026-09-27,3,LU,quantile,0.35,8444.248046875
2026-09-16,ARI incidence,2026-09-27,3,LU,quantile,0.4,8806.234375
2026-09-16,ARI incidence,2026-09-27,3,LU,quantile,0.45,9163.73046875
2026-09-16,ARI incidence,2026-09-27,3,LU,quantile,0.5,9564.2998046875
2026-09-16,ARI incidence,2026-09-27,3,LU,quantile,0.55,9960.73046875
2026-09-16,ARI incidence,2026-09-27,3,LU,quantile,0.6,10369.1767578125
2026-09-16,ARI incidence,2026-09-27,3,LU,quantile,0.65,10798.486328125
2026-09-16,ARI incidence,2026-09-27,3,LU,quantile,0.7,11329.693359375
2026-09-16,ARI incidence,2026-09-27,3,LU,quantile,0.75,11917.576171875
2026-09-16,ARI incidence,2026-09-27,3,LU,quantile,0.8,12601.9248046875
2026-09-16,ARI incidence,2026-09-27,3,LU,quantile,0.85,13453.302734375
2026-09-16,ARI incidence,2026-09-27,3,LU,quantile,0.9,14597.2607421875
2026-09-16,ARI incidence,2026-09-27,3,LU,quantile,0.95,16418.7890625
2026-09-16,ARI incidence,2026-09-27,3,LU,quantile,0.975,19370.20703125
2026-09-16,ARI incidence,2026-09-27,3,LU,quantile,0.99,21141.0546875
2026-09-16,ARI incidence,2026-10-04,4,LU,quantile,0.01,2810.3505859375
2026-09-16,ARI incidence,2026-10-04,4,LU,quantile,0.025,3860.619140625
2026-09-16,ARI incidence,2026-10-04,4,LU,quantile,0.05,5611.06640625
2026-09-16,ARI incidence,2026-10-04,4,LU,quantile,0.1,7048.6328125
2026-09-16,ARI incidence,2026-10-04,4,LU,quantile,0.15,7927.71728515625
2026-09-16,ARI incidence,2026-10-04,4,LU,quantile,0.2,8582.9482421875
2026-09-16,ARI incidence,2026-10-04,4,LU,quantile,0.25,9148.609375
2026-09-16,ARI incidence,2026-10-04,4,LU,quantile,0.3,9670.189453125
2026-09-16,ARI incidence,2026-10-04,4,LU,quantile,0.35,10098.576171875
2026-09-16,ARI incidence,2026-10-04,4,LU,quantile,0.4,10547.2431640625
2026-09-16,ARI incidence,2026-10-04,4,LU,quantile,0.45,10936.1259765625
2026-09-16,ARI incidence,2026-10-04,4,LU,quantile,0.5,11393.03125
2026-09-16,ARI incidence,2026-10-04,4,LU,quantile,0.55,11858.73046875
2026-09-16,ARI incidence,2026-10-04,4,LU,quantile,0.6,12322.1875
2026-09-16,ARI incidence,2026-10-04,4,LU,quantile,0.65,12812.6796875
2026-09-16,ARI incidence,2026-10-04,4,LU,quantile,0.7,13355.708984375
2026-09-16,ARI incidence,2026-10-04,4,LU,quantile,0.75,13955.8134765625
2026-09-16,ARI incidence,2026-10-04,4,LU,quantile,0.8,14636.6953125
2026-09-16,ARI incidence,2026-10-04,4,LU,quantile,0.85,15489.5771484375
2026-09-16,ARI incidence,2026-10-04,4,LU,quantile,0.9,16653.341796875
2026-09-16,ARI incidence,2026-10-04,4,LU,quantile,0.95,18825.8828125
2026-09-16,ARI incidence,2026-10-04,4,LU,quantile,0.975,22504.02734375
2026-09-16,ARI incidence,2026-10-04,4,LU,quantile,0.99,24710.91015625
2026-09-16,ARI incidence,2026-09-13,1,LV,quantile,0.01,497.22259521484375
2026-09-16,ARI incidence,2026-09-13,1,LV,quantile,0.025,602.7052001953125
2026-09-16,ARI incidence,2026-09-13,1,LV,quantile,0.05,778.5095825195312
2026-09-16,ARI incidence,2026-09-13,1,LV,quantile,0.1,870.569580078125
2026-09-16,ARI incidence,2026-09-13,1,LV,quantile,0.15,923.8207397460938
2026-09-16,ARI incidence,2026-09-13,1,LV,quantile,0.2,963.425537109375
2026-09-16,ARI incidence,2026-09-13,1,LV,quantile,0.25,992.7877197265625
2026-09-16,ARI incidence,2026-09-13,1,LV,quantile,0.3,1020.4356689453125
2026-09-16,ARI incidence,2026-09-13,1,LV,quantile,0.35,1048.42919921875
2026-09-16,ARI incidence,2026-09-13,1,LV,quantile,0.4,1074.2833251953125
2026-09-16,ARI incidence,2026-09-13,1,LV,quantile,0.45,1097.5540771484375
2026-09-16,ARI incidence,2026-09-13,1,LV,quantile,0.5,1124.1796875
2026-09-16,ARI incidence,2026-09-13,1,LV,quantile,0.55,1148.909912109375
2026-09-16,ARI incidence,2026-09-13,1,LV,quantile,0.6,1175.2801513671875
2026-09-16,ARI incidence,2026-09-13,1,LV,quantile,0.65,1205.769775390625
2026-09-16,ARI incidence,2026-09-13,1,LV,quantile,0.7,1238.58056640625
2026-09-16,ARI incidence,2026-09-13,1,LV,quantile,0.75,1277.5533447265625
2026-09-16,ARI incidence,2026-09-13,1,LV,quantile,0.8,1323.827880859375
2026-09-16,ARI incidence,2026-09-13,1,LV,quantile,0.85,1380.8062744140625
2026-09-16,ARI incidence,2026-09-13,1,LV,quantile,0.9,1456.8165283203125
2026-09-16,ARI incidence,2026-09-13,1,LV,quantile,0.95,1605.9796142578125
2026-09-16,ARI incidence,2026-09-13,1,LV,quantile,0.975,1859.8455810546875
2026-09-16,ARI incidence,2026-09-13,1,LV,quantile,0.99,2012.164794921875
2026-09-16,ARI incidence,2026-09-20,2,LV,quantile,0.01,513.4891967773438
2026-09-16,ARI incidence,2026-09-20,2,LV,quantile,0.025,626.0442504882812
2026-09-16,ARI incidence,2026-09-20,2,LV,quantile,0.05,813.6359252929688
2026-09-16,ARI incidence,2026-09-20,2,LV,quantile,0.1,911.690673828125
2026-09-16,ARI incidence,2026-09-20,2,LV,quantile,0.15,970.9295654296875
2026-09-16,ARI incidence,2026-09-20,2,LV,quantile,0.2,1014.2044677734375
2026-09-16,ARI incidence,2026-09-20,2,LV,quantile,0.25,1050.5654296875
2026-09-16,ARI incidence,2026-09-20,2,LV,quantile,0.3,1081.587890625
2026-09-16,ARI incidence,2026-09-20,2,LV,quantile,0.35,1111.0491943359375
2026-09-16,ARI incidence,2026-09-20,2,LV,quantile,0.4,1139.03564453125
2026-09-16,ARI incidence,2026-09-20,2,LV,quantile,0.45,1166.0400390625
2026-09-16,ARI incidence,2026-09-20,2,LV,quantile,0.5,1193.6484375
2026-09-16,ARI incidence,2026-09-20,2,LV,quantile,0.55,1221.5467529296875
2026-09-16,ARI incidence,2026-09-20,2,LV,quantile,0.6,1249.950927734375
2026-09-16,ARI incidence,2026-09-20,2,LV,quantile,0.65,1278.7935791015625
2026-09-16,ARI incidence,2026-09-20,2,LV,quantile,0.7,1311.396240234375
2026-09-16,ARI incidence,2026-09-20,2,LV,quantile,0.75,1349.6641845703125
2026-09-16,ARI incidence,2026-09-20,2,LV,quantile,0.8,1394.587158203125
2026-09-16,ARI incidence,2026-09-20,2,LV,quantile,0.85,1453.63037109375
2026-09-16,ARI incidence,2026-09-20,2,LV,quantile,0.9,1537.7647705078125
2026-09-16,ARI incidence,2026-09-20,2,LV,quantile,0.95,1702.75927734375
2026-09-16,ARI incidence,2026-09-20,2,LV,quantile,0.975,2018.139404296875
2026-09-16,ARI incidence,2026-09-20,2,LV,quantile,0.99,2207.366943359375
2026-09-16,ARI incidence,2026-09-27,3,LV,quantile,0.01,521.5438842773438
2026-09-16,ARI incidence,2026-09-27,3,LV,quantile,0.025,638.1018676757812
2026-09-16,ARI incidence,2026-09-27,3,LV,quantile,0.05,832.3651123046875
2026-09-16,ARI incidence,2026-09-27,3,LV,quantile,0.1,933.7940673828125
2026-09-16,ARI incidence,2026-09-27,3,LV,quantile,0.15,992.3087158203125
2026-09-16,ARI incidence,2026-09-27,3,LV,quantile,0.2,1038.509765625
2026-09-16,ARI incidence,2026-09-27,3,LV,quantile,0.25,1075.0338134765625
2026-09-16,ARI incidence,2026-09-27,3,LV,quantile,0.3,1106.71923828125
2026-09-16,ARI incidence,2026-09-27,3,LV,quantile,0.35,1136.6451416015625
2026-09-16,ARI incidence,2026-09-27,3,LV,quantile,0.4,1163.6708984375
2026-09-16,ARI incidence,2026-09-27,3,LV,quantile,0.45,1188.114501953125
2026-09-16,ARI incidence,2026-09-27,3,LV,quantile,0.5,1215.467529296875
2026-09-16,ARI incidence,2026-09-27,3,LV,quantile,0.55,1243.7650146484375
2026-09-16,ARI incidence,2026-09-27,3,LV,quantile,0.6,1271.6990966796875
2026-09-16,ARI incidence,2026-09-27,3,LV,quantile,0.65,1299.7060546875
2026-09-16,ARI incidence,2026-09-27,3,LV,quantile,0.7,1332.9503173828125
2026-09-16,ARI incidence,2026-09-27,3,LV,quantile,0.75,1371.08251953125
2026-09-16,ARI incidence,2026-09-27,3,LV,quantile,0.8,1415.8060302734375
2026-09-16,ARI incidence,2026-09-27,3,LV,quantile,0.85,1475.01318359375
2026-09-16,ARI incidence,2026-09-27,3,LV,quantile,0.9,1562.857421875
2026-09-16,ARI incidence,2026-09-27,3,LV,quantile,0.95,1735.25048828125
2026-09-16,ARI incidence,2026-09-27,3,LV,quantile,0.975,2087.781982421875
2026-09-16,ARI incidence,2026-09-27,3,LV,quantile,0.99,2299.30029296875
2026-09-16,ARI incidence,2026-10-04,4,LV,quantile,0.01,517.6441040039062
2026-09-16,ARI incidence,2026-10-04,4,LV,quantile,0.025,636.25
2026-09-16,ARI incidence,2026-10-04,4,LV,quantile,0.05,833.9263916015625
2026-09-16,ARI incidence,2026-10-04,4,LV,quantile,0.1,942.5477294921875
2026-09-16,ARI incidence,2026-10-04,4,LV,quantile,0.15,1008.117431640625
2026-09-16,ARI incidence,2026-10-04,4,LV,quantile,0.2,1055.970703125
2026-09-16,ARI incidence,2026-10-04,4,LV,quantile,0.25,1093.8966064453125
2026-09-16,ARI incidence,2026-10-04,4,LV,quantile,0.3,1129.1392822265625
2026-09-16,ARI incidence,2026-10-04,4,LV,quantile,0.35,1156.2010498046875
2026-09-16,ARI incidence,2026-10-04,4,LV,quantile,0.4,1185.126708984375
2026-09-16,ARI incidence,2026-10-04,4,LV,quantile,0.45,1208.717529296875
2026-09-16,ARI incidence,2026-10-04,4,LV,quantile,0.5,1237.234619140625
2026-09-16,ARI incidence,2026-10-04,4,LV,quantile,0.55,1267.5523681640625
2026-09-16,ARI incidence,2026-10-04,4,LV,quantile,0.6,1297.5279541015625
2026-09-16,ARI incidence,2026-10-04,4,LV,quantile,0.65,1328.802001953125
2026-09-16,ARI incidence,2026-10-04,4,LV,quantile,0.7,1364.47021484375
2026-09-16,ARI incidence,2026-10-04,4,LV,quantile,0.75,1405.6629638671875
2026-09-16,ARI incidence,2026-10-04,4,LV,quantile,0.8,1453.57763671875
2026-09-16,ARI incidence,2026-10-04,4,LV,quantile,0.85,1515.80078125
2026-09-16,ARI incidence,2026-10-04,4,LV,quantile,0.9,1606.5821533203125
2026-09-16,ARI incidence,2026-10-04,4,LV,quantile,0.95,1801.1805419921875
2026-09-16,ARI incidence,2026-10-04,4,LV,quantile,0.975,2198.70361328125
2026-09-16,ARI incidence,2026-10-04,4,LV,quantile,0.99,2437.216796875
2026-09-16,ARI incidence,2026-09-13,1,NL,quantile,0.01,70.98019409179688
2026-09-16,ARI incidence,2026-09-13,1,NL,quantile,0.025,76.13629913330078
2026-09-16,ARI incidence,2026-09-13,1,NL,quantile,0.05,84.72981262207031
2026-09-16,ARI incidence,2026-09-13,1,NL,quantile,0.1,90.07499694824219
2026-09-16,ARI incidence,2026-09-13,1,NL,quantile,0.15,93.41268157958984
2026-09-16,ARI incidence,2026-09-13,1,NL,quantile,0.2,95.85807800292969
2026-09-16,ARI incidence,2026-09-13,1,NL,quantile,0.25,97.75386047363281
2026-09-16,ARI incidence,2026-09-13,1,NL,quantile,0.3,99.40019989013672
2026-09-16,ARI incidence,2026-09-13,1,NL,quantile,0.35,101.05499267578125
2026-09-16,ARI incidence,2026-09-13,1,NL,quantile,0.4,102.57313537597656
2026-09-16,ARI incidence,2026-09-13,1,NL,quantile,0.45,103.91560363769531
2026-09-16,ARI incidence,2026-09-13,1,NL,quantile,0.5,105.41702270507812
2026-09-16,ARI incidence,2026-09-13,1,NL,quantile,0.55,106.5989990234375
2026-09-16,ARI incidence,2026-09-13,1,NL,quantile,0.6,107.811279296875
2026-09-16,ARI incidence,2026-09-13,1,NL,quantile,0.65,109.41572570800781
2026-09-16,ARI incidence,2026-09-13,1,NL,quantile,0.7,111.09819030761719
2026-09-16,ARI incidence,2026-09-13,1,NL,quantile,0.75,112.85382843017578
2026-09-16,ARI incidence,2026-09-13,1,NL,quantile,0.8,115.21650695800781
2026-09-16,ARI incidence,2026-09-13,1,NL,quantile,0.85,118.12989044189453
2026-09-16,ARI incidence,2026-09-13,1,NL,quantile,0.9,122.13236236572266
2026-09-16,ARI incidence,2026-09-13,1,NL,quantile,0.95,129.5955810546875
2026-09-16,ARI incidence,2026-09-13,1,NL,quantile,0.975,144.3849639892578
2026-09-16,ARI incidence,2026-09-13,1,NL,quantile,0.99,153.25857543945312
2026-09-16,ARI incidence,2026-09-20,2,NL,quantile,0.01,67.65631866455078
2026-09-16,ARI incidence,2026-09-20,2,NL,quantile,0.025,73.7170639038086
2026-09-16,ARI incidence,2026-09-20,2,NL,quantile,0.05,83.81831359863281
2026-09-16,ARI incidence,2026-09-20,2,NL,quantile,0.1,89.93875885009766
2026-09-16,ARI incidence,2026-09-20,2,NL,quantile,0.15,93.94739532470703
2026-09-16,ARI incidence,2026-09-20,2,NL,quantile,0.2,96.89767456054688
2026-09-16,ARI incidence,2026-09-20,2,NL,quantile,0.25,99.40419006347656
2026-09-16,ARI incidence,2026-09-20,2,NL,quantile,0.3,101.48360443115234
2026-09-16,ARI incidence,2026-09-20,2,NL,quantile,0.35,103.57139587402344
2026-09-16,ARI incidence,2026-09-20,2,NL,quantile,0.4,105.34739685058594
2026-09-16,ARI incidence,2026-09-20,2,NL,quantile,0.45,107.08088684082031
2026-09-16,ARI incidence,2026-09-20,2,NL,quantile,0.5,108.94867706298828
2026-09-16,ARI incidence,2026-09-20,2,NL,quantile,0.55,110.71882629394531
2026-09-16,ARI incidence,2026-09-20,2,NL,quantile,0.6,112.78660583496094
2026-09-16,ARI incidence,2026-09-20,2,NL,quantile,0.65,114.79153442382812
2026-09-16,ARI incidence,2026-09-20,2,NL,quantile,0.7,116.79267120361328
2026-09-16,ARI incidence,2026-09-20,2,NL,quantile,0.75,119.18719482421875
2026-09-16,ARI incidence,2026-09-20,2,NL,quantile,0.8,121.81588745117188
2026-09-16,ARI incidence,2026-09-20,2,NL,quantile,0.85,125.33722686767578
2026-09-16,ARI incidence,2026-09-20,2,NL,quantile,0.9,130.25399780273438
2026-09-16,ARI incidence,2026-09-20,2,NL,quantile,0.95,139.09475708007812
2026-09-16,ARI incidence,2026-09-20,2,NL,quantile,0.975,157.7626953125
2026-09-16,ARI incidence,2026-09-20,2,NL,quantile,0.99,168.96343994140625
2026-09-16,ARI incidence,2026-09-27,3,NL,quantile,0.01,66.60770416259766
2026-09-16,ARI incidence,2026-09-27,3,NL,quantile,0.025,73.1473617553711
2026-09-16,ARI incidence,2026-09-27,3,NL,quantile,0.05,84.04678344726562
2026-09-16,ARI incidence,2026-09-27,3,NL,quantile,0.1,90.66252136230469
2026-09-16,ARI incidence,2026-09-27,3,NL,quantile,0.15,94.584228515625
2026-09-16,ARI incidence,2026-09-27,3,NL,quantile,0.2,97.85191345214844
2026-09-16,ARI incidence,2026-09-27,3,NL,quantile,0.25,100.49148559570312
2026-09-16,ARI incidence,2026-09-27,3,NL,quantile,0.3,103.03273010253906
2026-09-16,ARI incidence,2026-09-27,3,NL,quantile,0.35,105.29531860351562
2026-09-16,ARI incidence,2026-09-27,3,NL,quantile,0.4,107.4923095703125
2026-09-16,ARI incidence,2026-09-27,3,NL,quantile,0.45,109.46488952636719
2026-09-16,ARI incidence,2026-09-27,3,NL,quantile,0.5,111.70616912841797
2026-09-16,ARI incidence,2026-09-27,3,NL,quantile,0.55,113.85687255859375
2026-09-16,ARI incidence,2026-09-27,3,NL,quantile,0.6,116.06133270263672
2026-09-16,ARI incidence,2026-09-27,3,NL,quantile,0.65,118.23936462402344
2026-09-16,ARI incidence,2026-09-27,3,NL,quantile,0.7,120.79521942138672
2026-09-16,ARI incidence,2026-09-27,3,NL,quantile,0.75,123.80601501464844
2026-09-16,ARI incidence,2026-09-27,3,NL,quantile,0.8,127.19782257080078
2026-09-16,ARI incidence,2026-09-27,3,NL,quantile,0.85,131.54965209960938
2026-09-16,ARI incidence,2026-09-27,3,NL,quantile,0.9,137.9091033935547
2026-09-16,ARI incidence,2026-09-27,3,NL,quantile,0.95,148.4842529296875
2026-09-16,ARI incidence,2026-09-27,3,NL,quantile,0.975,170.09890747070312
2026-09-16,ARI incidence,2026-09-27,3,NL,quantile,0.99,183.0676727294922
2026-09-16,ARI incidence,2026-10-04,4,NL,quantile,0.01,65.2247543334961
2026-09-16,ARI incidence,2026-10-04,4,NL,quantile,0.025,71.87554931640625
2026-09-16,ARI incidence,2026-10-04,4,NL,quantile,0.05,82.960205078125
2026-09-16,ARI incidence,2026-10-04,4,NL,quantile,0.1,90.70648193359375
2026-09-16,ARI incidence,2026-10-04,4,NL,quantile,0.15,95.36942291259766
2026-09-16,ARI incidence,2026-10-04,4,NL,quantile,0.2,99.12077331542969
2026-09-16,ARI incidence,2026-10-04,4,NL,quantile,0.25,102.10237121582031
2026-09-16,ARI incidence,2026-10-04,4,NL,quantile,0.3,105.02555847167969
2026-09-16,ARI incidence,2026-10-04,4,NL,quantile,0.35,107.40286254882812
2026-09-16,ARI incidence,2026-10-04,4,NL,quantile,0.4,109.90318298339844
2026-09-16,ARI incidence,2026-10-04,4,NL,quantile,0.45,112.03643035888672
2026-09-16,ARI incidence,2026-10-04,4,NL,quantile,0.5,114.59294128417969
2026-09-16,ARI incidence,2026-10-04,4,NL,quantile,0.55,116.98355102539062
2026-09-16,ARI incidence,2026-10-04,4,NL,quantile,0.6,119.47378540039062
2026-09-16,ARI incidence,2026-10-04,4,NL,quantile,0.65,122.22830200195312
2026-09-16,ARI incidence,2026-10-04,4,NL,quantile,0.7,125.1943359375
2026-09-16,ARI incidence,2026-10-04,4,NL,quantile,0.75,128.81668090820312
2026-09-16,ARI incidence,2026-10-04,4,NL,quantile,0.8,132.95887756347656
2026-09-16,ARI incidence,2026-10-04,4,NL,quantile,0.85,138.17701721191406
2026-09-16,ARI incidence,2026-10-04,4,NL,quantile,0.9,145.17996215820312
2026-09-16,ARI incidence,2026-10-04,4,NL,quantile,0.95,158.306640625
2026-09-16,ARI incidence,2026-10-04,4,NL,quantile,0.975,183.90843200683594
2026-09-16,ARI incidence,2026-10-04,4,NL,quantile,0.99,199.26947021484375
2026-09-16,ARI incidence,2026-09-13,1,RO,quantile,0.01,165.03802490234375
2026-09-16,ARI incidence,2026-09-13,1,RO,quantile,0.025,232.66470336914062
2026-09-16,ARI incidence,2026-09-13,1,RO,quantile,0.05,345.37579345703125
2026-09-16,ARI incidence,2026-09-13,1,RO,quantile,0.1,390.44940185546875
2026-09-16,ARI incidence,2026-09-13,1,RO,quantile,0.15,415.4118347167969
2026-09-16,ARI incidence,2026-09-13,1,RO,quantile,0.2,434.6930236816406
2026-09-16,ARI incidence,2026-09-13,1,RO,quantile,0.25,448.632568359375
2026-09-16,ARI incidence,2026-09-13,1,RO,quantile,0.3,461.60638427734375
2026-09-16,ARI incidence,2026-09-13,1,RO,quantile,0.35,474.6752014160156
2026-09-16,ARI incidence,2026-09-13,1,RO,quantile,0.4,487.46612548828125
2026-09-16,ARI incidence,2026-09-13,1,RO,quantile,0.45,498.635009765625
2026-09-16,ARI incidence,2026-09-13,1,RO,quantile,0.5,510.7413635253906
2026-09-16,ARI incidence,2026-09-13,1,RO,quantile,0.55,521.9612426757812
2026-09-16,ARI incidence,2026-09-13,1,RO,quantile,0.6,535.9549560546875
2026-09-16,ARI incidence,2026-09-13,1,RO,quantile,0.65,551.4208374023438
2026-09-16,ARI incidence,2026-09-13,1,RO,quantile,0.7,567.9134521484375
2026-09-16,ARI incidence,2026-09-13,1,RO,quantile,0.75,586.687255859375
2026-09-16,ARI incidence,2026-09-13,1,RO,quantile,0.8,607.1746826171875
2026-09-16,ARI incidence,2026-09-13,1,RO,quantile,0.85,633.7735595703125
2026-09-16,ARI incidence,2026-09-13,1,RO,quantile,0.9,666.7244873046875
2026-09-16,ARI incidence,2026-09-13,1,RO,quantile,0.95,718.0338745117188
2026-09-16,ARI incidence,2026-09-13,1,RO,quantile,0.975,803.7197265625
2026-09-16,ARI incidence,2026-09-13,1,RO,quantile,0.99,855.131103515625
2026-09-16,ARI incidence,2026-09-20,2,RO,quantile,0.01,350.7559814453125
2026-09-16,ARI incidence,2026-09-20,2,RO,quantile,0.025,420.06988525390625
2026-09-16,ARI incidence,2026-09-20,2,RO,quantile,0.05,535.593017578125
2026-09-16,ARI incidence,2026-09-20,2,RO,quantile,0.1,596.7796020507812
2026-09-16,ARI incidence,2026-09-20,2,RO,quantile,0.15,629.8607177734375
2026-09-16,ARI incidence,2026-09-20,2,RO,quantile,0.2,654.4063110351562
2026-09-16,ARI incidence,2026-09-20,2,RO,quantile,0.25,673.4983520507812
2026-09-16,ARI incidence,2026-09-20,2,RO,quantile,0.3,691.823974609375
2026-09-16,ARI incidence,2026-09-20,2,RO,quantile,0.35,707.8302001953125
2026-09-16,ARI incidence,2026-09-20,2,RO,quantile,0.4,720.910888671875
2026-09-16,ARI incidence,2026-09-20,2,RO,quantile,0.45,733.160888671875
2026-09-16,ARI incidence,2026-09-20,2,RO,quantile,0.5,747.9458618164062
2026-09-16,ARI incidence,2026-09-20,2,RO,quantile,0.55,761.9933471679688
2026-09-16,ARI incidence,2026-09-20,2,RO,quantile,0.6,775.938720703125
2026-09-16,ARI incidence,2026-09-20,2,RO,quantile,0.65,790.4911499023438
2026-09-16,ARI incidence,2026-09-20,2,RO,quantile,0.7,806.7709350585938
2026-09-16,ARI incidence,2026-09-20,2,RO,quantile,0.75,824.753173828125
2026-09-16,ARI incidence,2026-09-20,2,RO,quantile,0.8,845.4898071289062
2026-09-16,ARI incidence,2026-09-20,2,RO,quantile,0.85,871.6640625
2026-09-16,ARI incidence,2026-09-20,2,RO,quantile,0.9,907.9038696289062
2026-09-16,ARI incidence,2026-09-20,2,RO,quantile,0.95,968.7282104492188
2026-09-16,ARI incidence,2026-09-20,2,RO,quantile,0.975,1084.6727294921875
2026-09-16,ARI incidence,2026-09-20,2,RO,quantile,0.99,1154.2392578125
2026-09-16,ARI incidence,2026-09-27,3,RO,quantile,0.01,473.9730529785156
2026-09-16,ARI incidence,2026-09-27,3,RO,quantile,0.025,542.9412841796875
2026-09-16,ARI incidence,2026-09-27,3,RO,quantile,0.05,657.8883666992188
2026-09-16,ARI incidence,2026-09-27,3,RO,quantile,0.1,723.0671997070312
2026-09-16,ARI incidence,2026-09-27,3,RO,quantile,0.15,762.2813720703125
2026-09-16,ARI incidence,2026-09-27,3,RO,quantile,0.2,787.5828857421875
2026-09-16,ARI incidence,2026-09-27,3,RO,quantile,0.25,809.5198974609375
2026-09-16,ARI incidence,2026-09-27,3,RO,quantile,0.3,828.068359375
2026-09-16,ARI incidence,2026-09-27,3,RO,quantile,0.35,843.266357421875
2026-09-16,ARI incidence,2026-09-27,3,RO,quantile,0.4,860.093017578125
2026-09-16,ARI incidence,2026-09-27,3,RO,quantile,0.45,871.8668823242188
2026-09-16,ARI incidence,2026-09-27,3,RO,quantile,0.5,888.0423583984375
2026-09-16,ARI incidence,2026-09-27,3,RO,quantile,0.55,905.0647583007812
2026-09-16,ARI incidence,2026-09-27,3,RO,quantile,0.6,920.8843383789062
2026-09-16,ARI incidence,2026-09-27,3,RO,quantile,0.65,938.477294921875
2026-09-16,ARI incidence,2026-09-27,3,RO,quantile,0.7,959.2733154296875
2026-09-16,ARI incidence,2026-09-27,3,RO,quantile,0.75,980.2463989257812
2026-09-16,ARI incidence,2026-09-27,3,RO,quantile,0.8,1005.7939453125
2026-09-16,ARI incidence,2026-09-27,3,RO,quantile,0.85,1037.0205078125
2026-09-16,ARI incidence,2026-09-27,3,RO,quantile,0.9,1081.2418212890625
2026-09-16,ARI incidence,2026-09-27,3,RO,quantile,0.95,1159.4830322265625
2026-09-16,ARI incidence,2026-09-27,3,RO,quantile,0.975,1310.368896484375
2026-09-16,ARI incidence,2026-09-27,3,RO,quantile,0.99,1400.900146484375
2026-09-16,ARI incidence,2026-10-04,4,RO,quantile,0.01,441.51739501953125
2026-09-16,ARI incidence,2026-10-04,4,RO,quantile,0.025,510.37744140625
2026-09-16,ARI incidence,2026-10-04,4,RO,quantile,0.05,625.1441650390625
2026-09-16,ARI incidence,2026-10-04,4,RO,quantile,0.1,686.3020629882812
2026-09-16,ARI incidence,2026-10-04,4,RO,quantile,0.15,722.0418701171875
2026-09-16,ARI incidence,2026-10-04,4,RO,quantile,0.2,747.7608032226562
2026-09-16,ARI incidence,2026-10-04,4,RO,quantile,0.25,767.459716796875
2026-09-16,ARI incidence,2026-10-04,4,RO,quantile,0.3,783.7951049804688
2026-09-16,ARI incidence,2026-10-04,4,RO,quantile,0.35,797.9555053710938
2026-09-16,ARI incidence,2026-10-04,4,RO,quantile,0.4,811.1799926757812
2026-09-16,ARI incidence,2026-10-04,4,RO,quantile,0.45,824.1786499023438
2026-09-16,ARI incidence,2026-10-04,4,RO,quantile,0.5,836.8805541992188
2026-09-16,ARI incidence,2026-10-04,4,RO,quantile,0.55,850.69482421875
2026-09-16,ARI incidence,2026-10-04,4,RO,quantile,0.6,864.3133544921875
2026-09-16,ARI incidence,2026-10-04,4,RO,quantile,0.65,878.12939453125
2026-09-16,ARI incidence,2026-10-04,4,RO,quantile,0.7,894.0433349609375
2026-09-16,ARI incidence,2026-10-04,4,RO,quantile,0.75,911.750732421875
2026-09-16,ARI incidence,2026-10-04,4,RO,quantile,0.8,932.600830078125
2026-09-16,ARI incidence,2026-10-04,4,RO,quantile,0.85,958.7024536132812
2026-09-16,ARI incidence,2026-10-04,4,RO,quantile,0.9,991.3001708984375
2026-09-16,ARI incidence,2026-10-04,4,RO,quantile,0.95,1051.229736328125
2026-09-16,ARI incidence,2026-10-04,4,RO,quantile,0.975,1166.8837890625
2026-09-16,ARI incidence,2026-10-04,4,RO,quantile,0.99,1236.276123046875
2026-09-16,ARI incidence,2026-09-13,1,SI,quantile,0.01,159.2218017578125
2026-09-16,ARI incidence,2026-09-13,1,SI,quantile,0.025,212.39283752441406
2026-09-16,ARI incidence,2026-09-13,1,SI,quantile,0.05,301.01123046875
2026-09-16,ARI incidence,2026-09-13,1,SI,quantile,0.1,345.5084228515625
2026-09-16,ARI incidence,2026-09-13,1,SI,quantile,0.15,373.71221923828125
2026-09-16,ARI incidence,2026-09-13,1,SI,quantile,0.2,394.731201171875
2026-09-16,ARI incidence,2026-09-13,1,SI,quantile,0.25,406.54229736328125
2026-09-16,ARI incidence,2026-09-13,1,SI,quantile,0.3,421.69854736328125
2026-09-16,ARI incidence,2026-09-13,1,SI,quantile,0.35,436.12786865234375
2026-09-16,ARI incidence,2026-09-13,1,SI,quantile,0.4,444.83148193359375
2026-09-16,ARI incidence,2026-09-13,1,SI,quantile,0.45,456.91876220703125
2026-09-16,ARI incidence,2026-09-13,1,SI,quantile,0.5,469.29022216796875
2026-09-16,ARI incidence,2026-09-13,1,SI,quantile,0.55,475.6126708984375
2026-09-16,ARI incidence,2026-09-13,1,SI,quantile,0.6,480.9434814453125
2026-09-16,ARI incidence,2026-09-13,1,SI,quantile,0.65,495.5614013671875
2026-09-16,ARI incidence,2026-09-13,1,SI,quantile,0.7,508.81414794921875
2026-09-16,ARI incidence,2026-09-13,1,SI,quantile,0.75,519.0783081054688
2026-09-16,ARI incidence,2026-09-13,1,SI,quantile,0.8,536.184326171875
2026-09-16,ARI incidence,2026-09-13,1,SI,quantile,0.85,557.3696899414062
2026-09-16,ARI incidence,2026-09-13,1,SI,quantile,0.9,588.6318359375
2026-09-16,ARI incidence,2026-09-13,1,SI,quantile,0.95,657.485595703125
2026-09-16,ARI incidence,2026-09-13,1,SI,quantile,0.975,828.236328125
2026-09-16,ARI incidence,2026-09-13,1,SI,quantile,0.99,930.6865234375
2026-09-16,ARI incidence,2026-09-20,2,SI,quantile,0.01,163.1739501953125
2026-09-16,ARI incidence,2026-09-20,2,SI,quantile,0.025,225.51466369628906
2026-09-16,ARI incidence,2026-09-20,2,SI,quantile,0.05,329.41583251953125
2026-09-16,ARI incidence,2026-09-20,2,SI,quantile,0.1,388.66680908203125
2026-09-16,ARI incidence,2026-09-20,2,SI,quantile,0.15,419.93817138671875
2026-09-16,ARI incidence,2026-09-20,2,SI,quantile,0.2,445.97113037109375
2026-09-16,ARI incidence,2026-09-20,2,SI,quantile,0.25,465.04119873046875
2026-09-16,ARI incidence,2026-09-20,2,SI,quantile,0.3,484.322265625
2026-09-16,ARI incidence,2026-09-20,2,SI,quantile,0.35,501.0645751953125
2026-09-16,ARI incidence,2026-09-20,2,SI,quantile,0.4,510.78350830078125
2026-09-16,ARI incidence,2026-09-20,2,SI,quantile,0.45,522.8577270507812
2026-09-16,ARI incidence,2026-09-20,2,SI,quantile,0.5,538.834228515625
2026-09-16,ARI incidence,2026-09-20,2,SI,quantile,0.55,548.5709228515625
2026-09-16,ARI incidence,2026-09-20,2,SI,quantile,0.6,563.5684204101562
2026-09-16,ARI incidence,2026-09-20,2,SI,quantile,0.65,579.9039916992188
2026-09-16,ARI incidence,2026-09-20,2,SI,quantile,0.7,599.1041870117188
2026-09-16,ARI incidence,2026-09-20,2,SI,quantile,0.75,622.1927490234375
2026-09-16,ARI incidence,2026-09-20,2,SI,quantile,0.8,645.9249877929688
2026-09-16,ARI incidence,2026-09-20,2,SI,quantile,0.85,680.2734375
2026-09-16,ARI incidence,2026-09-20,2,SI,quantile,0.9,730.0050048828125
2026-09-16,ARI incidence,2026-09-20,2,SI,quantile,0.95,818.72265625
2026-09-16,ARI incidence,2026-09-20,2,SI,quantile,0.975,1015.163818359375
2026-09-16,ARI incidence,2026-09-20,2,SI,quantile,0.99,1133.0281982421875
2026-09-16,ARI incidence,2026-09-27,3,SI,quantile,0.01,143.7294921875
2026-09-16,ARI incidence,2026-09-27,3,SI,quantile,0.025,210.7720947265625
2026-09-16,ARI incidence,2026-09-27,3,SI,quantile,0.05,322.509765625
2026-09-16,ARI incidence,2026-09-27,3,SI,quantile,0.1,386.392333984375
2026-09-16,ARI incidence,2026-09-27,3,SI,quantile,0.15,424.536865234375
2026-09-16,ARI incidence,2026-09-27,3,SI,quantile,0.2,452.5230712890625
2026-09-16,ARI incidence,2026-09-27,3,SI,quantile,0.25,475.63275146484375
2026-09-16,ARI incidence,2026-09-27,3,SI,quantile,0.3,495.28759765625
2026-09-16,ARI incidence,2026-09-27,3,SI,quantile,0.35,512.9194946289062
2026-09-16,ARI incidence,2026-09-27,3,SI,quantile,0.4,531.2771606445312
2026-09-16,ARI incidence,2026-09-27,3,SI,quantile,0.45,547.0529174804688
2026-09-16,ARI incidence,2026-09-27,3,SI,quantile,0.5,563.0639038085938
2026-09-16,ARI incidence,2026-09-27,3,SI,quantile,0.55,578.4356079101562
2026-09-16,ARI incidence,2026-09-27,3,SI,quantile,0.6,593.4125366210938
2026-09-16,ARI incidence,2026-09-27,3,SI,quantile,0.65,610.0046997070312
2026-09-16,ARI incidence,2026-09-27,3,SI,quantile,0.7,632.4163208007812
2026-09-16,ARI incidence,2026-09-27,3,SI,quantile,0.75,655.8955078125
2026-09-16,ARI incidence,2026-09-27,3,SI,quantile,0.8,684.5257568359375
2026-09-16,ARI incidence,2026-09-27,3,SI,quantile,0.85,724.9800415039062
2026-09-16,ARI incidence,2026-09-27,3,SI,quantile,0.9,790.3335571289062
2026-09-16,ARI incidence,2026-09-27,3,SI,quantile,0.95,892.0533447265625
2026-09-16,ARI incidence,2026-09-27,3,SI,quantile,0.975,1115.8642578125
2026-09-16,ARI incidence,2026-09-27,3,SI,quantile,0.99,1250.150390625
2026-09-16,ARI incidence,2026-10-04,4,SI,quantile,0.01,86.5167236328125
2026-09-16,ARI incidence,2026-10-04,4,SI,quantile,0.025,165.9541015625
2026-09-16,ARI incidence,2026-10-04,4,SI,quantile,0.05,298.3497314453125
2026-09-16,ARI incidence,2026-10-04,4,SI,quantile,0.1,380.50390625
2026-09-16,ARI incidence,2026-10-04,4,SI,quantile,0.15,425.01287841796875
2026-09-16,ARI incidence,2026-10-04,4,SI,quantile,0.2,460.40765380859375
2026-09-16,ARI incidence,2026-10-04,4,SI,quantile,0.25,485.22833251953125
2026-09-16,ARI incidence,2026-10-04,4,SI,quantile,0.3,502.561767578125
2026-09-16,ARI incidence,2026-10-04,4,SI,quantile,0.35,519.4513549804688
2026-09-16,ARI incidence,2026-10-04,4,SI,quantile,0.4,538.0493774414062
2026-09-16,ARI incidence,2026-10-04,4,SI,quantile,0.45,552.951904296875
2026-09-16,ARI incidence,2026-10-04,4,SI,quantile,0.5,571.9535522460938
2026-09-16,ARI incidence,2026-10-04,4,SI,quantile,0.55,590.0896606445312
2026-09-16,ARI incidence,2026-10-04,4,SI,quantile,0.6,613.4207153320312
2026-09-16,ARI incidence,2026-10-04,4,SI,quantile,0.65,634.4989624023438
2026-09-16,ARI incidence,2026-10-04,4,SI,quantile,0.7,658.48681640625
2026-09-16,ARI incidence,2026-10-04,4,SI,quantile,0.75,690.6056518554688
2026-09-16,ARI incidence,2026-10-04,4,SI,quantile,0.8,726.0607299804688
2026-09-16,ARI incidence,2026-10-04,4,SI,quantile,0.85,769.4541015625
2026-09-16,ARI incidence,2026-10-04,4,SI,quantile,0.9,834.870849609375
2026-09-16,ARI incidence,2026-10-04,4,SI,quantile,0.95,961.1444091796875
2026-09-16,ARI incidence,2026-10-04,4,SI,quantile,0.975,1199.08837890625
2026-09-16,ARI incidence,2026-10-04,4,SI,quantile,0.99,1341.8544921875
2026-09-16,ARI incidence,2026-09-13,1,SK,quantile,0.01,685.0994873046875
2026-09-16,ARI incidence,2026-09-13,1,SK,quantile,0.025,737.611572265625
2026-09-16,ARI incidence,2026-09-13,1,SK,quantile,0.05,825.1317138671875
2026-09-16,ARI incidence,2026-09-13,1,SK,quantile,0.1,880.58056640625
2026-09-16,ARI incidence,2026-09-13,1,SK,quantile,0.15,914.5470581054688
2026-09-16,ARI incidence,2026-09-13,1,SK,quantile,0.2,939.6671142578125
2026-09-16,ARI incidence,2026-09-13,1,SK,quantile,0.25,960.3118286132812
2026-09-16,ARI incidence,2026-09-13,1,SK,quantile,0.3,977.6587524414062
2026-09-16,ARI incidence,2026-09-13,1,SK,quantile,0.35,992.4578857421875
2026-09-16,ARI incidence,2026-09-13,1,SK,quantile,0.4,1007.29296875
2026-09-16,ARI incidence,2026-09-13,1,SK,quantile,0.45,1020.4214477539062
2026-09-16,ARI incidence,2026-09-13,1,SK,quantile,0.5,1033.58984375
2026-09-16,ARI incidence,2026-09-13,1,SK,quantile,0.55,1048.503173828125
2026-09-16,ARI incidence,2026-09-13,1,SK,quantile,0.6,1061.5972900390625
2026-09-16,ARI incidence,2026-09-13,1,SK,quantile,0.65,1075.6536865234375
2026-09-16,ARI incidence,2026-09-13,1,SK,quantile,0.7,1091.3739013671875
2026-09-16,ARI incidence,2026-09-13,1,SK,quantile,0.75,1109.1763916015625
2026-09-16,ARI incidence,2026-09-13,1,SK,quantile,0.8,1130.0560302734375
2026-09-16,ARI incidence,2026-09-13,1,SK,quantile,0.85,1156.4598388671875
2026-09-16,ARI incidence,2026-09-13,1,SK,quantile,0.9,1188.0238037109375
2026-09-16,ARI incidence,2026-09-13,1,SK,quantile,0.95,1242.387939453125
2026-09-16,ARI incidence,2026-09-13,1,SK,quantile,0.975,1314.2137451171875
2026-09-16,ARI incidence,2026-09-13,1,SK,quantile,0.99,1357.3092041015625
2026-09-16,ARI incidence,2026-09-20,2,SK,quantile,0.01,856.658935546875
2026-09-16,ARI incidence,2026-09-20,2,SK,quantile,0.025,910.8729858398438
2026-09-16,ARI incidence,2026-09-20,2,SK,quantile,0.05,1001.229736328125
2026-09-16,ARI incidence,2026-09-20,2,SK,quantile,0.1,1062.83642578125
2026-09-16,ARI incidence,2026-09-20,2,SK,quantile,0.15,1102.12255859375
2026-09-16,ARI incidence,2026-09-20,2,SK,quantile,0.2,1132.6217041015625
2026-09-16,ARI incidence,2026-09-20,2,SK,quantile,0.25,1157.2283935546875
2026-09-16,ARI incidence,2026-09-20,2,SK,quantile,0.3,1178.017578125
2026-09-16,ARI incidence,2026-09-20,2,SK,quantile,0.35,1196.0029296875
2026-09-16,ARI incidence,2026-09-20,2,SK,quantile,0.4,1211.9654541015625
2026-09-16,ARI incidence,2026-09-20,2,SK,quantile,0.45,1228.37451171875
2026-09-16,ARI incidence,2026-09-20,2,SK,quantile,0.5,1243.8558349609375
2026-09-16,ARI incidence,2026-09-20,2,SK,quantile,0.55,1259.8348388671875
2026-09-16,ARI incidence,2026-09-20,2,SK,quantile,0.6,1275.9254150390625
2026-09-16,ARI incidence,2026-09-20,2,SK,quantile,0.65,1291.5457763671875
2026-09-16,ARI incidence,2026-09-20,2,SK,quantile,0.7,1310.091064453125
2026-09-16,ARI incidence,2026-09-20,2,SK,quantile,0.75,1330.7772216796875
2026-09-16,ARI incidence,2026-09-20,2,SK,quantile,0.8,1355.86572265625
2026-09-16,ARI incidence,2026-09-20,2,SK,quantile,0.85,1386.461181640625
2026-09-16,ARI incidence,2026-09-20,2,SK,quantile,0.9,1422.7999267578125
2026-09-16,ARI incidence,2026-09-20,2,SK,quantile,0.95,1479.144775390625
2026-09-16,ARI incidence,2026-09-20,2,SK,quantile,0.975,1547.4713134765625
2026-09-16,ARI incidence,2026-09-20,2,SK,quantile,0.99,1588.4671630859375
2026-09-16,ARI incidence,2026-09-27,3,SK,quantile,0.01,984.1922607421875
2026-09-16,ARI incidence,2026-09-27,3,SK,quantile,0.025,1049.370849609375
2026-09-16,ARI incidence,2026-09-27,3,SK,quantile,0.05,1158.001708984375
2026-09-16,ARI incidence,2026-09-27,3,SK,quantile,0.1,1246.4150390625
2026-09-16,ARI incidence,2026-09-27,3,SK,quantile,0.15,1297.3486328125
2026-09-16,ARI incidence,2026-09-27,3,SK,quantile,0.2,1333.6527099609375
2026-09-16,ARI incidence,2026-09-27,3,SK,quantile,0.25,1359.9578857421875
2026-09-16,ARI incidence,2026-09-27,3,SK,quantile,0.3,1383.064697265625
2026-09-16,ARI incidence,2026-09-27,3,SK,quantile,0.35,1407.1044921875
2026-09-16,ARI incidence,2026-09-27,3,SK,quantile,0.4,1426.0611572265625
2026-09-16,ARI incidence,2026-09-27,3,SK,quantile,0.45,1441.6865234375
2026-09-16,ARI incidence,2026-09-27,3,SK,quantile,0.5,1462.345947265625
2026-09-16,ARI incidence,2026-09-27,3,SK,quantile,0.55,1481.577880859375
2026-09-16,ARI incidence,2026-09-27,3,SK,quantile,0.6,1498.4454345703125
2026-09-16,ARI incidence,2026-09-27,3,SK,quantile,0.65,1520.9239501953125
2026-09-16,ARI incidence,2026-09-27,3,SK,quantile,0.7,1544.0966796875
2026-09-16,ARI incidence,2026-09-27,3,SK,quantile,0.75,1571.76318359375
2026-09-16,ARI incidence,2026-09-27,3,SK,quantile,0.8,1605.596923828125
2026-09-16,ARI incidence,2026-09-27,3,SK,quantile,0.85,1646.178955078125
2026-09-16,ARI incidence,2026-09-27,3,SK,quantile,0.9,1694.1468505859375
2026-09-16,ARI incidence,2026-09-27,3,SK,quantile,0.95,1776.3809814453125
2026-09-16,ARI incidence,2026-09-27,3,SK,quantile,0.975,1912.973876953125
2026-09-16,ARI incidence,2026-09-27,3,SK,quantile,0.99,1994.9293212890625
2026-09-16,ARI incidence,2026-10-04,4,SK,quantile,0.01,1162.664306640625
2026-09-16,ARI incidence,2026-10-04,4,SK,quantile,0.025,1224.0196533203125
2026-09-16,ARI incidence,2026-10-04,4,SK,quantile,0.05,1326.2786865234375
2026-09-16,ARI incidence,2026-10-04,4,SK,quantile,0.1,1399.724853515625
2026-09-16,ARI incidence,2026-10-04,4,SK,quantile,0.15,1442.387939453125
2026-09-16,ARI incidence,2026-10-04,4,SK,quantile,0.2,1474.48291015625
2026-09-16,ARI incidence,2026-10-04,4,SK,quantile,0.25,1502.669921875
2026-09-16,ARI incidence,2026-10-04,4,SK,quantile,0.3,1526.8917236328125
2026-09-16,ARI incidence,2026-10-04,4,SK,quantile,0.35,1550.7508544921875
2026-09-16,ARI incidence,2026-10-04,4,SK,quantile,0.4,1571.85595703125
2026-09-16,ARI incidence,2026-10-04,4,SK,quantile,0.45,1593.620849609375
2026-09-16,ARI incidence,2026-10-04,4,SK,quantile,0.5,1615.086669921875
2026-09-16,ARI incidence,2026-10-04,4,SK,quantile,0.55,1636.835693359375
2026-09-16,ARI incidence,2026-10-04,4,SK,quantile,0.6,1657.161865234375
2026-09-16,ARI incidence,2026-10-04,4,SK,quantile,0.65,1683.6290283203125
2026-09-16,ARI incidence,2026-10-04,4,SK,quantile,0.7,1713.9713134765625
2026-09-16,ARI incidence,2026-10-04,4,SK,quantile,0.75,1745.6441650390625
2026-09-16,ARI incidence,2026-10-04,4,SK,quantile,0.8,1782.9149169921875
2026-09-16,ARI incidence,2026-10-04,4,SK,quantile,0.85,1831.7108154296875
2026-09-16,ARI incidence,2026-10-04,4,SK,quantile,0.9,1894.0032958984375
2026-09-16,ARI incidence,2026-10-04,4,SK,quantile,0.95,2005.009033203125
2026-09-16,ARI incidence,2026-10-04,4,SK,quantile,0.975,2208.021240234375
2026-09-16,ARI incidence,2026-10-04,4,SK,quantile,0.99,2329.828369140625
2026-09-16,ILI incidence,2026-09-13,1,AT,quantile,0.01,962.134765625
2026-09-16,ILI incidence,2026-09-13,1,AT,quantile,0.025,1067.1590576171875
2026-09-16,ILI incidence,2026-09-13,1,AT,quantile,0.05,1242.1995849609375
2026-09-16,ILI incidence,2026-09-13,1,AT,quantile,0.1,1349.6627197265625
2026-09-16,ILI incidence,2026-09-13,1,AT,quantile,0.15,1417.3812255859375
2026-09-16,ILI incidence,2026-09-13,1,AT,quantile,0.2,1473.48828125
2026-09-16,ILI incidence,2026-09-13,1,AT,quantile,0.25,1523.647216796875
2026-09-16,ILI incidence,2026-09-13,1,AT,quantile,0.3,1574.021728515625
2026-09-16,ILI incidence,2026-09-13,1,AT,quantile,0.35,1617.980712890625
2026-09-16,ILI incidence,2026-09-13,1,AT,quantile,0.4,1661.632080078125
2026-09-16,ILI incidence,2026-09-13,1,AT,quantile,0.45,1704.927734375
2026-09-16,ILI incidence,2026-09-13,1,AT,quantile,0.5,1752.7646484375
2026-09-16,ILI incidence,2026-09-13,1,AT,quantile,0.55,1801.683349609375
2026-09-16,ILI incidence,2026-09-13,1,AT,quantile,0.6,1854.82568359375
2026-09-16,ILI incidence,2026-09-13,1,AT,quantile,0.65,1908.44482421875
2026-09-16,ILI incidence,2026-09-13,1,AT,quantile,0.7,1976.190673828125
2026-09-16,ILI incidence,2026-09-13,1,AT,quantile,0.75,2052.339599609375
2026-09-16,ILI incidence,2026-09-13,1,AT,quantile,0.8,2147.059814453125
2026-09-16,ILI incidence,2026-09-13,1,AT,quantile,0.85,2264.317626953125
2026-09-16,ILI incidence,2026-09-13,1,AT,quantile,0.9,2419.10888671875
2026-09-16,ILI incidence,2026-09-13,1,AT,quantile,0.95,2712.0361328125
2026-09-16,ILI incidence,2026-09-13,1,AT,quantile,0.975,3211.3984375
2026-09-16,ILI incidence,2026-09-13,1,AT,quantile,0.99,3511.01513671875
2026-09-16,ILI incidence,2026-09-20,2,AT,quantile,0.01,970.901123046875
2026-09-16,ILI incidence,2026-09-20,2,AT,quantile,0.025,1077.4764404296875
2026-09-16,ILI incidence,2026-09-20,2,AT,quantile,0.05,1255.1019287109375
2026-09-16,ILI incidence,2026-09-20,2,AT,quantile,0.1,1366.2481689453125
2026-09-16,ILI incidence,2026-09-20,2,AT,quantile,0.15,1439.2523193359375
2026-09-16,ILI incidence,2026-09-20,2,AT,quantile,0.2,1499.3857421875
2026-09-16,ILI incidence,2026-09-20,2,AT,quantile,0.25,1550.2921142578125
2026-09-16,ILI incidence,2026-09-20,2,AT,quantile,0.3,1600.151123046875
2026-09-16,ILI incidence,2026-09-20,2,AT,quantile,0.35,1646.39794921875
2026-09-16,ILI incidence,2026-09-20,2,AT,quantile,0.4,1693.067626953125
2026-09-16,ILI incidence,2026-09-20,2,AT,quantile,0.45,1737.521240234375
2026-09-16,ILI incidence,2026-09-20,2,AT,quantile,0.5,1784.135009765625
2026-09-16,ILI incidence,2026-09-20,2,AT,quantile,0.55,1832.2735595703125
2026-09-16,ILI incidence,2026-09-20,2,AT,quantile,0.6,1886.1444091796875
2026-09-16,ILI incidence,2026-09-20,2,AT,quantile,0.65,1936.650634765625
2026-09-16,ILI incidence,2026-09-20,2,AT,quantile,0.7,2002.2496337890625
2026-09-16,ILI incidence,2026-09-20,2,AT,quantile,0.75,2078.7314453125
2026-09-16,ILI incidence,2026-09-20,2,AT,quantile,0.8,2172.971435546875
2026-09-16,ILI incidence,2026-09-20,2,AT,quantile,0.85,2293.95849609375
2026-09-16,ILI incidence,2026-09-20,2,AT,quantile,0.9,2450.094482421875
2026-09-16,ILI incidence,2026-09-20,2,AT,quantile,0.95,2741.724609375
2026-09-16,ILI incidence,2026-09-20,2,AT,quantile,0.975,3253.173095703125
2026-09-16,ILI incidence,2026-09-20,2,AT,quantile,0.99,3560.04150390625
2026-09-16,ILI incidence,2026-09-27,3,AT,quantile,0.01,957.21923828125
2026-09-16,ILI incidence,2026-09-27,3,AT,quantile,0.025,1065.9873046875
2026-09-16,ILI incidence,2026-09-27,3,AT,quantile,0.05,1247.2674560546875
2026-09-16,ILI incidence,2026-09-27,3,AT,quantile,0.1,1365.1903076171875
2026-09-16,ILI incidence,2026-09-27,3,AT,quantile,0.15,1443.5936279296875
2026-09-16,ILI incidence,2026-09-27,3,AT,quantile,0.2,1505.1875
2026-09-16,ILI incidence,2026-09-27,3,AT,quantile,0.25,1557.94189453125
2026-09-16,ILI incidence,2026-09-27,3,AT,quantile,0.3,1607.1669921875
2026-09-16,ILI incidence,2026-09-27,3,AT,quantile,0.35,1653.8260498046875
2026-09-16,ILI incidence,2026-09-27,3,AT,quantile,0.4,1701.0645751953125
2026-09-16,ILI incidence,2026-09-27,3,AT,quantile,0.45,1748.5535888671875
2026-09-16,ILI incidence,2026-09-27,3,AT,quantile,0.5,1798.8748779296875
2026-09-16,ILI incidence,2026-09-27,3,AT,quantile,0.55,1853.06494140625
2026-09-16,ILI incidence,2026-09-27,3,AT,quantile,0.6,1910.6112060546875
2026-09-16,ILI incidence,2026-09-27,3,AT,quantile,0.65,1968.0751953125
2026-09-16,ILI incidence,2026-09-27,3,AT,quantile,0.7,2035.96142578125
2026-09-16,ILI incidence,2026-09-27,3,AT,quantile,0.75,2115.64111328125
2026-09-16,ILI incidence,2026-09-27,3,AT,quantile,0.8,2215.303955078125
2026-09-16,ILI incidence,2026-09-27,3,AT,quantile,0.85,2338.3154296875
2026-09-16,ILI incidence,2026-09-27,3,AT,quantile,0.9,2491.139892578125
2026-09-16,ILI incidence,2026-09-27,3,AT,quantile,0.95,2784.60107421875
2026-09-16,ILI incidence,2026-09-27,3,AT,quantile,0.975,3305.5458984375
2026-09-16,ILI incidence,2026-09-27,3,AT,quantile,0.99,3618.1123046875
2026-09-16,ILI incidence,2026-10-04,4,AT,quantile,0.01,982.7640380859375
2026-09-16,ILI incidence,2026-10-04,4,AT,quantile,0.025,1089.659912109375
2026-09-16,ILI incidence,2026-10-04,4,AT,quantile,0.05,1267.81982421875
2026-09-16,ILI incidence,2026-10-04,4,AT,quantile,0.1,1380.19482421875
2026-09-16,ILI incidence,2026-10-04,4,AT,quantile,0.15,1448.579345703125
2026-09-16,ILI incidence,2026-10-04,4,AT,quantile,0.2,1507.093994140625
2026-09-16,ILI incidence,2026-10-04,4,AT,quantile,0.25,1557.771240234375
2026-09-16,ILI incidence,2026-10-04,4,AT,quantile,0.3,1606.16943359375
2026-09-16,ILI incidence,2026-10-04,4,AT,quantile,0.35,1652.2554931640625
2026-09-16,ILI incidence,2026-10-04,4,AT,quantile,0.4,1699.58837890625
2026-09-16,ILI incidence,2026-10-04,4,AT,quantile,0.45,1745.30419921875
2026-09-16,ILI incidence,2026-10-04,4,AT,quantile,0.5,1798.442138671875
2026-09-16,ILI incidence,2026-10-04,4,AT,quantile,0.55,1850.3629150390625
2026-09-16,ILI incidence,2026-10-04,4,AT,quantile,0.6,1906.0546875
2026-09-16,ILI incidence,2026-10-04,4,AT,quantile,0.65,1965.1597900390625
2026-09-16,ILI incidence,2026-10-04,4,AT,quantile,0.7,2034.7685546875
2026-09-16,ILI incidence,2026-10-04,4,AT,quantile,0.75,2113.861328125
2026-09-16,ILI incidence,2026-10-04,4,AT,quantile,0.8,2209.096435546875
2026-09-16,ILI incidence,2026-10-04,4,AT,quantile,0.85,2330.274169921875
2026-09-16,ILI incidence,2026-10-04,4,AT,quantile,0.9,2482.36865234375
2026-09-16,ILI incidence,2026-10-04,4,AT,quantile,0.95,2774.517333984375
2026-09-16,ILI incidence,2026-10-04,4,AT,quantile,0.975,3303.9736328125
2026-09-16,ILI incidence,2026-10-04,4,AT,quantile,0.99,3621.646484375
2026-09-16,ILI incidence,2026-09-13,1,BE,quantile,0.01,9.639968872070312
2026-09-16,ILI incidence,2026-09-13,1,BE,quantile,0.025,15.252140045166016
2026-09-16,ILI incidence,2026-09-13,1,BE,quantile,0.05,24.605758666992188
2026-09-16,ILI incidence,2026-09-13,1,BE,quantile,0.1,30.550430297851562
2026-09-16,ILI incidence,2026-09-13,1,BE,quantile,0.15,35.07958984375
2026-09-16,ILI incidence,2026-09-13,1,BE,quantile,0.2,38.53807067871094
2026-09-16,ILI incidence,2026-09-13,1,BE,quantile,0.25,41.511993408203125
2026-09-16,ILI incidence,2026-09-13,1,BE,quantile,0.3,43.900970458984375
2026-09-16,ILI incidence,2026-09-13,1,BE,quantile,0.35,46.56718444824219
2026-09-16,ILI incidence,2026-09-13,1,BE,quantile,0.4,49.331756591796875
2026-09-16,ILI incidence,2026-09-13,1,BE,quantile,0.45,51.202423095703125
2026-09-16,ILI incidence,2026-09-13,1,BE,quantile,0.5,53.9627685546875
2026-09-16,ILI incidence,2026-09-13,1,BE,quantile,0.55,55.794403076171875
2026-09-16,ILI incidence,2026-09-13,1,BE,quantile,0.6,57.58494567871094
2026-09-16,ILI incidence,2026-09-13,1,BE,quantile,0.65,60.85565185546875
2026-09-16,ILI incidence,2026-09-13,1,BE,quantile,0.7,64.095703125
2026-09-16,ILI incidence,2026-09-13,1,BE,quantile,0.75,67.37123107910156
2026-09-16,ILI incidence,2026-09-13,1,BE,quantile,0.8,71.6751708984375
2026-09-16,ILI incidence,2026-09-13,1,BE,quantile,0.85,76.65299987792969
2026-09-16,ILI incidence,2026-09-13,1,BE,quantile,0.9,84.02188110351562
2026-09-16,ILI incidence,2026-09-13,1,BE,quantile,0.95,96.3449478149414
2026-09-16,ILI incidence,2026-09-13,1,BE,quantile,0.975,124.7885513305664
2026-09-16,ILI incidence,2026-09-13,1,BE,quantile,0.99,141.85467529296875
2026-09-16,ILI incidence,2026-09-20,2,BE,quantile,0.01,14.739456176757812
2026-09-16,ILI incidence,2026-09-20,2,BE,quantile,0.025,20.799514770507812
2026-09-16,ILI incidence,2026-09-20,2,BE,quantile,0.05,30.899612426757812
2026-09-16,ILI incidence,2026-09-20,2,BE,quantile,0.1,39.465087890625
2026-09-16,ILI incidence,2026-09-20,2,BE,quantile,0.15,44.84577941894531
2026-09-16,ILI incidence,2026-09-20,2,BE,quantile,0.2,49.20579528808594
2026-09-16,ILI incidence,2026-09-20,2,BE,quantile,0.25,52.82814025878906
2026-09-16,ILI incidence,2026-09-20,2,BE,quantile,0.3,55.74897766113281
2026-09-16,ILI incidence,2026-09-20,2,BE,quantile,0.35,59.32612609863281
2026-09-16,ILI incidence,2026-09-20,2,BE,quantile,0.4,62.3031005859375
2026-09-16,ILI incidence,2026-09-20,2,BE,quantile,0.45,64.5133056640625
2026-09-16,ILI incidence,2026-09-20,2,BE,quantile,0.5,67.92796325683594
2026-09-16,ILI incidence,2026-09-20,2,BE,quantile,0.55,70.83450317382812
2026-09-16,ILI incidence,2026-09-20,2,BE,quantile,0.6,74.61453247070312
2026-09-16,ILI incidence,2026-09-20,2,BE,quantile,0.65,78.57955932617188
2026-09-16,ILI incidence,2026-09-20,2,BE,quantile,0.7,82.6227035522461
2026-09-16,ILI incidence,2026-09-20,2,BE,quantile,0.75,87.73201751708984
2026-09-16,ILI incidence,2026-09-20,2,BE,quantile,0.8,93.50302124023438
2026-09-16,ILI incidence,2026-09-20,2,BE,quantile,0.85,101.1917495727539
2026-09-16,ILI incidence,2026-09-20,2,BE,quantile,0.9,111.69517517089844
2026-09-16,ILI incidence,2026-09-20,2,BE,quantile,0.95,128.86709594726562
2026-09-16,ILI incidence,2026-09-20,2,BE,quantile,0.975,167.2445068359375
2026-09-16,ILI incidence,2026-09-20,2,BE,quantile,0.99,190.27088928222656
2026-09-16,ILI incidence,2026-09-27,3,BE,quantile,0.01,14.449386596679688
2026-09-16,ILI incidence,2026-09-27,3,BE,quantile,0.025,21.887136459350586
2026-09-16,ILI incidence,2026-09-27,3,BE,quantile,0.05,34.28338623046875
2026-09-16,ILI incidence,2026-09-27,3,BE,quantile,0.1,43.34346008300781
2026-09-16,ILI incidence,2026-09-27,3,BE,quantile,0.15,48.63471984863281
2026-09-16,ILI incidence,2026-09-27,3,BE,quantile,0.2,53.001190185546875
2026-09-16,ILI incidence,2026-09-27,3,BE,quantile,0.25,56.825958251953125
2026-09-16,ILI incidence,2026-09-27,3,BE,quantile,0.3,60.773193359375
2026-09-16,ILI incidence,2026-09-27,3,BE,quantile,0.35,63.89201354980469
2026-09-16,ILI incidence,2026-09-27,3,BE,quantile,0.4,67.20243835449219
2026-09-16,ILI incidence,2026-09-27,3,BE,quantile,0.45,69.98138427734375
2026-09-16,ILI incidence,2026-09-27,3,BE,quantile,0.5,73.95259094238281
2026-09-16,ILI incidence,2026-09-27,3,BE,quantile,0.55,77.15342712402344
2026-09-16,ILI incidence,2026-09-27,3,BE,quantile,0.6,81.0110092163086
2026-09-16,ILI incidence,2026-09-27,3,BE,quantile,0.65,85.06584930419922
2026-09-16,ILI incidence,2026-09-27,3,BE,quantile,0.7,89.76202392578125
2026-09-16,ILI incidence,2026-09-27,3,BE,quantile,0.75,95.56964874267578
2026-09-16,ILI incidence,2026-09-27,3,BE,quantile,0.8,102.51164245605469
2026-09-16,ILI incidence,2026-09-27,3,BE,quantile,0.85,111.17230224609375
2026-09-16,ILI incidence,2026-09-27,3,BE,quantile,0.9,125.25138092041016
2026-09-16,ILI incidence,2026-09-27,3,BE,quantile,0.95,145.15512084960938
2026-09-16,ILI incidence,2026-09-27,3,BE,quantile,0.975,190.43899536132812
2026-09-16,ILI incidence,2026-09-27,3,BE,quantile,0.99,217.60926818847656
2026-09-16,ILI incidence,2026-10-04,4,BE,quantile,0.01,18.14813232421875
2026-09-16,ILI incidence,2026-10-04,4,BE,quantile,0.025,25.843448638916016
2026-09-16,ILI incidence,2026-10-04,4,BE,quantile,0.05,38.668975830078125
2026-09-16,ILI incidence,2026-10-04,4,BE,quantile,0.1,49.674652099609375
2026-09-16,ILI incidence,2026-10-04,4,BE,quantile,0.15,57.81048583984375
2026-09-16,ILI incidence,2026-10-04,4,BE,quantile,0.2,63.42967224121094
2026-09-16,ILI incidence,2026-10-04,4,BE,quantile,0.25,68.57736206054688
2026-09-16,ILI incidence,2026-10-04,4,BE,quantile,0.3,73.42158508300781
2026-09-16,ILI incidence,2026-10-04,4,BE,quantile,0.35,77.60686492919922
2026-09-16,ILI incidence,2026-10-04,4,BE,quantile,0.4,82.6269302368164
2026-09-16,ILI incidence,2026-10-04,4,BE,quantile,0.45,86.44075775146484
2026-09-16,ILI incidence,2026-10-04,4,BE,quantile,0.5,91.85122680664062
2026-09-16,ILI incidence,2026-10-04,4,BE,quantile,0.55,97.28885650634766
2026-09-16,ILI incidence,2026-10-04,4,BE,quantile,0.6,102.81216430664062
2026-09-16,ILI incidence,2026-10-04,4,BE,quantile,0.65,109.29986572265625
2026-09-16,ILI incidence,2026-10-04,4,BE,quantile,0.7,116.33103942871094
2026-09-16,ILI incidence,2026-10-04,4,BE,quantile,0.75,125.11630249023438
2026-09-16,ILI incidence,2026-10-04,4,BE,quantile,0.8,135.09518432617188
2026-09-16,ILI incidence,2026-10-04,4,BE,quantile,0.85,147.23458862304688
2026-09-16,ILI incidence,2026-10-04,4,BE,quantile,0.9,163.1492919921875
2026-09-16,ILI incidence,2026-10-04,4,BE,quantile,0.95,191.57943725585938
2026-09-16,ILI incidence,2026-10-04,4,BE,quantile,0.975,243.0845184326172
2026-09-16,ILI incidence,2026-10-04,4,BE,quantile,0.99,273.98748779296875
2026-09-16,ILI incidence,2026-09-13,1,CH,quantile,0.01,9.127880096435547
2026-09-16,ILI incidence,2026-09-13,1,CH,quantile,0.025,10.349518775939941
2026-09-16,ILI incidence,2026-09-13,1,CH,quantile,0.05,12.385581970214844
2026-09-16,ILI incidence,2026-09-13,1,CH,quantile,0.1,13.658241271972656
2026-09-16,ILI incidence,2026-09-13,1,CH,quantile,0.15,14.488887786865234
2026-09-16,ILI incidence,2026-09-13,1,CH,quantile,0.2,15.174819946289062
2026-09-16,ILI incidence,2026-09-13,1,CH,quantile,0.25,15.705333709716797
2026-09-16,ILI incidence,2026-09-13,1,CH,quantile,0.3,16.172626495361328
2026-09-16,ILI incidence,2026-09-13,1,CH,quantile,0.35,16.78134536743164
2026-09-16,ILI incidence,2026-09-13,1,CH,quantile,0.4,17.242313385009766
2026-09-16,ILI incidence,2026-09-13,1,CH,quantile,0.45,17.583900451660156
2026-09-16,ILI incidence,2026-09-13,1,CH,quantile,0.5,18.176837921142578
2026-09-16,ILI incidence,2026-09-13,1,CH,quantile,0.55,18.61910629272461
2026-09-16,ILI incidence,2026-09-13,1,CH,quantile,0.6,19.348865509033203
2026-09-16,ILI incidence,2026-09-13,1,CH,quantile,0.65,20.03247833251953
2026-09-16,ILI incidence,2026-09-13,1,CH,quantile,0.7,20.564632415771484
2026-09-16,ILI incidence,2026-09-13,1,CH,quantile,0.75,21.418315887451172
2026-09-16,ILI incidence,2026-09-13,1,CH,quantile,0.8,22.308841705322266
2026-09-16,ILI incidence,2026-09-13,1,CH,quantile,0.85,23.762672424316406
2026-09-16,ILI incidence,2026-09-13,1,CH,quantile,0.9,25.729074478149414
2026-09-16,ILI incidence,2026-09-13,1,CH,quantile,0.95,29.08775520324707
2026-09-16,ILI incidence,2026-09-13,1,CH,quantile,0.975,37.818443298339844
2026-09-16,ILI incidence,2026-09-13,1,CH,quantile,0.99,43.05684280395508
2026-09-16,ILI incidence,2026-09-20,2,CH,quantile,0.01,9.115856170654297
2026-09-16,ILI incidence,2026-09-20,2,CH,quantile,0.025,10.544382095336914
2026-09-16,ILI incidence,2026-09-20,2,CH,quantile,0.05,12.92525863647461
2026-09-16,ILI incidence,2026-09-20,2,CH,quantile,0.1,14.38528823852539
2026-09-16,ILI incidence,2026-09-20,2,CH,quantile,0.15,15.21380615234375
2026-09-16,ILI incidence,2026-09-20,2,CH,quantile,0.2,15.929485321044922
2026-09-16,ILI incidence,2026-09-20,2,CH,quantile,0.25,16.57366943359375
2026-09-16,ILI incidence,2026-09-20,2,CH,quantile,0.3,17.320247650146484
2026-09-16,ILI incidence,2026-09-20,2,CH,quantile,0.35,17.816978454589844
2026-09-16,ILI incidence,2026-09-20,2,CH,quantile,0.4,18.370121002197266
2026-09-16,ILI incidence,2026-09-20,2,CH,quantile,0.45,18.780136108398438
2026-09-16,ILI incidence,2026-09-20,2,CH,quantile,0.5,19.443401336669922
2026-09-16,ILI incidence,2026-09-20,2,CH,quantile,0.55,19.906639099121094
2026-09-16,ILI incidence,2026-09-20,2,CH,quantile,0.6,20.522647857666016
2026-09-16,ILI incidence,2026-09-20,2,CH,quantile,0.65,21.189590454101562
2026-09-16,ILI incidence,2026-09-20,2,CH,quantile,0.7,21.9296875
2026-09-16,ILI incidence,2026-09-20,2,CH,quantile,0.75,22.9771728515625
2026-09-16,ILI incidence,2026-09-20,2,CH,quantile,0.8,24.194223403930664
2026-09-16,ILI incidence,2026-09-20,2,CH,quantile,0.85,25.808969497680664
2026-09-16,ILI incidence,2026-09-20,2,CH,quantile,0.9,28.628828048706055
2026-09-16,ILI incidence,2026-09-20,2,CH,quantile,0.95,32.51871109008789
2026-09-16,ILI incidence,2026-09-20,2,CH,quantile,0.975,42.674354553222656
2026-09-16,ILI incidence,2026-09-20,2,CH,quantile,0.99,48.76772689819336
2026-09-16,ILI incidence,2026-09-27,3,CH,quantile,0.01,9.839607238769531
2026-09-16,ILI incidence,2026-09-27,3,CH,quantile,0.025,11.202251434326172
2026-09-16,ILI incidence,2026-09-27,3,CH,quantile,0.05,13.473323822021484
2026-09-16,ILI incidence,2026-09-27,3,CH,quantile,0.1,15.19735336303711
2026-09-16,ILI incidence,2026-09-27,3,CH,quantile,0.15,16.26156997680664
2026-09-16,ILI incidence,2026-09-27,3,CH,quantile,0.2,17.002490997314453
2026-09-16,ILI incidence,2026-09-27,3,CH,quantile,0.25,17.621376037597656
2026-09-16,ILI incidence,2026-09-27,3,CH,quantile,0.3,18.254310607910156
2026-09-16,ILI incidence,2026-09-27,3,CH,quantile,0.35,18.851726531982422
2026-09-16,ILI incidence,2026-09-27,3,CH,quantile,0.4,19.559310913085938
2026-09-16,ILI incidence,2026-09-27,3,CH,quantile,0.45,20.047088623046875
2026-09-16,ILI incidence,2026-09-27,3,CH,quantile,0.5,20.923526763916016
2026-09-16,ILI incidence,2026-09-27,3,CH,quantile,0.55,21.709278106689453
2026-09-16,ILI incidence,2026-09-27,3,CH,quantile,0.6,22.660789489746094
2026-09-16,ILI incidence,2026-09-27,3,CH,quantile,0.65,23.693044662475586
2026-09-16,ILI incidence,2026-09-27,3,CH,quantile,0.7,24.645002365112305
2026-09-16,ILI incidence,2026-09-27,3,CH,quantile,0.75,26.0189151763916
2026-09-16,ILI incidence,2026-09-27,3,CH,quantile,0.8,27.559402465820312
2026-09-16,ILI incidence,2026-09-27,3,CH,quantile,0.85,29.544593811035156
2026-09-16,ILI incidence,2026-09-27,3,CH,quantile,0.9,32.42388153076172
2026-09-16,ILI incidence,2026-09-27,3,CH,quantile,0.95,38.14588165283203
2026-09-16,ILI incidence,2026-09-27,3,CH,quantile,0.975,49.456024169921875
2026-09-16,ILI incidence,2026-09-27,3,CH,quantile,0.99,56.242095947265625
2026-09-16,ILI incidence,2026-10-04,4,CH,quantile,0.01,9.763694763183594
2026-09-16,ILI incidence,2026-10-04,4,CH,quantile,0.025,11.524627685546875
2026-09-16,ILI incidence,2026-10-04,4,CH,quantile,0.05,14.459514617919922
2026-09-16,ILI incidence,2026-10-04,4,CH,quantile,0.1,16.143966674804688
2026-09-16,ILI incidence,2026-10-04,4,CH,quantile,0.15,17.114227294921875
2026-09-16,ILI incidence,2026-10-04,4,CH,quantile,0.2,17.95870590209961
2026-09-16,ILI incidence,2026-10-04,4,CH,quantile,0.25,18.648696899414062
2026-09-16,ILI incidence,2026-10-04,4,CH,quantile,0.3,19.271419525146484
2026-09-16,ILI incidence,2026-10-04,4,CH,quantile,0.35,19.86109161376953
2026-09-16,ILI incidence,2026-10-04,4,CH,quantile,0.4,20.47136688232422
2026-09-16,ILI incidence,2026-10-04,4,CH,quantile,0.45,21.240432739257812
2026-09-16,ILI incidence,2026-10-04,4,CH,quantile,0.5,21.813587188720703
2026-09-16,ILI incidence,2026-10-04,4,CH,quantile,0.55,22.742473602294922
2026-09-16,ILI incidence,2026-10-04,4,CH,quantile,0.6,23.546873092651367
2026-09-16,ILI incidence,2026-10-04,4,CH,quantile,0.65,24.449951171875
2026-09-16,ILI incidence,2026-10-04,4,CH,quantile,0.7,25.426998138427734
2026-09-16,ILI incidence,2026-10-04,4,CH,quantile,0.75,26.388687133789062
2026-09-16,ILI incidence,2026-10-04,4,CH,quantile,0.8,27.625667572021484
2026-09-16,ILI incidence,2026-10-04,4,CH,quantile,0.85,29.153406143188477
2026-09-16,ILI incidence,2026-10-04,4,CH,quantile,0.9,31.393760681152344
2026-09-16,ILI incidence,2026-10-04,4,CH,quantile,0.95,36.038272857666016
2026-09-16,ILI incidence,2026-10-04,4,CH,quantile,0.975,46.35212707519531
2026-09-16,ILI incidence,2026-10-04,4,CH,quantile,0.99,52.540428161621094
2026-09-16,ILI incidence,2026-09-13,1,CZ,quantile,0.01,3.032541275024414
2026-09-16,ILI incidence,2026-09-13,1,CZ,quantile,0.025,3.628465175628662
2026-09-16,ILI incidence,2026-09-13,1,CZ,quantile,0.05,4.621671676635742
2026-09-16,ILI incidence,2026-09-13,1,CZ,quantile,0.1,5.272861480712891
2026-09-16,ILI incidence,2026-09-13,1,CZ,quantile,0.15,5.686038970947266
2026-09-16,ILI incidence,2026-09-13,1,CZ,quantile,0.2,6.021629333496094
2026-09-16,ILI incidence,2026-09-13,1,CZ,quantile,0.25,6.2912750244140625
2026-09-16,ILI incidence,2026-09-13,1,CZ,quantile,0.3,6.52012825012207
2026-09-16,ILI incidence,2026-09-13,1,CZ,quantile,0.35,6.734783172607422
2026-09-16,ILI incidence,2026-09-13,1,CZ,quantile,0.4,6.997373580932617
2026-09-16,ILI incidence,2026-09-13,1,CZ,quantile,0.45,7.139118194580078
2026-09-16,ILI incidence,2026-09-13,1,CZ,quantile,0.5,7.3520355224609375
2026-09-16,ILI incidence,2026-09-13,1,CZ,quantile,0.55,7.502328872680664
2026-09-16,ILI incidence,2026-09-13,1,CZ,quantile,0.6,7.607179641723633
2026-09-16,ILI incidence,2026-09-13,1,CZ,quantile,0.65,7.868120193481445
2026-09-16,ILI incidence,2026-09-13,1,CZ,quantile,0.7,8.154817581176758
2026-09-16,ILI incidence,2026-09-13,1,CZ,quantile,0.75,8.369840621948242
2026-09-16,ILI incidence,2026-09-13,1,CZ,quantile,0.8,8.659423828125
2026-09-16,ILI incidence,2026-09-13,1,CZ,quantile,0.85,8.961910247802734
2026-09-16,ILI incidence,2026-09-13,1,CZ,quantile,0.9,9.464492797851562
2026-09-16,ILI incidence,2026-09-13,1,CZ,quantile,0.95,10.174177169799805
2026-09-16,ILI incidence,2026-09-13,1,CZ,quantile,0.975,12.190181732177734
2026-09-16,ILI incidence,2026-09-13,1,CZ,quantile,0.99,13.399782180786133
2026-09-16,ILI incidence,2026-09-20,2,CZ,quantile,0.01,3.4430618286132812
2026-09-16,ILI incidence,2026-09-20,2,CZ,quantile,0.025,4.124391078948975
2026-09-16,ILI incidence,2026-09-20,2,CZ,quantile,0.05,5.259939193725586
2026-09-16,ILI incidence,2026-09-20,2,CZ,quantile,0.1,6.207275390625
2026-09-16,ILI incidence,2026-09-20,2,CZ,quantile,0.15,6.741523742675781
2026-09-16,ILI incidence,2026-09-20,2,CZ,quantile,0.2,7.130468368530273
2026-09-16,ILI incidence,2026-09-20,2,CZ,quantile,0.25,7.426366806030273
2026-09-16,ILI incidence,2026-09-20,2,CZ,quantile,0.3,7.668758392333984
2026-09-16,ILI incidence,2026-09-20,2,CZ,quantile,0.35,7.969142913818359
2026-09-16,ILI incidence,2026-09-20,2,CZ,quantile,0.4,8.216856002807617
2026-09-16,ILI incidence,2026-09-20,2,CZ,quantile,0.45,8.355783462524414
2026-09-16,ILI incidence,2026-09-20,2,CZ,quantile,0.5,8.633821487426758
2026-09-16,ILI incidence,2026-09-20,2,CZ,quantile,0.55,8.886405944824219
2026-09-16,ILI incidence,2026-09-20,2,CZ,quantile,0.6,9.167404174804688
2026-09-16,ILI incidence,2026-09-20,2,CZ,quantile,0.65,9.503593444824219
2026-09-16,ILI incidence,2026-09-20,2,CZ,quantile,0.7,9.79994010925293
2026-09-16,ILI incidence,2026-09-20,2,CZ,quantile,0.75,10.25398063659668
2026-09-16,ILI incidence,2026-09-20,2,CZ,quantile,0.8,10.758110046386719
2026-09-16,ILI incidence,2026-09-20,2,CZ,quantile,0.85,11.45911979675293
2026-09-16,ILI incidence,2026-09-20,2,CZ,quantile,0.9,12.425485610961914
2026-09-16,ILI incidence,2026-09-20,2,CZ,quantile,0.95,13.843608856201172
2026-09-16,ILI incidence,2026-09-20,2,CZ,quantile,0.975,17.295461654663086
2026-09-16,ILI incidence,2026-09-20,2,CZ,quantile,0.99,19.36656951904297
2026-09-16,ILI incidence,2026-09-27,3,CZ,quantile,0.01,3.865234375
2026-09-16,ILI incidence,2026-09-27,3,CZ,quantile,0.025,4.609789848327637
2026-09-16,ILI incidence,2026-09-27,3,CZ,quantile,0.05,5.850715637207031
2026-09-16,ILI incidence,2026-09-27,3,CZ,quantile,0.1,6.751317977905273
2026-09-16,ILI incidence,2026-09-27,3,CZ,quantile,0.15,7.302387237548828
2026-09-16,ILI incidence,2026-09-27,3,CZ,quantile,0.2,7.713024139404297
2026-09-16,ILI incidence,2026-09-27,3,CZ,quantile,0.25,8.068563461303711
2026-09-16,ILI incidence,2026-09-27,3,CZ,quantile,0.3,8.495170593261719
2026-09-16,ILI incidence,2026-09-27,3,CZ,quantile,0.35,8.75027847290039
2026-09-16,ILI incidence,2026-09-27,3,CZ,quantile,0.4,9.036813735961914
2026-09-16,ILI incidence,2026-09-27,3,CZ,quantile,0.45,9.23112678527832
2026-09-16,ILI incidence,2026-09-27,3,CZ,quantile,0.5,9.544197082519531
2026-09-16,ILI incidence,2026-09-27,3,CZ,quantile,0.55,9.809797286987305
2026-09-16,ILI incidence,2026-09-27,3,CZ,quantile,0.6,10.077880859375
2026-09-16,ILI incidence,2026-09-27,3,CZ,quantile,0.65,10.41316032409668
2026-09-16,ILI incidence,2026-09-27,3,CZ,quantile,0.7,10.796052932739258
2026-09-16,ILI incidence,2026-09-27,3,CZ,quantile,0.75,11.293741226196289
2026-09-16,ILI incidence,2026-09-27,3,CZ,quantile,0.8,11.907918930053711
2026-09-16,ILI incidence,2026-09-27,3,CZ,quantile,0.85,12.644990921020508
2026-09-16,ILI incidence,2026-09-27,3,CZ,quantile,0.9,13.983152389526367
2026-09-16,ILI incidence,2026-09-27,3,CZ,quantile,0.95,15.603414535522461
2026-09-16,ILI incidence,2026-09-27,3,CZ,quantile,0.975,20.211597442626953
2026-09-16,ILI incidence,2026-09-27,3,CZ,quantile,0.99,22.976499557495117
2026-09-16,ILI incidence,2026-10-04,4,CZ,quantile,0.01,4.032148361206055
2026-09-16,ILI incidence,2026-10-04,4,CZ,quantile,0.025,4.759449005126953
2026-09-16,ILI incidence,2026-10-04,4,CZ,quantile,0.05,5.971616744995117
2026-09-16,ILI incidence,2026-10-04,4,CZ,quantile,0.1,6.974260330200195
2026-09-16,ILI incidence,2026-10-04,4,CZ,quantile,0.15,7.729545593261719
2026-09-16,ILI incidence,2026-10-04,4,CZ,quantile,0.2,8.147809982299805
2026-09-16,ILI incidence,2026-10-04,4,CZ,quantile,0.25,8.516263961791992
2026-09-16,ILI incidence,2026-10-04,4,CZ,quantile,0.3,8.829565048217773
2026-09-16,ILI incidence,2026-10-04,4,CZ,quantile,0.35,9.133493423461914
2026-09-16,ILI incidence,2026-10-04,4,CZ,quantile,0.4,9.512454986572266
2026-09-16,ILI incidence,2026-10-04,4,CZ,quantile,0.45,9.728273391723633
2026-09-16,ILI incidence,2026-10-04,4,CZ,quantile,0.5,10.114435195922852
2026-09-16,ILI incidence,2026-10-04,4,CZ,quantile,0.55,10.524356842041016
2026-09-16,ILI incidence,2026-10-04,4,CZ,quantile,0.6,10.933090209960938
2026-09-16,ILI incidence,2026-10-04,4,CZ,quantile,0.65,11.409000396728516
2026-09-16,ILI incidence,2026-10-04,4,CZ,quantile,0.7,11.865869522094727
2026-09-16,ILI incidence,2026-10-04,4,CZ,quantile,0.75,12.518499374389648
2026-09-16,ILI incidence,2026-10-04,4,CZ,quantile,0.8,13.292109489440918
2026-09-16,ILI incidence,2026-10-04,4,CZ,quantile,0.85,14.244389533996582
2026-09-16,ILI incidence,2026-10-04,4,CZ,quantile,0.9,15.613855361938477
2026-09-16,ILI incidence,2026-10-04,4,CZ,quantile,0.95,18.280399322509766
2026-09-16,ILI incidence,2026-10-04,4,CZ,quantile,0.975,23.820680618286133
2026-09-16,ILI incidence,2026-10-04,4,CZ,quantile,0.99,27.14484214782715
2026-09-16,ILI incidence,2026-09-13,1,DK,quantile,0.01,46.35724639892578
2026-09-16,ILI incidence,2026-09-13,1,DK,quantile,0.025,50.99277877807617
2026-09-16,ILI incidence,2026-09-13,1,DK,quantile,0.05,58.718666076660156
2026-09-16,ILI incidence,2026-09-13,1,DK,quantile,0.1,64.51243591308594
2026-09-16,ILI incidence,2026-09-13,1,DK,quantile,0.15,68.4466552734375
2026-09-16,ILI incidence,2026-09-13,1,DK,quantile,0.2,71.74533081054688
2026-09-16,ILI incidence,2026-09-13,1,DK,quantile,0.25,74.30967712402344
2026-09-16,ILI incidence,2026-09-13,1,DK,quantile,0.3,76.6436767578125
2026-09-16,ILI incidence,2026-09-13,1,DK,quantile,0.35,78.87862396240234
2026-09-16,ILI incidence,2026-09-13,1,DK,quantile,0.4,80.970703125
2026-09-16,ILI incidence,2026-09-13,1,DK,quantile,0.45,83.05270385742188
2026-09-16,ILI incidence,2026-09-13,1,DK,quantile,0.5,85.20671081542969
2026-09-16,ILI incidence,2026-09-13,1,DK,quantile,0.55,87.08120727539062
2026-09-16,ILI incidence,2026-09-13,1,DK,quantile,0.6,89.04519653320312
2026-09-16,ILI incidence,2026-09-13,1,DK,quantile,0.65,91.21436309814453
2026-09-16,ILI incidence,2026-09-13,1,DK,quantile,0.7,93.7763900756836
2026-09-16,ILI incidence,2026-09-13,1,DK,quantile,0.75,96.50684356689453
2026-09-16,ILI incidence,2026-09-13,1,DK,quantile,0.8,100.00439453125
2026-09-16,ILI incidence,2026-09-13,1,DK,quantile,0.85,104.29902648925781
2026-09-16,ILI incidence,2026-09-13,1,DK,quantile,0.9,109.69397735595703
2026-09-16,ILI incidence,2026-09-13,1,DK,quantile,0.95,118.0602035522461
2026-09-16,ILI incidence,2026-09-13,1,DK,quantile,0.975,130.5545196533203
2026-09-16,ILI incidence,2026-09-13,1,DK,quantile,0.99,138.0511016845703
2026-09-16,ILI incidence,2026-09-20,2,DK,quantile,0.01,42.802513122558594
2026-09-16,ILI incidence,2026-09-20,2,DK,quantile,0.025,48.18614959716797
2026-09-16,ILI incidence,2026-09-20,2,DK,quantile,0.05,57.15887451171875
2026-09-16,ILI incidence,2026-09-20,2,DK,quantile,0.1,62.73069381713867
2026-09-16,ILI incidence,2026-09-20,2,DK,quantile,0.15,66.75721740722656
2026-09-16,ILI incidence,2026-09-20,2,DK,quantile,0.2,69.95742797851562
2026-09-16,ILI incidence,2026-09-20,2,DK,quantile,0.25,72.76785278320312
2026-09-16,ILI incidence,2026-09-20,2,DK,quantile,0.3,75.1549072265625
2026-09-16,ILI incidence,2026-09-20,2,DK,quantile,0.35,77.63319396972656
2026-09-16,ILI incidence,2026-09-20,2,DK,quantile,0.4,79.78089141845703
2026-09-16,ILI incidence,2026-09-20,2,DK,quantile,0.45,81.99366760253906
2026-09-16,ILI incidence,2026-09-20,2,DK,quantile,0.5,84.19268798828125
2026-09-16,ILI incidence,2026-09-20,2,DK,quantile,0.55,86.46495056152344
2026-09-16,ILI incidence,2026-09-20,2,DK,quantile,0.6,88.9244384765625
2026-09-16,ILI incidence,2026-09-20,2,DK,quantile,0.65,91.41229248046875
2026-09-16,ILI incidence,2026-09-20,2,DK,quantile,0.7,93.8832778930664
2026-09-16,ILI incidence,2026-09-20,2,DK,quantile,0.75,96.97157287597656
2026-09-16,ILI incidence,2026-09-20,2,DK,quantile,0.8,100.40782165527344
2026-09-16,ILI incidence,2026-09-20,2,DK,quantile,0.85,104.7240219116211
2026-09-16,ILI incidence,2026-09-20,2,DK,quantile,0.9,110.40160369873047
2026-09-16,ILI incidence,2026-09-20,2,DK,quantile,0.95,119.62452697753906
2026-09-16,ILI incidence,2026-09-20,2,DK,quantile,0.975,135.41397094726562
2026-09-16,ILI incidence,2026-09-20,2,DK,quantile,0.99,144.88760375976562
2026-09-16,ILI incidence,2026-09-27,3,DK,quantile,0.01,42.602569580078125
2026-09-16,ILI incidence,2026-09-27,3,DK,quantile,0.025,48.43659591674805
2026-09-16,ILI incidence,2026-09-27,3,DK,quantile,0.05,58.15997314453125
2026-09-16,ILI incidence,2026-09-27,3,DK,quantile,0.1,64.9656982421875
2026-09-16,ILI incidence,2026-09-27,3,DK,quantile,0.15,68.87603759765625
2026-09-16,ILI incidence,2026-09-27,3,DK,quantile,0.2,72.36498260498047
2026-09-16,ILI incidence,2026-09-27,3,DK,quantile,0.25,75.32303619384766
2026-09-16,ILI incidence,2026-09-27,3,DK,quantile,0.3,78.21454620361328
2026-09-16,ILI incidence,2026-09-27,3,DK,quantile,0.35,80.67626190185547
2026-09-16,ILI incidence,2026-09-27,3,DK,quantile,0.4,83.20797729492188
2026-09-16,ILI incidence,2026-09-27,3,DK,quantile,0.45,85.36460876464844
2026-09-16,ILI incidence,2026-09-27,3,DK,quantile,0.5,87.9649429321289
2026-09-16,ILI incidence,2026-09-27,3,DK,quantile,0.55,90.43988037109375
2026-09-16,ILI incidence,2026-09-27,3,DK,quantile,0.6,92.79258728027344
2026-09-16,ILI incidence,2026-09-27,3,DK,quantile,0.65,95.16402435302734
2026-09-16,ILI incidence,2026-09-27,3,DK,quantile,0.7,98.20177459716797
2026-09-16,ILI incidence,2026-09-27,3,DK,quantile,0.75,101.47661590576172
2026-09-16,ILI incidence,2026-09-27,3,DK,quantile,0.8,105.26361083984375
2026-09-16,ILI incidence,2026-09-27,3,DK,quantile,0.85,110.1614761352539
2026-09-16,ILI incidence,2026-09-27,3,DK,quantile,0.9,116.68943786621094
2026-09-16,ILI incidence,2026-09-27,3,DK,quantile,0.95,126.77727508544922
2026-09-16,ILI incidence,2026-09-27,3,DK,quantile,0.975,144.29241943359375
2026-09-16,ILI incidence,2026-09-27,3,DK,quantile,0.99,154.80148315429688
2026-09-16,ILI incidence,2026-10-04,4,DK,quantile,0.01,42.578155517578125
2026-09-16,ILI incidence,2026-10-04,4,DK,quantile,0.025,48.84009552001953
2026-09-16,ILI incidence,2026-10-04,4,DK,quantile,0.05,59.27665710449219
2026-09-16,ILI incidence,2026-10-04,4,DK,quantile,0.1,67.57086181640625
2026-09-16,ILI incidence,2026-10-04,4,DK,quantile,0.15,72.49787902832031
2026-09-16,ILI incidence,2026-10-04,4,DK,quantile,0.2,76.24128723144531
2026-09-16,ILI incidence,2026-10-04,4,DK,quantile,0.25,79.48822021484375
2026-09-16,ILI incidence,2026-10-04,4,DK,quantile,0.3,82.5157699584961
2026-09-16,ILI incidence,2026-10-04,4,DK,quantile,0.35,85.12074279785156
2026-09-16,ILI incidence,2026-10-04,4,DK,quantile,0.4,87.8558120727539
2026-09-16,ILI incidence,2026-10-04,4,DK,quantile,0.45,90.10177612304688
2026-09-16,ILI incidence,2026-10-04,4,DK,quantile,0.5,93.01811218261719
2026-09-16,ILI incidence,2026-10-04,4,DK,quantile,0.55,95.76893615722656
2026-09-16,ILI incidence,2026-10-04,4,DK,quantile,0.6,98.61558532714844
2026-09-16,ILI incidence,2026-10-04,4,DK,quantile,0.65,101.56192016601562
2026-09-16,ILI incidence,2026-10-04,4,DK,quantile,0.7,104.8210678100586
2026-09-16,ILI incidence,2026-10-04,4,DK,quantile,0.75,108.67120361328125
2026-09-16,ILI incidence,2026-10-04,4,DK,quantile,0.8,112.96073150634766
2026-09-16,ILI incidence,2026-10-04,4,DK,quantile,0.85,118.21385192871094
2026-09-16,ILI incidence,2026-10-04,4,DK,quantile,0.9,125.29520416259766
2026-09-16,ILI incidence,2026-10-04,4,DK,quantile,0.95,137.41542053222656
2026-09-16,ILI incidence,2026-10-04,4,DK,quantile,0.975,157.08203125
2026-09-16,ILI incidence,2026-10-04,4,DK,quantile,0.99,168.8819580078125
2026-09-16,ILI incidence,2026-09-13,1,EE,quantile,0.01,0.0
2026-09-16,ILI incidence,2026-09-13,1,EE,quantile,0.025,2.147493362426758
2026-09-16,ILI incidence,2026-09-13,1,EE,quantile,0.05,44.13922119140625
2026-09-16,ILI incidence,2026-09-13,1,EE,quantile,0.1,66.99459838867188
2026-09-16,ILI incidence,2026-09-13,1,EE,quantile,0.15,80.23219299316406
2026-09-16,ILI incidence,2026-09-13,1,EE,quantile,0.2,89.55901336669922
2026-09-16,ILI incidence,2026-09-13,1,EE,quantile,0.25,96.42874145507812
2026-09-16,ILI incidence,2026-09-13,1,EE,quantile,0.3,102.13243103027344
2026-09-16,ILI incidence,2026-09-13,1,EE,quantile,0.35,107.6749267578125
2026-09-16,ILI incidence,2026-09-13,1,EE,quantile,0.4,112.49597930908203
2026-09-16,ILI incidence,2026-09-13,1,EE,quantile,0.45,117.14216613769531
2026-09-16,ILI incidence,2026-09-13,1,EE,quantile,0.5,122.2913818359375
2026-09-16,ILI incidence,2026-09-13,1,EE,quantile,0.55,126.47004699707031
2026-09-16,ILI incidence,2026-09-13,1,EE,quantile,0.6,130.86099243164062
2026-09-16,ILI incidence,2026-09-13,1,EE,quantile,0.65,135.92709350585938
2026-09-16,ILI incidence,2026-09-13,1,EE,quantile,0.7,141.74737548828125
2026-09-16,ILI incidence,2026-09-13,1,EE,quantile,0.75,147.9986114501953
2026-09-16,ILI incidence,2026-09-13,1,EE,quantile,0.8,156.10623168945312
2026-09-16,ILI incidence,2026-09-13,1,EE,quantile,0.85,166.15933227539062
2026-09-16,ILI incidence,2026-09-13,1,EE,quantile,0.9,178.70449829101562
2026-09-16,ILI incidence,2026-09-13,1,EE,quantile,0.95,198.21958923339844
2026-09-16,ILI incidence,2026-09-13,1,EE,quantile,0.975,225.71182250976562
2026-09-16,ILI incidence,2026-09-13,1,EE,quantile,0.99,242.20712280273438
2026-09-16,ILI incidence,2026-09-20,2,EE,quantile,0.01,0.0
2026-09-16,ILI incidence,2026-09-20,2,EE,quantile,0.025,7.302265167236328
2026-09-16,ILI incidence,2026-09-20,2,EE,quantile,0.05,51.277435302734375
2026-09-16,ILI incidence,2026-09-20,2,EE,quantile,0.1,74.16921997070312
2026-09-16,ILI incidence,2026-09-20,2,EE,quantile,0.15,88.3119125366211
2026-09-16,ILI incidence,2026-09-20,2,EE,quantile,0.2,98.60977172851562
2026-09-16,ILI incidence,2026-09-20,2,EE,quantile,0.25,106.8877944946289
2026-09-16,ILI incidence,2026-09-20,2,EE,quantile,0.3,113.47624206542969
2026-09-16,ILI incidence,2026-09-20,2,EE,quantile,0.35,120.23016357421875
2026-09-16,ILI incidence,2026-09-20,2,EE,quantile,0.4,126.12384033203125
2026-09-16,ILI incidence,2026-09-20,2,EE,quantile,0.45,131.5760498046875
2026-09-16,ILI incidence,2026-09-20,2,EE,quantile,0.5,136.99208068847656
2026-09-16,ILI incidence,2026-09-20,2,EE,quantile,0.55,142.56381225585938
2026-09-16,ILI incidence,2026-09-20,2,EE,quantile,0.6,148.64385986328125
2026-09-16,ILI incidence,2026-09-20,2,EE,quantile,0.65,154.7200469970703
2026-09-16,ILI incidence,2026-09-20,2,EE,quantile,0.7,160.99609375
2026-09-16,ILI incidence,2026-09-20,2,EE,quantile,0.75,168.48263549804688
2026-09-16,ILI incidence,2026-09-20,2,EE,quantile,0.8,176.77159118652344
2026-09-16,ILI incidence,2026-09-20,2,EE,quantile,0.85,187.7572479248047
2026-09-16,ILI incidence,2026-09-20,2,EE,quantile,0.9,201.85914611816406
2026-09-16,ILI incidence,2026-09-20,2,EE,quantile,0.95,225.2790985107422
2026-09-16,ILI incidence,2026-09-20,2,EE,quantile,0.975,263.67620849609375
2026-09-16,ILI incidence,2026-09-20,2,EE,quantile,0.99,286.7144470214844
2026-09-16,ILI incidence,2026-09-27,3,EE,quantile,0.01,0.0
2026-09-16,ILI incidence,2026-09-27,3,EE,quantile,0.025,6.022436141967773
2026-09-16,ILI incidence,2026-09-27,3,EE,quantile,0.05,54.61311340332031
2026-09-16,ILI incidence,2026-09-27,3,EE,quantile,0.1,81.56838989257812
2026-09-16,ILI incidence,2026-09-27,3,EE,quantile,0.15,95.83605194091797
2026-09-16,ILI incidence,2026-09-27,3,EE,quantile,0.2,107.10565948486328
2026-09-16,ILI incidence,2026-09-27,3,EE,quantile,0.25,116.15582275390625
2026-09-16,ILI incidence,2026-09-27,3,EE,quantile,0.3,124.31742858886719
2026-09-16,ILI incidence,2026-09-27,3,EE,quantile,0.35,131.09117126464844
2026-09-16,ILI incidence,2026-09-27,3,EE,quantile,0.4,137.53176879882812
2026-09-16,ILI incidence,2026-09-27,3,EE,quantile,0.45,143.01858520507812
2026-09-16,ILI incidence,2026-09-27,3,EE,quantile,0.5,149.58334350585938
2026-09-16,ILI incidence,2026-09-27,3,EE,quantile,0.55,155.8932647705078
2026-09-16,ILI incidence,2026-09-27,3,EE,quantile,0.6,162.1196746826172
2026-09-16,ILI incidence,2026-09-27,3,EE,quantile,0.65,168.29298400878906
2026-09-16,ILI incidence,2026-09-27,3,EE,quantile,0.7,175.92160034179688
2026-09-16,ILI incidence,2026-09-27,3,EE,quantile,0.75,184.3721923828125
2026-09-16,ILI incidence,2026-09-27,3,EE,quantile,0.8,194.1489715576172
2026-09-16,ILI incidence,2026-09-27,3,EE,quantile,0.85,206.90846252441406
2026-09-16,ILI incidence,2026-09-27,3,EE,quantile,0.9,223.53736877441406
2026-09-16,ILI incidence,2026-09-27,3,EE,quantile,0.95,250.3150634765625
2026-09-16,ILI incidence,2026-09-27,3,EE,quantile,0.975,295.0113220214844
2026-09-16,ILI incidence,2026-09-27,3,EE,quantile,0.99,321.8290100097656
2026-09-16,ILI incidence,2026-10-04,4,EE,quantile,0.01,0.0
2026-09-16,ILI incidence,2026-10-04,4,EE,quantile,0.025,7.347148895263672
2026-09-16,ILI incidence,2026-10-04,4,EE,quantile,0.05,57.02662658691406
2026-09-16,ILI incidence,2026-10-04,4,EE,quantile,0.1,87.24320983886719
2026-09-16,ILI incidence,2026-10-04,4,EE,quantile,0.15,103.94068908691406
2026-09-16,ILI incidence,2026-10-04,4,EE,quantile,0.2,115.73970794677734
2026-09-16,ILI incidence,2026-10-04,4,EE,quantile,0.25,125.34159088134766
2026-09-16,ILI incidence,2026-10-04,4,EE,quantile,0.3,133.95614624023438
2026-09-16,ILI incidence,2026-10-04,4,EE,quantile,0.35,141.23861694335938
2026-09-16,ILI incidence,2026-10-04,4,EE,quantile,0.4,148.4392852783203
2026-09-16,ILI incidence,2026-10-04,4,EE,quantile,0.45,154.16796875
2026-09-16,ILI incidence,2026-10-04,4,EE,quantile,0.5,161.6166534423828
2026-09-16,ILI incidence,2026-10-04,4,EE,quantile,0.55,168.71871948242188
2026-09-16,ILI incidence,2026-10-04,4,EE,quantile,0.6,175.80685424804688
2026-09-16,ILI incidence,2026-10-04,4,EE,quantile,0.65,183.35975646972656
2026-09-16,ILI incidence,2026-10-04,4,EE,quantile,0.7,191.67913818359375
2026-09-16,ILI incidence,2026-10-04,4,EE,quantile,0.75,201.1958770751953
2026-09-16,ILI incidence,2026-10-04,4,EE,quantile,0.8,212.2394256591797
2026-09-16,ILI incidence,2026-10-04,4,EE,quantile,0.85,226.10154724121094
2026-09-16,ILI incidence,2026-10-04,4,EE,quantile,0.9,245.1524200439453
2026-09-16,ILI incidence,2026-10-04,4,EE,quantile,0.95,278.8567810058594
2026-09-16,ILI incidence,2026-10-04,4,EE,quantile,0.975,331.4767761230469
2026-09-16,ILI incidence,2026-10-04,4,EE,quantile,0.99,363.0487060546875
2026-09-16,ILI incidence,2026-09-13,1,ES,quantile,0.01,6.919239044189453
2026-09-16,ILI incidence,2026-09-13,1,ES,quantile,0.025,7.493570327758789
2026-09-16,ILI incidence,2026-09-13,1,ES,quantile,0.05,8.450788497924805
2026-09-16,ILI incidence,2026-09-13,1,ES,quantile,0.1,9.01917839050293
2026-09-16,ILI incidence,2026-09-13,1,ES,quantile,0.15,9.424579620361328
2026-09-16,ILI incidence,2026-09-13,1,ES,quantile,0.2,9.794384002685547
2026-09-16,ILI incidence,2026-09-13,1,ES,quantile,0.25,10.085773468017578
2026-09-16,ILI incidence,2026-09-13,1,ES,quantile,0.3,10.354227066040039
2026-09-16,ILI incidence,2026-09-13,1,ES,quantile,0.35,10.55161190032959
2026-09-16,ILI incidence,2026-09-13,1,ES,quantile,0.4,10.862667083740234
2026-09-16,ILI incidence,2026-09-13,1,ES,quantile,0.45,11.02204704284668
2026-09-16,ILI incidence,2026-09-13,1,ES,quantile,0.5,11.201443672180176
2026-09-16,ILI incidence,2026-09-13,1,ES,quantile,0.55,11.423895835876465
2026-09-16,ILI incidence,2026-09-13,1,ES,quantile,0.6,11.491841316223145
2026-09-16,ILI incidence,2026-09-13,1,ES,quantile,0.65,11.685284614562988
2026-09-16,ILI incidence,2026-09-13,1,ES,quantile,0.7,11.920297622680664
2026-09-16,ILI incidence,2026-09-13,1,ES,quantile,0.75,12.090405464172363
2026-09-16,ILI incidence,2026-09-13,1,ES,quantile,0.8,12.360885620117188
2026-09-16,ILI incidence,2026-09-13,1,ES,quantile,0.85,12.637191772460938
2026-09-16,ILI incidence,2026-09-13,1,ES,quantile,0.9,13.189465522766113
2026-09-16,ILI incidence,2026-09-13,1,ES,quantile,0.95,13.861350059509277
2026-09-16,ILI incidence,2026-09-13,1,ES,quantile,0.975,18.070255279541016
2026-09-16,ILI incidence,2026-09-13,1,ES,quantile,0.99,20.595592498779297
2026-09-16,ILI incidence,2026-09-20,2,ES,quantile,0.01,6.496162414550781
2026-09-16,ILI incidence,2026-09-20,2,ES,quantile,0.025,7.2267746925354
2026-09-16,ILI incidence,2026-09-20,2,ES,quantile,0.05,8.444461822509766
2026-09-16,ILI incidence,2026-09-20,2,ES,quantile,0.1,9.332208633422852
2026-09-16,ILI incidence,2026-09-20,2,ES,quantile,0.15,9.915964126586914
2026-09-16,ILI incidence,2026-09-20,2,ES,quantile,0.2,10.305133819580078
2026-09-16,ILI incidence,2026-09-20,2,ES,quantile,0.25,10.662967681884766
2026-09-16,ILI incidence,2026-09-20,2,ES,quantile,0.3,11.008186340332031
2026-09-16,ILI incidence,2026-09-20,2,ES,quantile,0.35,11.394775390625
2026-09-16,ILI incidence,2026-09-20,2,ES,quantile,0.4,11.724438667297363
2026-09-16,ILI incidence,2026-09-20,2,ES,quantile,0.45,11.996795654296875
2026-09-16,ILI incidence,2026-09-20,2,ES,quantile,0.5,12.289458274841309
2026-09-16,ILI incidence,2026-09-20,2,ES,quantile,0.55,12.661609649658203
2026-09-16,ILI incidence,2026-09-20,2,ES,quantile,0.6,12.912230491638184
2026-09-16,ILI incidence,2026-09-20,2,ES,quantile,0.65,13.271530151367188
2026-09-16,ILI incidence,2026-09-20,2,ES,quantile,0.7,13.453812599182129
2026-09-16,ILI incidence,2026-09-20,2,ES,quantile,0.75,13.837199211120605
2026-09-16,ILI incidence,2026-09-20,2,ES,quantile,0.8,14.231888771057129
2026-09-16,ILI incidence,2026-09-20,2,ES,quantile,0.85,14.832992553710938
2026-09-16,ILI incidence,2026-09-20,2,ES,quantile,0.9,15.717728614807129
2026-09-16,ILI incidence,2026-09-20,2,ES,quantile,0.95,17.289642333984375
2026-09-16,ILI incidence,2026-09-20,2,ES,quantile,0.975,22.9515323638916
2026-09-16,ILI incidence,2026-09-20,2,ES,quantile,0.99,26.34865951538086
2026-09-16,ILI incidence,2026-09-27,3,ES,quantile,0.01,6.701633453369141
2026-09-16,ILI incidence,2026-09-27,3,ES,quantile,0.025,7.513882160186768
2026-09-16,ILI incidence,2026-09-27,3,ES,quantile,0.05,8.867630004882812
2026-09-16,ILI incidence,2026-09-27,3,ES,quantile,0.1,9.780799865722656
2026-09-16,ILI incidence,2026-09-27,3,ES,quantile,0.15,10.308663368225098
2026-09-16,ILI incidence,2026-09-27,3,ES,quantile,0.2,10.801702499389648
2026-09-16,ILI incidence,2026-09-27,3,ES,quantile,0.25,11.232725143432617
2026-09-16,ILI incidence,2026-09-27,3,ES,quantile,0.3,11.795064926147461
2026-09-16,ILI incidence,2026-09-27,3,ES,quantile,0.35,12.141632080078125
2026-09-16,ILI incidence,2026-09-27,3,ES,quantile,0.4,12.527165412902832
2026-09-16,ILI incidence,2026-09-27,3,ES,quantile,0.45,12.7599458694458
2026-09-16,ILI incidence,2026-09-27,3,ES,quantile,0.5,13.141487121582031
2026-09-16,ILI incidence,2026-09-27,3,ES,quantile,0.55,13.530115127563477
2026-09-16,ILI incidence,2026-09-27,3,ES,quantile,0.6,13.775793075561523
2026-09-16,ILI incidence,2026-09-27,3,ES,quantile,0.65,14.125764846801758
2026-09-16,ILI incidence,2026-09-27,3,ES,quantile,0.7,14.54105281829834
2026-09-16,ILI incidence,2026-09-27,3,ES,quantile,0.75,15.077984809875488
2026-09-16,ILI incidence,2026-09-27,3,ES,quantile,0.8,15.674609184265137
2026-09-16,ILI incidence,2026-09-27,3,ES,quantile,0.85,16.508176803588867
2026-09-16,ILI incidence,2026-09-27,3,ES,quantile,0.9,18.060306549072266
2026-09-16,ILI incidence,2026-09-27,3,ES,quantile,0.95,19.982555389404297
2026-09-16,ILI incidence,2026-09-27,3,ES,quantile,0.975,27.184619903564453
2026-09-16,ILI incidence,2026-09-27,3,ES,quantile,0.99,31.505849838256836
2026-09-16,ILI incidence,2026-10-04,4,ES,quantile,0.01,6.891462326049805
2026-09-16,ILI incidence,2026-10-04,4,ES,quantile,0.025,7.576401233673096
2026-09-16,ILI incidence,2026-10-04,4,ES,quantile,0.05,8.717966079711914
2026-09-16,ILI incidence,2026-10-04,4,ES,quantile,0.1,9.75383186340332
2026-09-16,ILI incidence,2026-10-04,4,ES,quantile,0.15,10.473139762878418
2026-09-16,ILI incidence,2026-10-04,4,ES,quantile,0.2,10.933076858520508
2026-09-16,ILI incidence,2026-10-04,4,ES,quantile,0.25,11.36041259765625
2026-09-16,ILI incidence,2026-10-04,4,ES,quantile,0.3,11.82065200805664
2026-09-16,ILI incidence,2026-10-04,4,ES,quantile,0.35,12.236302375793457
2026-09-16,ILI incidence,2026-10-04,4,ES,quantile,0.4,12.778162002563477
2026-09-16,ILI incidence,2026-10-04,4,ES,quantile,0.45,13.100627899169922
2026-09-16,ILI incidence,2026-10-04,4,ES,quantile,0.5,13.668375968933105
2026-09-16,ILI incidence,2026-10-04,4,ES,quantile,0.55,14.32455825805664
2026-09-16,ILI incidence,2026-10-04,4,ES,quantile,0.6,14.853809356689453
2026-09-16,ILI incidence,2026-10-04,4,ES,quantile,0.65,15.519680976867676
2026-09-16,ILI incidence,2026-10-04,4,ES,quantile,0.7,16.06137466430664
2026-09-16,ILI incidence,2026-10-04,4,ES,quantile,0.75,16.928508758544922
2026-09-16,ILI incidence,2026-10-04,4,ES,quantile,0.8,17.898479461669922
2026-09-16,ILI incidence,2026-10-04,4,ES,quantile,0.85,19.05453109741211
2026-09-16,ILI incidence,2026-10-04,4,ES,quantile,0.9,20.85629653930664
2026-09-16,ILI incidence,2026-10-04,4,ES,quantile,0.95,24.462488174438477
2026-09-16,ILI incidence,2026-10-04,4,ES,quantile,0.975,33.188438415527344
2026-09-16,ILI incidence,2026-10-04,4,ES,quantile,0.99,38.42399597167969
2026-09-16,ILI incidence,2026-09-13,1,FI,quantile,0.01,2.4253616333007812
2026-09-16,ILI incidence,2026-09-13,1,FI,quantile,0.025,3.792637348175049
2026-09-16,ILI incidence,2026-09-13,1,FI,quantile,0.05,6.071430206298828
2026-09-16,ILI incidence,2026-09-13,1,FI,quantile,0.1,6.918344497680664
2026-09-16,ILI incidence,2026-09-13,1,FI,quantile,0.15,7.394437789916992
2026-09-16,ILI incidence,2026-09-13,1,FI,quantile,0.2,7.759923934936523
2026-09-16,ILI incidence,2026-09-13,1,FI,quantile,0.25,8.110475540161133
2026-09-16,ILI incidence,2026-09-13,1,FI,quantile,0.3,8.409046173095703
2026-09-16,ILI incidence,2026-09-13,1,FI,quantile,0.35,8.67193603515625
2026-09-16,ILI incidence,2026-09-13,1,FI,quantile,0.4,8.905010223388672
2026-09-16,ILI incidence,2026-09-13,1,FI,quantile,0.45,9.128717422485352
2026-09-16,ILI incidence,2026-09-13,1,FI,quantile,0.5,9.452131271362305
2026-09-16,ILI incidence,2026-09-13,1,FI,quantile,0.55,9.752344131469727
2026-09-16,ILI incidence,2026-09-13,1,FI,quantile,0.6,10.022220611572266
2026-09-16,ILI incidence,2026-09-13,1,FI,quantile,0.65,10.33171272277832
2026-09-16,ILI incidence,2026-09-13,1,FI,quantile,0.7,10.6234130859375
2026-09-16,ILI incidence,2026-09-13,1,FI,quantile,0.75,11.041864395141602
2026-09-16,ILI incidence,2026-09-13,1,FI,quantile,0.8,11.466699600219727
2026-09-16,ILI incidence,2026-09-13,1,FI,quantile,0.85,12.209091186523438
2026-09-16,ILI incidence,2026-09-13,1,FI,quantile,0.9,13.313312530517578
2026-09-16,ILI incidence,2026-09-13,1,FI,quantile,0.95,16.15007781982422
2026-09-16,ILI incidence,2026-09-13,1,FI,quantile,0.975,29.159374237060547
2026-09-16,ILI incidence,2026-09-13,1,FI,quantile,0.99,36.964935302734375
2026-09-16,ILI incidence,2026-09-20,2,FI,quantile,0.01,2.6451072692871094
2026-09-16,ILI incidence,2026-09-20,2,FI,quantile,0.025,4.124809265136719
2026-09-16,ILI incidence,2026-09-20,2,FI,quantile,0.05,6.590978622436523
2026-09-16,ILI incidence,2026-09-20,2,FI,quantile,0.1,7.364034652709961
2026-09-16,ILI incidence,2026-09-20,2,FI,quantile,0.15,7.665493011474609
2026-09-16,ILI incidence,2026-09-20,2,FI,quantile,0.2,7.952159881591797
2026-09-16,ILI incidence,2026-09-20,2,FI,quantile,0.25,8.124900817871094
2026-09-16,ILI incidence,2026-09-20,2,FI,quantile,0.3,8.380409240722656
2026-09-16,ILI incidence,2026-09-20,2,FI,quantile,0.35,8.587799072265625
2026-09-16,ILI incidence,2026-09-20,2,FI,quantile,0.4,8.759729385375977
2026-09-16,ILI incidence,2026-09-20,2,FI,quantile,0.45,9.016485214233398
2026-09-16,ILI incidence,2026-09-20,2,FI,quantile,0.5,9.279510498046875
2026-09-16,ILI incidence,2026-09-20,2,FI,quantile,0.55,9.706724166870117
2026-09-16,ILI incidence,2026-09-20,2,FI,quantile,0.6,9.998146057128906
2026-09-16,ILI incidence,2026-09-20,2,FI,quantile,0.65,10.471776962280273
2026-09-16,ILI incidence,2026-09-20,2,FI,quantile,0.7,10.886343002319336
2026-09-16,ILI incidence,2026-09-20,2,FI,quantile,0.75,11.176040649414062
2026-09-16,ILI incidence,2026-09-20,2,FI,quantile,0.8,11.766519546508789
2026-09-16,ILI incidence,2026-09-20,2,FI,quantile,0.85,12.52638053894043
2026-09-16,ILI incidence,2026-09-20,2,FI,quantile,0.9,13.683126449584961
2026-09-16,ILI incidence,2026-09-20,2,FI,quantile,0.95,16.79603385925293
2026-09-16,ILI incidence,2026-09-20,2,FI,quantile,0.975,30.574520111083984
2026-09-16,ILI incidence,2026-09-20,2,FI,quantile,0.99,38.84159469604492
2026-09-16,ILI incidence,2026-09-27,3,FI,quantile,0.01,1.9125862121582031
2026-09-16,ILI incidence,2026-09-27,3,FI,quantile,0.025,3.2669544219970703
2026-09-16,ILI incidence,2026-09-27,3,FI,quantile,0.05,5.524234771728516
2026-09-16,ILI incidence,2026-09-27,3,FI,quantile,0.1,6.560916900634766
2026-09-16,ILI incidence,2026-09-27,3,FI,quantile,0.15,7.16895866394043
2026-09-16,ILI incidence,2026-09-27,3,FI,quantile,0.2,7.689111709594727
2026-09-16,ILI incidence,2026-09-27,3,FI,quantile,0.25,8.012481689453125
2026-09-16,ILI incidence,2026-09-27,3,FI,quantile,0.3,8.418182373046875
2026-09-16,ILI incidence,2026-09-27,3,FI,quantile,0.35,8.710498809814453
2026-09-16,ILI incidence,2026-09-27,3,FI,quantile,0.4,8.986391067504883
2026-09-16,ILI incidence,2026-09-27,3,FI,quantile,0.45,9.273406982421875
2026-09-16,ILI incidence,2026-09-27,3,FI,quantile,0.5,9.567495346069336
2026-09-16,ILI incidence,2026-09-27,3,FI,quantile,0.55,9.832956314086914
2026-09-16,ILI incidence,2026-09-27,3,FI,quantile,0.6,10.178813934326172
2026-09-16,ILI incidence,2026-09-27,3,FI,quantile,0.65,10.532041549682617
2026-09-16,ILI incidence,2026-09-27,3,FI,quantile,0.7,10.950738906860352
2026-09-16,ILI incidence,2026-09-27,3,FI,quantile,0.75,11.298440933227539
2026-09-16,ILI incidence,2026-09-27,3,FI,quantile,0.8,11.90481948852539
2026-09-16,ILI incidence,2026-09-27,3,FI,quantile,0.85,12.802270889282227
2026-09-16,ILI incidence,2026-09-27,3,FI,quantile,0.9,14.277395248413086
2026-09-16,ILI incidence,2026-09-27,3,FI,quantile,0.95,17.782024383544922
2026-09-16,ILI incidence,2026-09-27,3,FI,quantile,0.975,32.56170654296875
2026-09-16,ILI incidence,2026-09-27,3,FI,quantile,0.99,41.42949676513672
2026-09-16,ILI incidence,2026-10-04,4,FI,quantile,0.01,2.6151771545410156
2026-09-16,ILI incidence,2026-10-04,4,FI,quantile,0.025,4.118105411529541
2026-09-16,ILI incidence,2026-10-04,4,FI,quantile,0.05,6.62298583984375
2026-09-16,ILI incidence,2026-10-04,4,FI,quantile,0.1,7.577638626098633
2026-09-16,ILI incidence,2026-10-04,4,FI,quantile,0.15,7.96879768371582
2026-09-16,ILI incidence,2026-10-04,4,FI,quantile,0.2,8.395896911621094
2026-09-16,ILI incidence,2026-10-04,4,FI,quantile,0.25,8.622631072998047
2026-09-16,ILI incidence,2026-10-04,4,FI,quantile,0.3,8.800094604492188
2026-09-16,ILI incidence,2026-10-04,4,FI,quantile,0.35,9.047182083129883
2026-09-16,ILI incidence,2026-10-04,4,FI,quantile,0.4,9.266162872314453
2026-09-16,ILI incidence,2026-10-04,4,FI,quantile,0.45,9.524255752563477
2026-09-16,ILI incidence,2026-10-04,4,FI,quantile,0.5,9.672887802124023
2026-09-16,ILI incidence,2026-10-04,4,FI,quantile,0.55,9.925844192504883
2026-09-16,ILI incidence,2026-10-04,4,FI,quantile,0.6,10.112913131713867
2026-09-16,ILI incidence,2026-10-04,4,FI,quantile,0.65,10.386648178100586
2026-09-16,ILI incidence,2026-10-04,4,FI,quantile,0.7,10.676490783691406
2026-09-16,ILI incidence,2026-10-04,4,FI,quantile,0.75,11.173208236694336
2026-09-16,ILI incidence,2026-10-04,4,FI,quantile,0.8,11.939905166625977
2026-09-16,ILI incidence,2026-10-04,4,FI,quantile,0.85,12.882892608642578
2026-09-16,ILI incidence,2026-10-04,4,FI,quantile,0.9,14.49711799621582
2026-09-16,ILI incidence,2026-10-04,4,FI,quantile,0.95,17.935251235961914
2026-09-16,ILI incidence,2026-10-04,4,FI,quantile,0.975,32.45635986328125
2026-09-16,ILI incidence,2026-10-04,4,FI,quantile,0.99,41.16900634765625
2026-09-16,ILI incidence,2026-09-13,1,FR,quantile,0.01,13.152000427246094
2026-09-16,ILI incidence,2026-09-13,1,FR,quantile,0.025,17.959821701049805
2026-09-16,ILI incidence,2026-09-13,1,FR,quantile,0.05,25.972854614257812
2026-09-16,ILI incidence,2026-09-13,1,FR,quantile,0.1,31.052459716796875
2026-09-16,ILI incidence,2026-09-13,1,FR,quantile,0.15,34.151573181152344
2026-09-16,ILI incidence,2026-09-13,1,FR,quantile,0.2,36.83086395263672
2026-09-16,ILI incidence,2026-09-13,1,FR,quantile,0.25,38.916473388671875
2026-09-16,ILI incidence,2026-09-13,1,FR,quantile,0.3,40.54936981201172
2026-09-16,ILI incidence,2026-09-13,1,FR,quantile,0.35,42.29486083984375
2026-09-16,ILI incidence,2026-09-13,1,FR,quantile,0.4,44.35972595214844
2026-09-16,ILI incidence,2026-09-13,1,FR,quantile,0.45,46.202720642089844
2026-09-16,ILI incidence,2026-09-13,1,FR,quantile,0.5,48.30375671386719
2026-09-16,ILI incidence,2026-09-13,1,FR,quantile,0.55,50.29247283935547
2026-09-16,ILI incidence,2026-09-13,1,FR,quantile,0.6,52.664939880371094
2026-09-16,ILI incidence,2026-09-13,1,FR,quantile,0.65,54.869354248046875
2026-09-16,ILI incidence,2026-09-13,1,FR,quantile,0.7,57.60493469238281
2026-09-16,ILI incidence,2026-09-13,1,FR,quantile,0.75,60.18645095825195
2026-09-16,ILI incidence,2026-09-13,1,FR,quantile,0.8,63.44957733154297
2026-09-16,ILI incidence,2026-09-13,1,FR,quantile,0.85,67.25630187988281
2026-09-16,ILI incidence,2026-09-13,1,FR,quantile,0.9,71.89753723144531
2026-09-16,ILI incidence,2026-09-13,1,FR,quantile,0.95,81.11918640136719
2026-09-16,ILI incidence,2026-09-13,1,FR,quantile,0.975,96.0999984741211
2026-09-16,ILI incidence,2026-09-13,1,FR,quantile,0.99,105.08847045898438
2026-09-16,ILI incidence,2026-09-20,2,FR,quantile,0.01,16.59673309326172
2026-09-16,ILI incidence,2026-09-20,2,FR,quantile,0.025,22.205791473388672
2026-09-16,ILI incidence,2026-09-20,2,FR,quantile,0.05,31.554222106933594
2026-09-16,ILI incidence,2026-09-20,2,FR,quantile,0.1,37.658203125
2026-09-16,ILI incidence,2026-09-20,2,FR,quantile,0.15,41.61955261230469
2026-09-16,ILI incidence,2026-09-20,2,FR,quantile,0.2,44.598724365234375
2026-09-16,ILI incidence,2026-09-20,2,FR,quantile,0.25,47.436607360839844
2026-09-16,ILI incidence,2026-09-20,2,FR,quantile,0.3,49.91650390625
2026-09-16,ILI incidence,2026-09-20,2,FR,quantile,0.35,52.01532745361328
2026-09-16,ILI incidence,2026-09-20,2,FR,quantile,0.4,54.41481018066406
2026-09-16,ILI incidence,2026-09-20,2,FR,quantile,0.45,56.25037384033203
2026-09-16,ILI incidence,2026-09-20,2,FR,quantile,0.5,58.73164367675781
2026-09-16,ILI incidence,2026-09-20,2,FR,quantile,0.55,60.70416259765625
2026-09-16,ILI incidence,2026-09-20,2,FR,quantile,0.6,63.333309173583984
2026-09-16,ILI incidence,2026-09-20,2,FR,quantile,0.65,65.37850952148438
2026-09-16,ILI incidence,2026-09-20,2,FR,quantile,0.7,68.28520965576172
2026-09-16,ILI incidence,2026-09-20,2,FR,quantile,0.75,71.64794158935547
2026-09-16,ILI incidence,2026-09-20,2,FR,quantile,0.8,75.248046875
2026-09-16,ILI incidence,2026-09-20,2,FR,quantile,0.85,79.70884704589844
2026-09-16,ILI incidence,2026-09-20,2,FR,quantile,0.9,85.51178741455078
2026-09-16,ILI incidence,2026-09-20,2,FR,quantile,0.95,95.8115463256836
2026-09-16,ILI incidence,2026-09-20,2,FR,quantile,0.975,110.2720718383789
2026-09-16,ILI incidence,2026-09-20,2,FR,quantile,0.99,118.94837188720703
2026-09-16,ILI incidence,2026-09-27,3,FR,quantile,0.01,16.14130401611328
2026-09-16,ILI incidence,2026-09-27,3,FR,quantile,0.025,22.36362075805664
2026-09-16,ILI incidence,2026-09-27,3,FR,quantile,0.05,32.73414611816406
2026-09-16,ILI incidence,2026-09-27,3,FR,quantile,0.1,40.31916809082031
2026-09-16,ILI incidence,2026-09-27,3,FR,quantile,0.15,45.27619934082031
2026-09-16,ILI incidence,2026-09-27,3,FR,quantile,0.2,48.915977478027344
2026-09-16,ILI incidence,2026-09-27,3,FR,quantile,0.25,52.027549743652344
2026-09-16,ILI incidence,2026-09-27,3,FR,quantile,0.3,54.945777893066406
2026-09-16,ILI incidence,2026-09-27,3,FR,quantile,0.35,57.506561279296875
2026-09-16,ILI incidence,2026-09-27,3,FR,quantile,0.4,60.08935546875
2026-09-16,ILI incidence,2026-09-27,3,FR,quantile,0.45,62.19892120361328
2026-09-16,ILI incidence,2026-09-27,3,FR,quantile,0.5,64.66879272460938
2026-09-16,ILI incidence,2026-09-27,3,FR,quantile,0.55,67.71907806396484
2026-09-16,ILI incidence,2026-09-27,3,FR,quantile,0.6,70.29325866699219
2026-09-16,ILI incidence,2026-09-27,3,FR,quantile,0.65,73.06396484375
2026-09-16,ILI incidence,2026-09-27,3,FR,quantile,0.7,75.92980194091797
2026-09-16,ILI incidence,2026-09-27,3,FR,quantile,0.75,79.32418060302734
2026-09-16,ILI incidence,2026-09-27,3,FR,quantile,0.8,83.3856201171875
2026-09-16,ILI incidence,2026-09-27,3,FR,quantile,0.85,87.89521789550781
2026-09-16,ILI incidence,2026-09-27,3,FR,quantile,0.9,93.94590759277344
2026-09-16,ILI incidence,2026-09-27,3,FR,quantile,0.95,104.6543197631836
2026-09-16,ILI incidence,2026-09-27,3,FR,quantile,0.975,119.19855499267578
2026-09-16,ILI incidence,2026-09-27,3,FR,quantile,0.99,127.92507934570312
2026-09-16,ILI incidence,2026-10-04,4,FR,quantile,0.01,20.103973388671875
2026-09-16,ILI incidence,2026-10-04,4,FR,quantile,0.025,26.237947463989258
2026-09-16,ILI incidence,2026-10-04,4,FR,quantile,0.05,36.46123504638672
2026-09-16,ILI incidence,2026-10-04,4,FR,quantile,0.1,43.28368377685547
2026-09-16,ILI incidence,2026-10-04,4,FR,quantile,0.15,47.578704833984375
2026-09-16,ILI incidence,2026-10-04,4,FR,quantile,0.2,51.2459716796875
2026-09-16,ILI incidence,2026-10-04,4,FR,quantile,0.25,54.38018798828125
2026-09-16,ILI incidence,2026-10-04,4,FR,quantile,0.3,57.035499572753906
2026-09-16,ILI incidence,2026-10-04,4,FR,quantile,0.35,59.7850341796875
2026-09-16,ILI incidence,2026-10-04,4,FR,quantile,0.4,62.27330780029297
2026-09-16,ILI incidence,2026-10-04,4,FR,quantile,0.45,65.3071060180664
2026-09-16,ILI incidence,2026-10-04,4,FR,quantile,0.5,68.12454223632812
2026-09-16,ILI incidence,2026-10-04,4,FR,quantile,0.55,71.01406860351562
2026-09-16,ILI incidence,2026-10-04,4,FR,quantile,0.6,74.1325912475586
2026-09-16,ILI incidence,2026-10-04,4,FR,quantile,0.65,77.10023498535156
2026-09-16,ILI incidence,2026-10-04,4,FR,quantile,0.7,80.69718933105469
2026-09-16,ILI incidence,2026-10-04,4,FR,quantile,0.75,84.21791076660156
2026-09-16,ILI incidence,2026-10-04,4,FR,quantile,0.8,88.64468383789062
2026-09-16,ILI incidence,2026-10-04,4,FR,quantile,0.85,93.61018371582031
2026-09-16,ILI incidence,2026-10-04,4,FR,quantile,0.9,99.9678955078125
2026-09-16,ILI incidence,2026-10-04,4,FR,quantile,0.95,110.67759704589844
2026-09-16,ILI incidence,2026-10-04,4,FR,quantile,0.975,125.08645629882812
2026-09-16,ILI incidence,2026-10-04,4,FR,quantile,0.99,133.73175048828125
2026-09-16,ILI incidence,2026-09-13,1,GB-ENG,quantile,0.01,0.4444284439086914
2026-09-16,ILI incidence,2026-09-13,1,GB-ENG,quantile,0.025,0.6441528797149658
2026-09-16,ILI incidence,2026-09-13,1,GB-ENG,quantile,0.05,0.9770269393920898
2026-09-16,ILI incidence,2026-09-13,1,GB-ENG,quantile,0.1,1.149611473083496
2026-09-16,ILI incidence,2026-09-13,1,GB-ENG,quantile,0.15,1.2443656921386719
2026-09-16,ILI incidence,2026-09-13,1,GB-ENG,quantile,0.2,1.3304595947265625
2026-09-16,ILI incidence,2026-09-13,1,GB-ENG,quantile,0.25,1.3968911170959473
2026-09-16,ILI incidence,2026-09-13,1,GB-ENG,quantile,0.3,1.4528956413269043
2026-09-16,ILI incidence,2026-09-13,1,GB-ENG,quantile,0.35,1.511085033416748
2026-09-16,ILI incidence,2026-09-13,1,GB-ENG,quantile,0.4,1.5670981407165527
2026-09-16,ILI incidence,2026-09-13,1,GB-ENG,quantile,0.45,1.644174575805664
2026-09-16,ILI incidence,2026-09-13,1,GB-ENG,quantile,0.5,1.6963300704956055
2026-09-16,ILI incidence,2026-09-13,1,GB-ENG,quantile,0.55,1.7847912311553955
2026-09-16,ILI incidence,2026-09-13,1,GB-ENG,quantile,0.6,1.851602554321289
2026-09-16,ILI incidence,2026-09-13,1,GB-ENG,quantile,0.65,1.9314148426055908
2026-09-16,ILI incidence,2026-09-13,1,GB-ENG,quantile,0.7,2.0195696353912354
2026-09-16,ILI incidence,2026-09-13,1,GB-ENG,quantile,0.75,2.102839946746826
2026-09-16,ILI incidence,2026-09-13,1,GB-ENG,quantile,0.8,2.2225050926208496
2026-09-16,ILI incidence,2026-09-13,1,GB-ENG,quantile,0.85,2.3676326274871826
2026-09-16,ILI incidence,2026-09-13,1,GB-ENG,quantile,0.9,2.574578285217285
2026-09-16,ILI incidence,2026-09-13,1,GB-ENG,quantile,0.95,2.992884635925293
2026-09-16,ILI incidence,2026-09-13,1,GB-ENG,quantile,0.975,3.909864664077759
2026-09-16,ILI incidence,2026-09-13,1,GB-ENG,quantile,0.99,4.460051536560059
2026-09-16,ILI incidence,2026-09-20,2,GB-ENG,quantile,0.01,0.37488889694213867
2026-09-16,ILI incidence,2026-09-20,2,GB-ENG,quantile,0.025,0.5862178206443787
2026-09-16,ILI incidence,2026-09-20,2,GB-ENG,quantile,0.05,0.9384326934814453
2026-09-16,ILI incidence,2026-09-20,2,GB-ENG,quantile,0.1,1.1424379348754883
2026-09-16,ILI incidence,2026-09-20,2,GB-ENG,quantile,0.15,1.258181095123291
2026-09-16,ILI incidence,2026-09-20,2,GB-ENG,quantile,0.2,1.3460850715637207
2026-09-16,ILI incidence,2026-09-20,2,GB-ENG,quantile,0.25,1.4198637008666992
2026-09-16,ILI incidence,2026-09-20,2,GB-ENG,quantile,0.3,1.488588809967041
2026-09-16,ILI incidence,2026-09-20,2,GB-ENG,quantile,0.35,1.5546951293945312
2026-09-16,ILI incidence,2026-09-20,2,GB-ENG,quantile,0.4,1.6300725936889648
2026-09-16,ILI incidence,2026-09-20,2,GB-ENG,quantile,0.45,1.68306303024292
2026-09-16,ILI incidence,2026-09-20,2,GB-ENG,quantile,0.5,1.7747983932495117
2026-09-16,ILI incidence,2026-09-20,2,GB-ENG,quantile,0.55,1.8435227870941162
2026-09-16,ILI incidence,2026-09-20,2,GB-ENG,quantile,0.6,1.9265613555908203
2026-09-16,ILI incidence,2026-09-20,2,GB-ENG,quantile,0.65,2.0214345455169678
2026-09-16,ILI incidence,2026-09-20,2,GB-ENG,quantile,0.7,2.109518527984619
2026-09-16,ILI incidence,2026-09-20,2,GB-ENG,quantile,0.75,2.229495048522949
2026-09-16,ILI incidence,2026-09-20,2,GB-ENG,quantile,0.8,2.370560646057129
2026-09-16,ILI incidence,2026-09-20,2,GB-ENG,quantile,0.85,2.5524215698242188
2026-09-16,ILI incidence,2026-09-20,2,GB-ENG,quantile,0.9,2.7799746990203857
2026-09-16,ILI incidence,2026-09-20,2,GB-ENG,quantile,0.95,3.2452731132507324
2026-09-16,ILI incidence,2026-09-20,2,GB-ENG,quantile,0.975,4.220064163208008
2026-09-16,ILI incidence,2026-09-20,2,GB-ENG,quantile,0.99,4.804937362670898
2026-09-16,ILI incidence,2026-09-27,3,GB-ENG,quantile,0.01,0.36324310302734375
2026-09-16,ILI incidence,2026-09-27,3,GB-ENG,quantile,0.025,0.5820457339286804
2026-09-16,ILI incidence,2026-09-27,3,GB-ENG,quantile,0.05,0.9467167854309082
2026-09-16,ILI incidence,2026-09-27,3,GB-ENG,quantile,0.1,1.1657233238220215
2026-09-16,ILI incidence,2026-09-27,3,GB-ENG,quantile,0.15,1.3008460998535156
2026-09-16,ILI incidence,2026-09-27,3,GB-ENG,quantile,0.2,1.4047002792358398
2026-09-16,ILI incidence,2026-09-27,3,GB-ENG,quantile,0.25,1.4913830757141113
2026-09-16,ILI incidence,2026-09-27,3,GB-ENG,quantile,0.3,1.5842790603637695
2026-09-16,ILI incidence,2026-09-27,3,GB-ENG,quantile,0.35,1.6554946899414062
2026-09-16,ILI incidence,2026-09-27,3,GB-ENG,quantile,0.4,1.7174243927001953
2026-09-16,ILI incidence,2026-09-27,3,GB-ENG,quantile,0.45,1.7918543815612793
2026-09-16,ILI incidence,2026-09-27,3,GB-ENG,quantile,0.5,1.877985954284668
2026-09-16,ILI incidence,2026-09-27,3,GB-ENG,quantile,0.55,1.9519336223602295
2026-09-16,ILI incidence,2026-09-27,3,GB-ENG,quantile,0.6,2.045029640197754
2026-09-16,ILI incidence,2026-09-27,3,GB-ENG,quantile,0.65,2.1303327083587646
2026-09-16,ILI incidence,2026-09-27,3,GB-ENG,quantile,0.7,2.2562270164489746
2026-09-16,ILI incidence,2026-09-27,3,GB-ENG,quantile,0.75,2.3744709491729736
2026-09-16,ILI incidence,2026-09-27,3,GB-ENG,quantile,0.8,2.5451340675354004
2026-09-16,ILI incidence,2026-09-27,3,GB-ENG,quantile,0.85,2.730332612991333
2026-09-16,ILI incidence,2026-09-27,3,GB-ENG,quantile,0.9,2.988555908203125
2026-09-16,ILI incidence,2026-09-27,3,GB-ENG,quantile,0.95,3.4918057918548584
2026-09-16,ILI incidence,2026-09-27,3,GB-ENG,quantile,0.975,4.489345073699951
2026-09-16,ILI incidence,2026-09-27,3,GB-ENG,quantile,0.99,5.087867259979248
2026-09-16,ILI incidence,2026-10-04,4,GB-ENG,quantile,0.01,0.40108442306518555
2026-09-16,ILI incidence,2026-10-04,4,GB-ENG,quantile,0.025,0.629889190196991
2026-09-16,ILI incidence,2026-10-04,4,GB-ENG,quantile,0.05,1.01123046875
2026-09-16,ILI incidence,2026-10-04,4,GB-ENG,quantile,0.1,1.230381965637207
2026-09-16,ILI incidence,2026-10-04,4,GB-ENG,quantile,0.15,1.355557918548584
2026-09-16,ILI incidence,2026-10-04,4,GB-ENG,quantile,0.2,1.4682807922363281
2026-09-16,ILI incidence,2026-10-04,4,GB-ENG,quantile,0.25,1.5485424995422363
2026-09-16,ILI incidence,2026-10-04,4,GB-ENG,quantile,0.3,1.6173920631408691
2026-09-16,ILI incidence,2026-10-04,4,GB-ENG,quantile,0.35,1.6913461685180664
2026-09-16,ILI incidence,2026-10-04,4,GB-ENG,quantile,0.4,1.769141674041748
2026-09-16,ILI incidence,2026-10-04,4,GB-ENG,quantile,0.45,1.841921329498291
2026-09-16,ILI incidence,2026-10-04,4,GB-ENG,quantile,0.5,1.9095191955566406
2026-09-16,ILI incidence,2026-10-04,4,GB-ENG,quantile,0.55,1.9847493171691895
2026-09-16,ILI incidence,2026-10-04,4,GB-ENG,quantile,0.6,2.0865566730499268
2026-09-16,ILI incidence,2026-10-04,4,GB-ENG,quantile,0.65,2.161233425140381
2026-09-16,ILI incidence,2026-10-04,4,GB-ENG,quantile,0.7,2.274315595626831
2026-09-16,ILI incidence,2026-10-04,4,GB-ENG,quantile,0.75,2.407571792602539
2026-09-16,ILI incidence,2026-10-04,4,GB-ENG,quantile,0.8,2.5522444248199463
2026-09-16,ILI incidence,2026-10-04,4,GB-ENG,quantile,0.85,2.728778839111328
2026-09-16,ILI incidence,2026-10-04,4,GB-ENG,quantile,0.9,2.9761903285980225
2026-09-16,ILI incidence,2026-10-04,4,GB-ENG,quantile,0.95,3.491147756576538
2026-09-16,ILI incidence,2026-10-04,4,GB-ENG,quantile,0.975,4.528554439544678
2026-09-16,ILI incidence,2026-10-04,4,GB-ENG,quantile,0.99,5.150997161865234
2026-09-16,ILI incidence,2026-09-13,1,GB-NIR,quantile,0.01,1.164745807647705
2026-09-16,ILI incidence,2026-09-13,1,GB-NIR,quantile,0.025,1.3849730491638184
2026-09-16,ILI incidence,2026-09-13,1,GB-NIR,quantile,0.05,1.7520184516906738
2026-09-16,ILI incidence,2026-09-13,1,GB-NIR,quantile,0.1,2.0056300163269043
2026-09-16,ILI incidence,2026-09-13,1,GB-NIR,quantile,0.15,2.15360164642334
2026-09-16,ILI incidence,2026-09-13,1,GB-NIR,quantile,0.2,2.298666000366211
2026-09-16,ILI incidence,2026-09-13,1,GB-NIR,quantile,0.25,2.4233922958374023
2026-09-16,ILI incidence,2026-09-13,1,GB-NIR,quantile,0.3,2.5641226768493652
2026-09-16,ILI incidence,2026-09-13,1,GB-NIR,quantile,0.35,2.6663808822631836
2026-09-16,ILI incidence,2026-09-13,1,GB-NIR,quantile,0.4,2.7760462760925293
2026-09-16,ILI incidence,2026-09-13,1,GB-NIR,quantile,0.45,2.859896659851074
2026-09-16,ILI incidence,2026-09-13,1,GB-NIR,quantile,0.5,2.9685895442962646
2026-09-16,ILI incidence,2026-09-13,1,GB-NIR,quantile,0.55,3.086459159851074
2026-09-16,ILI incidence,2026-09-13,1,GB-NIR,quantile,0.6,3.1755435466766357
2026-09-16,ILI incidence,2026-09-13,1,GB-NIR,quantile,0.65,3.2855703830718994
2026-09-16,ILI incidence,2026-09-13,1,GB-NIR,quantile,0.7,3.4149274826049805
2026-09-16,ILI incidence,2026-09-13,1,GB-NIR,quantile,0.75,3.5779378414154053
2026-09-16,ILI incidence,2026-09-13,1,GB-NIR,quantile,0.8,3.769951581954956
2026-09-16,ILI incidence,2026-09-13,1,GB-NIR,quantile,0.85,4.042682647705078
2026-09-16,ILI incidence,2026-09-13,1,GB-NIR,quantile,0.9,4.498525142669678
2026-09-16,ILI incidence,2026-09-13,1,GB-NIR,quantile,0.95,5.148706912994385
2026-09-16,ILI incidence,2026-09-13,1,GB-NIR,quantile,0.975,7.188774585723877
2026-09-16,ILI incidence,2026-09-13,1,GB-NIR,quantile,0.99,8.412812232971191
2026-09-16,ILI incidence,2026-09-20,2,GB-NIR,quantile,0.01,1.3316044807434082
2026-09-16,ILI incidence,2026-09-20,2,GB-NIR,quantile,0.025,1.5212372541427612
2026-09-16,ILI incidence,2026-09-20,2,GB-NIR,quantile,0.05,1.8372917175292969
2026-09-16,ILI incidence,2026-09-20,2,GB-NIR,quantile,0.1,2.173609733581543
2026-09-16,ILI incidence,2026-09-20,2,GB-NIR,quantile,0.15,2.3686890602111816
2026-09-16,ILI incidence,2026-09-20,2,GB-NIR,quantile,0.2,2.5093302726745605
2026-09-16,ILI incidence,2026-09-20,2,GB-NIR,quantile,0.25,2.6415276527404785
2026-09-16,ILI incidence,2026-09-20,2,GB-NIR,quantile,0.3,2.7767229080200195
2026-09-16,ILI incidence,2026-09-20,2,GB-NIR,quantile,0.35,2.90130352973938
2026-09-16,ILI incidence,2026-09-20,2,GB-NIR,quantile,0.4,3.034614086151123
2026-09-16,ILI incidence,2026-09-20,2,GB-NIR,quantile,0.45,3.1276450157165527
2026-09-16,ILI incidence,2026-09-20,2,GB-NIR,quantile,0.5,3.2715930938720703
2026-09-16,ILI incidence,2026-09-20,2,GB-NIR,quantile,0.55,3.4284439086914062
2026-09-16,ILI incidence,2026-09-20,2,GB-NIR,quantile,0.6,3.585308074951172
2026-09-16,ILI incidence,2026-09-20,2,GB-NIR,quantile,0.65,3.7570724487304688
2026-09-16,ILI incidence,2026-09-20,2,GB-NIR,quantile,0.7,3.8886830806732178
2026-09-16,ILI incidence,2026-09-20,2,GB-NIR,quantile,0.75,4.096652984619141
2026-09-16,ILI incidence,2026-09-20,2,GB-NIR,quantile,0.8,4.334689617156982
2026-09-16,ILI incidence,2026-09-20,2,GB-NIR,quantile,0.85,4.643169403076172
2026-09-16,ILI incidence,2026-09-20,2,GB-NIR,quantile,0.9,5.152899265289307
2026-09-16,ILI incidence,2026-09-20,2,GB-NIR,quantile,0.95,6.120784759521484
2026-09-16,ILI incidence,2026-09-20,2,GB-NIR,quantile,0.975,8.523998260498047
2026-09-16,ILI incidence,2026-09-20,2,GB-NIR,quantile,0.99,9.965922355651855
2026-09-16,ILI incidence,2026-09-27,3,GB-NIR,quantile,0.01,1.5882492065429688
2026-09-16,ILI incidence,2026-09-27,3,GB-NIR,quantile,0.025,1.8510427474975586
2026-09-16,ILI incidence,2026-09-27,3,GB-NIR,quantile,0.05,2.289031982421875
2026-09-16,ILI incidence,2026-09-27,3,GB-NIR,quantile,0.1,2.6035757064819336
2026-09-16,ILI incidence,2026-09-27,3,GB-NIR,quantile,0.15,2.802638053894043
2026-09-16,ILI incidence,2026-09-27,3,GB-NIR,quantile,0.2,2.968291759490967
2026-09-16,ILI incidence,2026-09-27,3,GB-NIR,quantile,0.25,3.10680890083313
2026-09-16,ILI incidence,2026-09-27,3,GB-NIR,quantile,0.3,3.2268636226654053
2026-09-16,ILI incidence,2026-09-27,3,GB-NIR,quantile,0.35,3.343686819076538
2026-09-16,ILI incidence,2026-09-27,3,GB-NIR,quantile,0.4,3.4657840728759766
2026-09-16,ILI incidence,2026-09-27,3,GB-NIR,quantile,0.45,3.5951805114746094
2026-09-16,ILI incidence,2026-09-27,3,GB-NIR,quantile,0.5,3.717082977294922
2026-09-16,ILI incidence,2026-09-27,3,GB-NIR,quantile,0.55,3.857149600982666
2026-09-16,ILI incidence,2026-09-27,3,GB-NIR,quantile,0.6,4.001614570617676
2026-09-16,ILI incidence,2026-09-27,3,GB-NIR,quantile,0.65,4.137363433837891
2026-09-16,ILI incidence,2026-09-27,3,GB-NIR,quantile,0.7,4.28661584854126
2026-09-16,ILI incidence,2026-09-27,3,GB-NIR,quantile,0.75,4.432491302490234
2026-09-16,ILI incidence,2026-09-27,3,GB-NIR,quantile,0.8,4.611212730407715
2026-09-16,ILI incidence,2026-09-27,3,GB-NIR,quantile,0.85,4.851751327514648
2026-09-16,ILI incidence,2026-09-27,3,GB-NIR,quantile,0.9,5.204286575317383
2026-09-16,ILI incidence,2026-09-27,3,GB-NIR,quantile,0.95,6.002649784088135
2026-09-16,ILI incidence,2026-09-27,3,GB-NIR,quantile,0.975,8.395879745483398
2026-09-16,ILI incidence,2026-09-27,3,GB-NIR,quantile,0.99,9.831814765930176
2026-09-16,ILI incidence,2026-10-04,4,GB-NIR,quantile,0.01,1.5063199996948242
2026-09-16,ILI incidence,2026-10-04,4,GB-NIR,quantile,0.025,1.8144664764404297
2026-09-16,ILI incidence,2026-10-04,4,GB-NIR,quantile,0.05,2.3280439376831055
2026-09-16,ILI incidence,2026-10-04,4,GB-NIR,quantile,0.1,2.712491512298584
2026-09-16,ILI incidence,2026-10-04,4,GB-NIR,quantile,0.15,2.9558496475219727
2026-09-16,ILI incidence,2026-10-04,4,GB-NIR,quantile,0.2,3.146486759185791
2026-09-16,ILI incidence,2026-10-04,4,GB-NIR,quantile,0.25,3.3040382862091064
2026-09-16,ILI incidence,2026-10-04,4,GB-NIR,quantile,0.3,3.456160306930542
2026-09-16,ILI incidence,2026-10-04,4,GB-NIR,quantile,0.35,3.5975241661071777
2026-09-16,ILI incidence,2026-10-04,4,GB-NIR,quantile,0.4,3.7384891510009766
2026-09-16,ILI incidence,2026-10-04,4,GB-NIR,quantile,0.45,3.879218578338623
2026-09-16,ILI incidence,2026-10-04,4,GB-NIR,quantile,0.5,4.035913467407227
2026-09-16,ILI incidence,2026-10-04,4,GB-NIR,quantile,0.55,4.201601028442383
2026-09-16,ILI incidence,2026-10-04,4,GB-NIR,quantile,0.6,4.376494407653809
2026-09-16,ILI incidence,2026-10-04,4,GB-NIR,quantile,0.65,4.565752983093262
2026-09-16,ILI incidence,2026-10-04,4,GB-NIR,quantile,0.7,4.783903121948242
2026-09-16,ILI incidence,2026-10-04,4,GB-NIR,quantile,0.75,5.011438369750977
2026-09-16,ILI incidence,2026-10-04,4,GB-NIR,quantile,0.8,5.312501907348633
2026-09-16,ILI incidence,2026-10-04,4,GB-NIR,quantile,0.85,5.673492431640625
2026-09-16,ILI incidence,2026-10-04,4,GB-NIR,quantile,0.9,6.15053129196167
2026-09-16,ILI incidence,2026-10-04,4,GB-NIR,quantile,0.95,7.188888072967529
2026-09-16,ILI incidence,2026-10-04,4,GB-NIR,quantile,0.975,9.82753849029541
2026-09-16,ILI incidence,2026-10-04,4,GB-NIR,quantile,0.99,11.410724639892578
2026-09-16,ILI incidence,2026-09-13,1,GB-SCT,quantile,0.01,0.0
2026-09-16,ILI incidence,2026-09-13,1,GB-SCT,quantile,0.025,0.003154963254928589
2026-09-16,ILI incidence,2026-09-13,1,GB-SCT,quantile,0.05,0.4335651397705078
2026-09-16,ILI incidence,2026-09-13,1,GB-SCT,quantile,0.1,0.7157692909240723
2026-09-16,ILI incidence,2026-09-13,1,GB-SCT,quantile,0.15,0.9293088912963867
2026-09-16,ILI incidence,2026-09-13,1,GB-SCT,quantile,0.2,1.1119303703308105
2026-09-16,ILI incidence,2026-09-13,1,GB-SCT,quantile,0.25,1.2592296600341797
2026-09-16,ILI incidence,2026-09-13,1,GB-SCT,quantile,0.3,1.3801193237304688
2026-09-16,ILI incidence,2026-09-13,1,GB-SCT,quantile,0.35,1.5005602836608887
2026-09-16,ILI incidence,2026-09-13,1,GB-SCT,quantile,0.4,1.6184701919555664
2026-09-16,ILI incidence,2026-09-13,1,GB-SCT,quantile,0.45,1.7226004600524902
2026-09-16,ILI incidence,2026-09-13,1,GB-SCT,quantile,0.5,1.8220500946044922
2026-09-16,ILI incidence,2026-09-13,1,GB-SCT,quantile,0.55,1.9329195022583008
2026-09-16,ILI incidence,2026-09-13,1,GB-SCT,quantile,0.6,2.06173038482666
2026-09-16,ILI incidence,2026-09-13,1,GB-SCT,quantile,0.65,2.2142891883850098
2026-09-16,ILI incidence,2026-09-13,1,GB-SCT,quantile,0.7,2.320514678955078
2026-09-16,ILI incidence,2026-09-13,1,GB-SCT,quantile,0.75,2.4672293663024902
2026-09-16,ILI incidence,2026-09-13,1,GB-SCT,quantile,0.8,2.6234874725341797
2026-09-16,ILI incidence,2026-09-13,1,GB-SCT,quantile,0.85,2.9532926082611084
2026-09-16,ILI incidence,2026-09-13,1,GB-SCT,quantile,0.9,3.4319634437561035
2026-09-16,ILI incidence,2026-09-13,1,GB-SCT,quantile,0.95,4.584829330444336
2026-09-16,ILI incidence,2026-09-13,1,GB-SCT,quantile,0.975,7.8771514892578125
2026-09-16,ILI incidence,2026-09-13,1,GB-SCT,quantile,0.99,9.852540016174316
2026-09-16,ILI incidence,2026-09-20,2,GB-SCT,quantile,0.01,0.0
2026-09-16,ILI incidence,2026-09-20,2,GB-SCT,quantile,0.025,0.0
2026-09-16,ILI incidence,2026-09-20,2,GB-SCT,quantile,0.05,0.4035520553588867
2026-09-16,ILI incidence,2026-09-20,2,GB-SCT,quantile,0.1,0.7487688064575195
2026-09-16,ILI incidence,2026-09-20,2,GB-SCT,quantile,0.15,0.9304041862487793
2026-09-16,ILI incidence,2026-09-20,2,GB-SCT,quantile,0.2,1.1325368881225586
2026-09-16,ILI incidence,2026-09-20,2,GB-SCT,quantile,0.25,1.288525104522705
2026-09-16,ILI incidence,2026-09-20,2,GB-SCT,quantile,0.3,1.418816089630127
2026-09-16,ILI incidence,2026-09-20,2,GB-SCT,quantile,0.35,1.5466318130493164
2026-09-16,ILI incidence,2026-09-20,2,GB-SCT,quantile,0.4,1.664200782775879
2026-09-16,ILI incidence,2026-09-20,2,GB-SCT,quantile,0.45,1.753410816192627
2026-09-16,ILI incidence,2026-09-20,2,GB-SCT,quantile,0.5,1.8972811698913574
2026-09-16,ILI incidence,2026-09-20,2,GB-SCT,quantile,0.55,2.0276012420654297
2026-09-16,ILI incidence,2026-09-20,2,GB-SCT,quantile,0.6,2.1580400466918945
2026-09-16,ILI incidence,2026-09-20,2,GB-SCT,quantile,0.65,2.3146886825561523
2026-09-16,ILI incidence,2026-09-20,2,GB-SCT,quantile,0.7,2.5204215049743652
2026-09-16,ILI incidence,2026-09-20,2,GB-SCT,quantile,0.75,2.767129421234131
2026-09-16,ILI incidence,2026-09-20,2,GB-SCT,quantile,0.8,3.0776286125183105
2026-09-16,ILI incidence,2026-09-20,2,GB-SCT,quantile,0.85,3.5531303882598877
2026-09-16,ILI incidence,2026-09-20,2,GB-SCT,quantile,0.9,4.309321403503418
2026-09-16,ILI incidence,2026-09-20,2,GB-SCT,quantile,0.95,5.73721981048584
2026-09-16,ILI incidence,2026-09-20,2,GB-SCT,quantile,0.975,9.362544059753418
2026-09-16,ILI incidence,2026-09-20,2,GB-SCT,quantile,0.99,11.53773307800293
2026-09-16,ILI incidence,2026-09-27,3,GB-SCT,quantile,0.01,0.0
2026-09-16,ILI incidence,2026-09-27,3,GB-SCT,quantile,0.025,0.0
2026-09-16,ILI incidence,2026-09-27,3,GB-SCT,quantile,0.05,0.31844472885131836
2026-09-16,ILI incidence,2026-09-27,3,GB-SCT,quantile,0.1,0.7816510200500488
2026-09-16,ILI incidence,2026-09-27,3,GB-SCT,quantile,0.15,1.0244369506835938
2026-09-16,ILI incidence,2026-09-27,3,GB-SCT,quantile,0.2,1.23079252243042
2026-09-16,ILI incidence,2026-09-27,3,GB-SCT,quantile,0.25,1.3909239768981934
2026-09-16,ILI incidence,2026-09-27,3,GB-SCT,quantile,0.3,1.568962574005127
2026-09-16,ILI incidence,2026-09-27,3,GB-SCT,quantile,0.35,1.7177739143371582
2026-09-16,ILI incidence,2026-09-27,3,GB-SCT,quantile,0.4,1.877741813659668
2026-09-16,ILI incidence,2026-09-27,3,GB-SCT,quantile,0.45,1.9847254753112793
2026-09-16,ILI incidence,2026-09-27,3,GB-SCT,quantile,0.5,2.1672568321228027
2026-09-16,ILI incidence,2026-09-27,3,GB-SCT,quantile,0.55,2.3459744453430176
2026-09-16,ILI incidence,2026-09-27,3,GB-SCT,quantile,0.6,2.5433716773986816
2026-09-16,ILI incidence,2026-09-27,3,GB-SCT,quantile,0.65,2.7827210426330566
2026-09-16,ILI incidence,2026-09-27,3,GB-SCT,quantile,0.7,2.9879651069641113
2026-09-16,ILI incidence,2026-09-27,3,GB-SCT,quantile,0.75,3.2974250316619873
2026-09-16,ILI incidence,2026-09-27,3,GB-SCT,quantile,0.8,3.6726245880126953
2026-09-16,ILI incidence,2026-09-27,3,GB-SCT,quantile,0.85,4.195870399475098
2026-09-16,ILI incidence,2026-09-27,3,GB-SCT,quantile,0.9,5.032797813415527
2026-09-16,ILI incidence,2026-09-27,3,GB-SCT,quantile,0.95,6.905023574829102
2026-09-16,ILI incidence,2026-09-27,3,GB-SCT,quantile,0.975,11.31342601776123
2026-09-16,ILI incidence,2026-09-27,3,GB-SCT,quantile,0.99,13.95846176147461
2026-09-16,ILI incidence,2026-10-04,4,GB-SCT,quantile,0.01,0.0
2026-09-16,ILI incidence,2026-10-04,4,GB-SCT,quantile,0.025,0.0
2026-09-16,ILI incidence,2026-10-04,4,GB-SCT,quantile,0.05,0.6060738563537598
2026-09-16,ILI incidence,2026-10-04,4,GB-SCT,quantile,0.1,0.9931163787841797
2026-09-16,ILI incidence,2026-10-04,4,GB-SCT,quantile,0.15,1.2388238906860352
2026-09-16,ILI incidence,2026-10-04,4,GB-SCT,quantile,0.2,1.4541921615600586
2026-09-16,ILI incidence,2026-10-04,4,GB-SCT,quantile,0.25,1.6302266120910645
2026-09-16,ILI incidence,2026-10-04,4,GB-SCT,quantile,0.3,1.792802333831787
2026-09-16,ILI incidence,2026-10-04,4,GB-SCT,quantile,0.35,1.9517779350280762
2026-09-16,ILI incidence,2026-10-04,4,GB-SCT,quantile,0.4,2.1214599609375
2026-09-16,ILI incidence,2026-10-04,4,GB-SCT,quantile,0.45,2.311163902282715
2026-09-16,ILI incidence,2026-10-04,4,GB-SCT,quantile,0.5,2.4835901260375977
2026-09-16,ILI incidence,2026-10-04,4,GB-SCT,quantile,0.55,2.6927919387817383
2026-09-16,ILI incidence,2026-10-04,4,GB-SCT,quantile,0.6,2.904898166656494
2026-09-16,ILI incidence,2026-10-04,4,GB-SCT,quantile,0.65,3.127000331878662
2026-09-16,ILI incidence,2026-10-04,4,GB-SCT,quantile,0.7,3.3947463035583496
2026-09-16,ILI incidence,2026-10-04,4,GB-SCT,quantile,0.75,3.7003979682922363
2026-09-16,ILI incidence,2026-10-04,4,GB-SCT,quantile,0.8,4.108607292175293
2026-09-16,ILI incidence,2026-10-04,4,GB-SCT,quantile,0.85,4.691125392913818
2026-09-16,ILI incidence,2026-10-04,4,GB-SCT,quantile,0.9,5.565229892730713
2026-09-16,ILI incidence,2026-10-04,4,GB-SCT,quantile,0.95,7.543461799621582
2026-09-16,ILI incidence,2026-10-04,4,GB-SCT,quantile,0.975,11.850040435791016
2026-09-16,ILI incidence,2026-10-04,4,GB-SCT,quantile,0.99,14.433980941772461
2026-09-16,ILI incidence,2026-09-13,1,GB-WLS,quantile,0.01,0.47663354873657227
2026-09-16,ILI incidence,2026-09-13,1,GB-WLS,quantile,0.025,0.616115927696228
2026-09-16,ILI incidence,2026-09-13,1,GB-WLS,quantile,0.05,0.8485865592956543
2026-09-16,ILI incidence,2026-09-13,1,GB-WLS,quantile,0.1,1.0111141204833984
2026-09-16,ILI incidence,2026-09-13,1,GB-WLS,quantile,0.15,1.1166067123413086
2026-09-16,ILI incidence,2026-09-13,1,GB-WLS,quantile,0.2,1.2019433975219727
2026-09-16,ILI incidence,2026-09-13,1,GB-WLS,quantile,0.25,1.2730069160461426
2026-09-16,ILI incidence,2026-09-13,1,GB-WLS,quantile,0.3,1.3204541206359863
2026-09-16,ILI incidence,2026-09-13,1,GB-WLS,quantile,0.35,1.3728585243225098
2026-09-16,ILI incidence,2026-09-13,1,GB-WLS,quantile,0.4,1.437932014465332
2026-09-16,ILI incidence,2026-09-13,1,GB-WLS,quantile,0.45,1.4782614707946777
2026-09-16,ILI incidence,2026-09-13,1,GB-WLS,quantile,0.5,1.5437893867492676
2026-09-16,ILI incidence,2026-09-13,1,GB-WLS,quantile,0.55,1.5924687385559082
2026-09-16,ILI incidence,2026-09-13,1,GB-WLS,quantile,0.6,1.630509853363037
2026-09-16,ILI incidence,2026-09-13,1,GB-WLS,quantile,0.65,1.7183704376220703
2026-09-16,ILI incidence,2026-09-13,1,GB-WLS,quantile,0.7,1.822120189666748
2026-09-16,ILI incidence,2026-09-13,1,GB-WLS,quantile,0.75,1.9113550186157227
2026-09-16,ILI incidence,2026-09-13,1,GB-WLS,quantile,0.8,2.0371060371398926
2026-09-16,ILI incidence,2026-09-13,1,GB-WLS,quantile,0.85,2.1956701278686523
2026-09-16,ILI incidence,2026-09-13,1,GB-WLS,quantile,0.9,2.4507875442504883
2026-09-16,ILI incidence,2026-09-13,1,GB-WLS,quantile,0.95,2.908853530883789
2026-09-16,ILI incidence,2026-09-13,1,GB-WLS,quantile,0.975,4.233068466186523
2026-09-16,ILI incidence,2026-09-13,1,GB-WLS,quantile,0.99,5.0275959968566895
2026-09-16,ILI incidence,2026-09-20,2,GB-WLS,quantile,0.01,0.40204954147338867
2026-09-16,ILI incidence,2026-09-20,2,GB-WLS,quantile,0.025,0.5613182187080383
2026-09-16,ILI incidence,2026-09-20,2,GB-WLS,quantile,0.05,0.8267660140991211
2026-09-16,ILI incidence,2026-09-20,2,GB-WLS,quantile,0.1,0.985346794128418
2026-09-16,ILI incidence,2026-09-20,2,GB-WLS,quantile,0.15,1.1045851707458496
2026-09-16,ILI incidence,2026-09-20,2,GB-WLS,quantile,0.2,1.2025556564331055
2026-09-16,ILI incidence,2026-09-20,2,GB-WLS,quantile,0.25,1.2816576957702637
2026-09-16,ILI incidence,2026-09-20,2,GB-WLS,quantile,0.3,1.3526701927185059
2026-09-16,ILI incidence,2026-09-20,2,GB-WLS,quantile,0.35,1.430765151977539
2026-09-16,ILI incidence,2026-09-20,2,GB-WLS,quantile,0.4,1.4957876205444336
2026-09-16,ILI incidence,2026-09-20,2,GB-WLS,quantile,0.45,1.5444707870483398
2026-09-16,ILI incidence,2026-09-20,2,GB-WLS,quantile,0.5,1.6196861267089844
2026-09-16,ILI incidence,2026-09-20,2,GB-WLS,quantile,0.55,1.687021255493164
2026-09-16,ILI incidence,2026-09-20,2,GB-WLS,quantile,0.6,1.771254062652588
2026-09-16,ILI incidence,2026-09-20,2,GB-WLS,quantile,0.65,1.8541250228881836
2026-09-16,ILI incidence,2026-09-20,2,GB-WLS,quantile,0.7,1.9131951332092285
2026-09-16,ILI incidence,2026-09-20,2,GB-WLS,quantile,0.75,2.0157995223999023
2026-09-16,ILI incidence,2026-09-20,2,GB-WLS,quantile,0.8,2.12094783782959
2026-09-16,ILI incidence,2026-09-20,2,GB-WLS,quantile,0.85,2.323762893676758
2026-09-16,ILI incidence,2026-09-20,2,GB-WLS,quantile,0.9,2.6240923404693604
2026-09-16,ILI incidence,2026-09-20,2,GB-WLS,quantile,0.95,3.2077271938323975
2026-09-16,ILI incidence,2026-09-20,2,GB-WLS,quantile,0.975,4.977802276611328
2026-09-16,ILI incidence,2026-09-20,2,GB-WLS,quantile,0.99,6.039844989776611
2026-09-16,ILI incidence,2026-09-27,3,GB-WLS,quantile,0.01,0.33887720108032227
2026-09-16,ILI incidence,2026-09-27,3,GB-WLS,quantile,0.025,0.5255807638168335
2026-09-16,ILI incidence,2026-09-27,3,GB-WLS,quantile,0.05,0.8367533683776855
2026-09-16,ILI incidence,2026-09-27,3,GB-WLS,quantile,0.1,1.0350050926208496
2026-09-16,ILI incidence,2026-09-27,3,GB-WLS,quantile,0.15,1.1586322784423828
2026-09-16,ILI incidence,2026-09-27,3,GB-WLS,quantile,0.2,1.2723889350891113
2026-09-16,ILI incidence,2026-09-27,3,GB-WLS,quantile,0.25,1.3667616844177246
2026-09-16,ILI incidence,2026-09-27,3,GB-WLS,quantile,0.3,1.4690260887145996
2026-09-16,ILI incidence,2026-09-27,3,GB-WLS,quantile,0.35,1.534501075744629
2026-09-16,ILI incidence,2026-09-27,3,GB-WLS,quantile,0.4,1.6133341789245605
2026-09-16,ILI incidence,2026-09-27,3,GB-WLS,quantile,0.45,1.6640019416809082
2026-09-16,ILI incidence,2026-09-27,3,GB-WLS,quantile,0.5,1.741325855255127
2026-09-16,ILI incidence,2026-09-27,3,GB-WLS,quantile,0.55,1.8161697387695312
2026-09-16,ILI incidence,2026-09-27,3,GB-WLS,quantile,0.6,1.8926653861999512
2026-09-16,ILI incidence,2026-09-27,3,GB-WLS,quantile,0.65,1.9855647087097168
2026-09-16,ILI incidence,2026-09-27,3,GB-WLS,quantile,0.7,2.097886085510254
2026-09-16,ILI incidence,2026-09-27,3,GB-WLS,quantile,0.75,2.2543463706970215
2026-09-16,ILI incidence,2026-09-27,3,GB-WLS,quantile,0.8,2.4479522705078125
2026-09-16,ILI incidence,2026-09-27,3,GB-WLS,quantile,0.85,2.728567361831665
2026-09-16,ILI incidence,2026-09-27,3,GB-WLS,quantile,0.9,3.208322286605835
2026-09-16,ILI incidence,2026-09-27,3,GB-WLS,quantile,0.95,3.950814962387085
2026-09-16,ILI incidence,2026-09-27,3,GB-WLS,quantile,0.975,6.00417423248291
2026-09-16,ILI incidence,2026-09-27,3,GB-WLS,quantile,0.99,7.236186981201172
2026-09-16,ILI incidence,2026-10-04,4,GB-WLS,quantile,0.01,0.3407258987426758
2026-09-16,ILI incidence,2026-10-04,4,GB-WLS,quantile,0.025,0.503334105014801
2026-09-16,ILI incidence,2026-10-04,4,GB-WLS,quantile,0.05,0.7743477821350098
2026-09-16,ILI incidence,2026-10-04,4,GB-WLS,quantile,0.1,1.037355899810791
2026-09-16,ILI incidence,2026-10-04,4,GB-WLS,quantile,0.15,1.205345630645752
2026-09-16,ILI incidence,2026-10-04,4,GB-WLS,quantile,0.2,1.3276844024658203
2026-09-16,ILI incidence,2026-10-04,4,GB-WLS,quantile,0.25,1.4320731163024902
2026-09-16,ILI incidence,2026-10-04,4,GB-WLS,quantile,0.3,1.5388622283935547
2026-09-16,ILI incidence,2026-10-04,4,GB-WLS,quantile,0.35,1.6324400901794434
2026-09-16,ILI incidence,2026-10-04,4,GB-WLS,quantile,0.4,1.739431381225586
2026-09-16,ILI incidence,2026-10-04,4,GB-WLS,quantile,0.45,1.8129181861877441
2026-09-16,ILI incidence,2026-10-04,4,GB-WLS,quantile,0.5,1.9413871765136719
2026-09-16,ILI incidence,2026-10-04,4,GB-WLS,quantile,0.55,2.0620923042297363
2026-09-16,ILI incidence,2026-10-04,4,GB-WLS,quantile,0.6,2.2110209465026855
2026-09-16,ILI incidence,2026-10-04,4,GB-WLS,quantile,0.65,2.3720784187316895
2026-09-16,ILI incidence,2026-10-04,4,GB-WLS,quantile,0.7,2.5200953483581543
2026-09-16,ILI incidence,2026-10-04,4,GB-WLS,quantile,0.75,2.7444868087768555
2026-09-16,ILI incidence,2026-10-04,4,GB-WLS,quantile,0.8,3.0071773529052734
2026-09-16,ILI incidence,2026-10-04,4,GB-WLS,quantile,0.85,3.361041784286499
2026-09-16,ILI incidence,2026-10-04,4,GB-WLS,quantile,0.9,3.9008126258850098
2026-09-16,ILI incidence,2026-10-04,4,GB-WLS,quantile,0.95,4.974418640136719
2026-09-16,ILI incidence,2026-10-04,4,GB-WLS,quantile,0.975,7.35114860534668
2026-09-16,ILI incidence,2026-10-04,4,GB-WLS,quantile,0.99,8.777183532714844
2026-09-16,ILI incidence,2026-09-13,1,GR,quantile,0.01,108.746337890625
2026-09-16,ILI incidence,2026-09-13,1,GR,quantile,0.025,128.70790100097656
2026-09-16,ILI incidence,2026-09-13,1,GR,quantile,0.05,161.9771728515625
2026-09-16,ILI incidence,2026-09-13,1,GR,quantile,0.1,181.90899658203125
2026-09-16,ILI incidence,2026-09-13,1,GR,quantile,0.15,196.34906005859375
2026-09-16,ILI incidence,2026-09-13,1,GR,quantile,0.2,207.62661743164062
2026-09-16,ILI incidence,2026-09-13,1,GR,quantile,0.25,216.54531860351562
2026-09-16,ILI incidence,2026-09-13,1,GR,quantile,0.3,223.74337768554688
2026-09-16,ILI incidence,2026-09-13,1,GR,quantile,0.35,229.65139770507812
2026-09-16,ILI incidence,2026-09-13,1,GR,quantile,0.4,236.0587158203125
2026-09-16,ILI incidence,2026-09-13,1,GR,quantile,0.45,242.95001220703125
2026-09-16,ILI incidence,2026-09-13,1,GR,quantile,0.5,251.07244873046875
2026-09-16,ILI incidence,2026-09-13,1,GR,quantile,0.55,255.71060180664062
2026-09-16,ILI incidence,2026-09-13,1,GR,quantile,0.6,261.3033752441406
2026-09-16,ILI incidence,2026-09-13,1,GR,quantile,0.65,269.9150390625
2026-09-16,ILI incidence,2026-09-13,1,GR,quantile,0.7,279.4559631347656
2026-09-16,ILI incidence,2026-09-13,1,GR,quantile,0.75,287.1519470214844
2026-09-16,ILI incidence,2026-09-13,1,GR,quantile,0.8,300.3554992675781
2026-09-16,ILI incidence,2026-09-13,1,GR,quantile,0.85,315.9216613769531
2026-09-16,ILI incidence,2026-09-13,1,GR,quantile,0.9,336.3231506347656
2026-09-16,ILI incidence,2026-09-13,1,GR,quantile,0.95,365.1301574707031
2026-09-16,ILI incidence,2026-09-13,1,GR,quantile,0.975,415.1029052734375
2026-09-16,ILI incidence,2026-09-13,1,GR,quantile,0.99,445.08648681640625
2026-09-16,ILI incidence,2026-09-20,2,GR,quantile,0.01,134.64666748046875
2026-09-16,ILI incidence,2026-09-20,2,GR,quantile,0.025,155.9398193359375
2026-09-16,ILI incidence,2026-09-20,2,GR,quantile,0.05,191.42840576171875
2026-09-16,ILI incidence,2026-09-20,2,GR,quantile,0.1,211.41336059570312
2026-09-16,ILI incidence,2026-09-20,2,GR,quantile,0.15,226.20147705078125
2026-09-16,ILI incidence,2026-09-20,2,GR,quantile,0.2,238.03662109375
2026-09-16,ILI incidence,2026-09-20,2,GR,quantile,0.25,247.595458984375
2026-09-16,ILI incidence,2026-09-20,2,GR,quantile,0.3,255.76174926757812
2026-09-16,ILI incidence,2026-09-20,2,GR,quantile,0.35,267.13140869140625
2026-09-16,ILI incidence,2026-09-20,2,GR,quantile,0.4,275.90325927734375
2026-09-16,ILI incidence,2026-09-20,2,GR,quantile,0.45,283.8741760253906
2026-09-16,ILI incidence,2026-09-20,2,GR,quantile,0.5,294.255859375
2026-09-16,ILI incidence,2026-09-20,2,GR,quantile,0.55,302.4664611816406
2026-09-16,ILI incidence,2026-09-20,2,GR,quantile,0.6,313.4773864746094
2026-09-16,ILI incidence,2026-09-20,2,GR,quantile,0.65,324.0821838378906
2026-09-16,ILI incidence,2026-09-20,2,GR,quantile,0.7,332.430419921875
2026-09-16,ILI incidence,2026-09-20,2,GR,quantile,0.75,345.39447021484375
2026-09-16,ILI incidence,2026-09-20,2,GR,quantile,0.8,358.5606384277344
2026-09-16,ILI incidence,2026-09-20,2,GR,quantile,0.85,377.82818603515625
2026-09-16,ILI incidence,2026-09-20,2,GR,quantile,0.9,403.2315979003906
2026-09-16,ILI incidence,2026-09-20,2,GR,quantile,0.95,444.244873046875
2026-09-16,ILI incidence,2026-09-20,2,GR,quantile,0.975,520.1378784179688
2026-09-16,ILI incidence,2026-09-20,2,GR,quantile,0.99,565.673583984375
2026-09-16,ILI incidence,2026-09-27,3,GR,quantile,0.01,171.52606201171875
2026-09-16,ILI incidence,2026-09-27,3,GR,quantile,0.025,196.39950561523438
2026-09-16,ILI incidence,2026-09-27,3,GR,quantile,0.05,237.85525512695312
2026-09-16,ILI incidence,2026-09-27,3,GR,quantile,0.1,267.314453125
2026-09-16,ILI incidence,2026-09-27,3,GR,quantile,0.15,284.2632141113281
2026-09-16,ILI incidence,2026-09-27,3,GR,quantile,0.2,298.1661071777344
2026-09-16,ILI incidence,2026-09-27,3,GR,quantile,0.25,310.7889404296875
2026-09-16,ILI incidence,2026-09-27,3,GR,quantile,0.3,324.2294006347656
2026-09-16,ILI incidence,2026-09-27,3,GR,quantile,0.35,334.5273742675781
2026-09-16,ILI incidence,2026-09-27,3,GR,quantile,0.4,345.3608703613281
2026-09-16,ILI incidence,2026-09-27,3,GR,quantile,0.45,353.23333740234375
2026-09-16,ILI incidence,2026-09-27,3,GR,quantile,0.5,364.9347229003906
2026-09-16,ILI incidence,2026-09-27,3,GR,quantile,0.55,374.20562744140625
2026-09-16,ILI incidence,2026-09-27,3,GR,quantile,0.6,383.0621032714844
2026-09-16,ILI incidence,2026-09-27,3,GR,quantile,0.65,392.72344970703125
2026-09-16,ILI incidence,2026-09-27,3,GR,quantile,0.7,404.9466857910156
2026-09-16,ILI incidence,2026-09-27,3,GR,quantile,0.75,418.04345703125
2026-09-16,ILI incidence,2026-09-27,3,GR,quantile,0.8,433.9260559082031
2026-09-16,ILI incidence,2026-09-27,3,GR,quantile,0.85,455.92266845703125
2026-09-16,ILI incidence,2026-09-27,3,GR,quantile,0.9,487.3514099121094
2026-09-16,ILI incidence,2026-09-27,3,GR,quantile,0.95,532.0974731445312
2026-09-16,ILI incidence,2026-09-27,3,GR,quantile,0.975,617.4761352539062
2026-09-16,ILI incidence,2026-09-27,3,GR,quantile,0.99,668.7031860351562
2026-09-16,ILI incidence,2026-10-04,4,GR,quantile,0.01,200.59912109375
2026-09-16,ILI incidence,2026-10-04,4,GR,quantile,0.025,230.44300842285156
2026-09-16,ILI incidence,2026-10-04,4,GR,quantile,0.05,280.1828308105469
2026-09-16,ILI incidence,2026-10-04,4,GR,quantile,0.1,321.1204528808594
2026-09-16,ILI incidence,2026-10-04,4,GR,quantile,0.15,346.8033447265625
2026-09-16,ILI incidence,2026-10-04,4,GR,quantile,0.2,363.52435302734375
2026-09-16,ILI incidence,2026-10-04,4,GR,quantile,0.25,379.1210021972656
2026-09-16,ILI incidence,2026-10-04,4,GR,quantile,0.3,391.79095458984375
2026-09-16,ILI incidence,2026-10-04,4,GR,quantile,0.35,403.59063720703125
2026-09-16,ILI incidence,2026-10-04,4,GR,quantile,0.4,416.10791015625
2026-09-16,ILI incidence,2026-10-04,4,GR,quantile,0.45,424.4637451171875
2026-09-16,ILI incidence,2026-10-04,4,GR,quantile,0.5,437.54046630859375
2026-09-16,ILI incidence,2026-10-04,4,GR,quantile,0.55,449.54595947265625
2026-09-16,ILI incidence,2026-10-04,4,GR,quantile,0.6,461.27996826171875
2026-09-16,ILI incidence,2026-10-04,4,GR,quantile,0.65,474.88446044921875
2026-09-16,ILI incidence,2026-10-04,4,GR,quantile,0.7,488.44580078125
2026-09-16,ILI incidence,2026-10-04,4,GR,quantile,0.75,504.7511901855469
2026-09-16,ILI incidence,2026-10-04,4,GR,quantile,0.8,523.1522827148438
2026-09-16,ILI incidence,2026-10-04,4,GR,quantile,0.85,545.758544921875
2026-09-16,ILI incidence,2026-10-04,4,GR,quantile,0.9,577.6470336914062
2026-09-16,ILI incidence,2026-10-04,4,GR,quantile,0.95,634.8670043945312
2026-09-16,ILI incidence,2026-10-04,4,GR,quantile,0.975,728.354248046875
2026-09-16,ILI incidence,2026-10-04,4,GR,quantile,0.99,784.4464111328125
2026-09-16,ILI incidence,2026-09-13,1,HR,quantile,0.01,0.0
2026-09-16,ILI incidence,2026-09-13,1,HR,quantile,0.025,0.0
2026-09-16,ILI incidence,2026-09-13,1,HR,quantile,0.05,0.0
2026-09-16,ILI incidence,2026-09-13,1,HR,quantile,0.1,0.0
2026-09-16,ILI incidence,2026-09-13,1,HR,quantile,0.15,0.0
2026-09-16,ILI incidence,2026-09-13,1,HR,quantile,0.2,0.0
2026-09-16,ILI incidence,2026-09-13,1,HR,quantile,0.25,0.0
2026-09-16,ILI incidence,2026-09-13,1,HR,quantile,0.3,0.0
2026-09-16,ILI incidence,2026-09-13,1,HR,quantile,0.35,0.0
2026-09-16,ILI incidence,2026-09-13,1,HR,quantile,0.4,0.0
2026-09-16,ILI incidence,2026-09-13,1,HR,quantile,0.45,0.0
2026-09-16,ILI incidence,2026-09-13,1,HR,quantile,0.5,0.0
2026-09-16,ILI incidence,2026-09-13,1,HR,quantile,0.55,0.00908660888671875
2026-09-16,ILI incidence,2026-09-13,1,HR,quantile,0.6,0.10806655883789062
2026-09-16,ILI incidence,2026-09-13,1,HR,quantile,0.65,0.22412490844726562
2026-09-16,ILI incidence,2026-09-13,1,HR,quantile,0.7,0.32433128356933594
2026-09-16,ILI incidence,2026-09-13,1,HR,quantile,0.75,0.4454689025878906
2026-09-16,ILI incidence,2026-09-13,1,HR,quantile,0.8,0.6150913238525391
2026-09-16,ILI incidence,2026-09-13,1,HR,quantile,0.85,0.8383674621582031
2026-09-16,ILI incidence,2026-09-13,1,HR,quantile,0.9,1.0814800262451172
2026-09-16,ILI incidence,2026-09-13,1,HR,quantile,0.95,1.1442108154296875
2026-09-16,ILI incidence,2026-09-13,1,HR,quantile,0.975,4.788011074066162
2026-09-16,ILI incidence,2026-09-13,1,HR,quantile,0.99,6.974286079406738
2026-09-16,ILI incidence,2026-09-20,2,HR,quantile,0.01,0.0
2026-09-16,ILI incidence,2026-09-20,2,HR,quantile,0.025,0.0
2026-09-16,ILI incidence,2026-09-20,2,HR,quantile,0.05,0.0
2026-09-16,ILI incidence,2026-09-20,2,HR,quantile,0.1,0.0
2026-09-16,ILI incidence,2026-09-20,2,HR,quantile,0.15,0.0
2026-09-16,ILI incidence,2026-09-20,2,HR,quantile,0.2,0.0
2026-09-16,ILI incidence,2026-09-20,2,HR,quantile,0.25,0.0
2026-09-16,ILI incidence,2026-09-20,2,HR,quantile,0.3,0.0
2026-09-16,ILI incidence,2026-09-20,2,HR,quantile,0.35,0.0
2026-09-16,ILI incidence,2026-09-20,2,HR,quantile,0.4,0.0
2026-09-16,ILI incidence,2026-09-20,2,HR,quantile,0.45,0.0
2026-09-16,ILI incidence,2026-09-20,2,HR,quantile,0.5,0.03335380554199219
2026-09-16,ILI incidence,2026-09-20,2,HR,quantile,0.55,0.11652755737304688
2026-09-16,ILI incidence,2026-09-20,2,HR,quantile,0.6,0.1605701446533203
2026-09-16,ILI incidence,2026-09-20,2,HR,quantile,0.65,0.2635631561279297
2026-09-16,ILI incidence,2026-09-20,2,HR,quantile,0.7,0.3310508728027344
2026-09-16,ILI incidence,2026-09-20,2,HR,quantile,0.75,0.44890785217285156
2026-09-16,ILI incidence,2026-09-20,2,HR,quantile,0.8,0.5741214752197266
2026-09-16,ILI incidence,2026-09-20,2,HR,quantile,0.85,0.71209716796875
2026-09-16,ILI incidence,2026-09-20,2,HR,quantile,0.9,1.1177101135253906
2026-09-16,ILI incidence,2026-09-20,2,HR,quantile,0.95,1.309457778930664
2026-09-16,ILI incidence,2026-09-20,2,HR,quantile,0.975,6.014519691467285
2026-09-16,ILI incidence,2026-09-20,2,HR,quantile,0.99,8.837550163269043
2026-09-16,ILI incidence,2026-09-27,3,HR,quantile,0.01,0.0
2026-09-16,ILI incidence,2026-09-27,3,HR,quantile,0.025,0.0
2026-09-16,ILI incidence,2026-09-27,3,HR,quantile,0.05,0.0
2026-09-16,ILI incidence,2026-09-27,3,HR,quantile,0.1,0.0
2026-09-16,ILI incidence,2026-09-27,3,HR,quantile,0.15,0.0
2026-09-16,ILI incidence,2026-09-27,3,HR,quantile,0.2,0.0
2026-09-16,ILI incidence,2026-09-27,3,HR,quantile,0.25,0.0
2026-09-16,ILI incidence,2026-09-27,3,HR,quantile,0.3,0.0
2026-09-16,ILI incidence,2026-09-27,3,HR,quantile,0.35,0.0
2026-09-16,ILI incidence,2026-09-27,3,HR,quantile,0.4,0.0
2026-09-16,ILI incidence,2026-09-27,3,HR,quantile,0.45,0.0
2026-09-16,ILI incidence,2026-09-27,3,HR,quantile,0.5,0.06228446960449219
2026-09-16,ILI incidence,2026-09-27,3,HR,quantile,0.55,0.17045021057128906
2026-09-16,ILI incidence,2026-09-27,3,HR,quantile,0.6,0.311553955078125
2026-09-16,ILI incidence,2026-09-27,3,HR,quantile,0.65,0.4050254821777344
2026-09-16,ILI incidence,2026-09-27,3,HR,quantile,0.7,0.5009841918945312
2026-09-16,ILI incidence,2026-09-27,3,HR,quantile,0.75,0.6508674621582031
2026-09-16,ILI incidence,2026-09-27,3,HR,quantile,0.8,0.9110946655273438
2026-09-16,ILI incidence,2026-09-27,3,HR,quantile,0.85,1.171560287475586
2026-09-16,ILI incidence,2026-09-27,3,HR,quantile,0.9,1.4534549713134766
2026-09-16,ILI incidence,2026-09-27,3,HR,quantile,0.95,2.307382583618164
2026-09-16,ILI incidence,2026-09-27,3,HR,quantile,0.975,7.967722415924072
2026-09-16,ILI incidence,2026-09-27,3,HR,quantile,0.99,11.36391830444336
2026-09-16,ILI incidence,2026-10-04,4,HR,quantile,0.01,0.0
2026-09-16,ILI incidence,2026-10-04,4,HR,quantile,0.025,0.0
2026-09-16,ILI incidence,2026-10-04,4,HR,quantile,0.05,0.0
2026-09-16,ILI incidence,2026-10-04,4,HR,quantile,0.1,0.0
2026-09-16,ILI incidence,2026-10-04,4,HR,quantile,0.15,0.0
2026-09-16,ILI incidence,2026-10-04,4,HR,quantile,0.2,0.0
2026-09-16,ILI incidence,2026-10-04,4,HR,quantile,0.25,0.0
2026-09-16,ILI incidence,2026-10-04,4,HR,quantile,0.3,0.0
2026-09-16,ILI incidence,2026-10-04,4,HR,quantile,0.35,0.0
2026-09-16,ILI incidence,2026-10-04,4,HR,quantile,0.4,0.0768585205078125
2026-09-16,ILI incidence,2026-10-04,4,HR,quantile,0.45,0.21415328979492188
2026-09-16,ILI incidence,2026-10-04,4,HR,quantile,0.5,0.2892646789550781
2026-09-16,ILI incidence,2026-10-04,4,HR,quantile,0.55,0.4042682647705078
2026-09-16,ILI incidence,2026-10-04,4,HR,quantile,0.6,0.4997997283935547
2026-09-16,ILI incidence,2026-10-04,4,HR,quantile,0.65,0.5778255462646484
2026-09-16,ILI incidence,2026-10-04,4,HR,quantile,0.7,0.5855255126953125
2026-09-16,ILI incidence,2026-10-04,4,HR,quantile,0.75,0.5855884552001953
2026-09-16,ILI incidence,2026-10-04,4,HR,quantile,0.8,0.6021060943603516
2026-09-16,ILI incidence,2026-10-04,4,HR,quantile,0.85,0.6104698181152344
2026-09-16,ILI incidence,2026-10-04,4,HR,quantile,0.9,0.7268867492675781
2026-09-16,ILI incidence,2026-10-04,4,HR,quantile,0.95,1.0705451965332031
2026-09-16,ILI incidence,2026-10-04,4,HR,quantile,0.975,6.276468753814697
2026-09-16,ILI incidence,2026-10-04,4,HR,quantile,0.99,9.400015830993652
2026-09-16,ILI incidence,2026-09-13,1,HU,quantile,0.01,0.0
2026-09-16,ILI incidence,2026-09-13,1,HU,quantile,0.025,0.42061805725097656
2026-09-16,ILI incidence,2026-09-13,1,HU,quantile,0.05,29.10137939453125
2026-09-16,ILI incidence,2026-09-13,1,HU,quantile,0.1,41.63005065917969
2026-09-16,ILI incidence,2026-09-13,1,HU,quantile,0.15,48.34458923339844
2026-09-16,ILI incidence,2026-09-13,1,HU,quantile,0.2,53.216033935546875
2026-09-16,ILI incidence,2026-09-13,1,HU,quantile,0.25,56.84169006347656
2026-09-16,ILI incidence,2026-09-13,1,HU,quantile,0.3,58.87921142578125
2026-09-16,ILI incidence,2026-09-13,1,HU,quantile,0.35,61.43702697753906
2026-09-16,ILI incidence,2026-09-13,1,HU,quantile,0.4,63.811553955078125
2026-09-16,ILI incidence,2026-09-13,1,HU,quantile,0.45,65.64030456542969
2026-09-16,ILI incidence,2026-09-13,1,HU,quantile,0.5,68.75627136230469
2026-09-16,ILI incidence,2026-09-13,1,HU,quantile,0.55,69.85334777832031
2026-09-16,ILI incidence,2026-09-13,1,HU,quantile,0.6,71.47593688964844
2026-09-16,ILI incidence,2026-09-13,1,HU,quantile,0.65,74.96501159667969
2026-09-16,ILI incidence,2026-09-13,1,HU,quantile,0.7,78.95701599121094
2026-09-16,ILI incidence,2026-09-13,1,HU,quantile,0.75,82.06289672851562
2026-09-16,ILI incidence,2026-09-13,1,HU,quantile,0.8,85.82215881347656
2026-09-16,ILI incidence,2026-09-13,1,HU,quantile,0.85,90.09255981445312
2026-09-16,ILI incidence,2026-09-13,1,HU,quantile,0.9,95.50849914550781
2026-09-16,ILI incidence,2026-09-13,1,HU,quantile,0.95,103.61834716796875
2026-09-16,ILI incidence,2026-09-13,1,HU,quantile,0.975,122.75634002685547
2026-09-16,ILI incidence,2026-09-13,1,HU,quantile,0.99,134.23910522460938
2026-09-16,ILI incidence,2026-09-20,2,HU,quantile,0.01,0.0
2026-09-16,ILI incidence,2026-09-20,2,HU,quantile,0.025,1.4208087921142578
2026-09-16,ILI incidence,2026-09-20,2,HU,quantile,0.05,31.039642333984375
2026-09-16,ILI incidence,2026-09-20,2,HU,quantile,0.1,44.230194091796875
2026-09-16,ILI incidence,2026-09-20,2,HU,quantile,0.15,50.87315368652344
2026-09-16,ILI incidence,2026-09-20,2,HU,quantile,0.2,56.67607116699219
2026-09-16,ILI incidence,2026-09-20,2,HU,quantile,0.25,61.088165283203125
2026-09-16,ILI incidence,2026-09-20,2,HU,quantile,0.3,64.55718994140625
2026-09-16,ILI incidence,2026-09-20,2,HU,quantile,0.35,68.53408813476562
2026-09-16,ILI incidence,2026-09-20,2,HU,quantile,0.4,71.83522033691406
2026-09-16,ILI incidence,2026-09-20,2,HU,quantile,0.45,74.04055786132812
2026-09-16,ILI incidence,2026-09-20,2,HU,quantile,0.5,78.10113525390625
2026-09-16,ILI incidence,2026-09-20,2,HU,quantile,0.55,80.15135192871094
2026-09-16,ILI incidence,2026-09-20,2,HU,quantile,0.6,84.08021545410156
2026-09-16,ILI incidence,2026-09-20,2,HU,quantile,0.65,87.62872314453125
2026-09-16,ILI incidence,2026-09-20,2,HU,quantile,0.7,91.04743957519531
2026-09-16,ILI incidence,2026-09-20,2,HU,quantile,0.75,95.31912231445312
2026-09-16,ILI incidence,2026-09-20,2,HU,quantile,0.8,99.93167114257812
2026-09-16,ILI incidence,2026-09-20,2,HU,quantile,0.85,107.1944580078125
2026-09-16,ILI incidence,2026-09-20,2,HU,quantile,0.9,116.21659851074219
2026-09-16,ILI incidence,2026-09-20,2,HU,quantile,0.95,130.18382263183594
2026-09-16,ILI incidence,2026-09-20,2,HU,quantile,0.975,163.37330627441406
2026-09-16,ILI incidence,2026-09-20,2,HU,quantile,0.99,183.28695678710938
2026-09-16,ILI incidence,2026-09-27,3,HU,quantile,0.01,0.0
2026-09-16,ILI incidence,2026-09-27,3,HU,quantile,0.025,0.0
2026-09-16,ILI incidence,2026-09-27,3,HU,quantile,0.05,30.642547607421875
2026-09-16,ILI incidence,2026-09-27,3,HU,quantile,0.1,46.2236328125
2026-09-16,ILI incidence,2026-09-27,3,HU,quantile,0.15,54.22755432128906
2026-09-16,ILI incidence,2026-09-27,3,HU,quantile,0.2,60.675811767578125
2026-09-16,ILI incidence,2026-09-27,3,HU,quantile,0.25,65.81001281738281
2026-09-16,ILI incidence,2026-09-27,3,HU,quantile,0.3,70.74534606933594
2026-09-16,ILI incidence,2026-09-27,3,HU,quantile,0.35,74.77919006347656
2026-09-16,ILI incidence,2026-09-27,3,HU,quantile,0.4,78.74546813964844
2026-09-16,ILI incidence,2026-09-27,3,HU,quantile,0.45,81.67140197753906
2026-09-16,ILI incidence,2026-09-27,3,HU,quantile,0.5,85.98594665527344
2026-09-16,ILI incidence,2026-09-27,3,HU,quantile,0.55,88.80184936523438
2026-09-16,ILI incidence,2026-09-27,3,HU,quantile,0.6,92.61885070800781
2026-09-16,ILI incidence,2026-09-27,3,HU,quantile,0.65,96.16903686523438
2026-09-16,ILI incidence,2026-09-27,3,HU,quantile,0.7,100.1231689453125
2026-09-16,ILI incidence,2026-09-27,3,HU,quantile,0.75,105.12094116210938
2026-09-16,ILI incidence,2026-09-27,3,HU,quantile,0.8,111.41154479980469
2026-09-16,ILI incidence,2026-09-27,3,HU,quantile,0.85,119.49873352050781
2026-09-16,ILI incidence,2026-09-27,3,HU,quantile,0.9,132.4985809326172
2026-09-16,ILI incidence,2026-09-27,3,HU,quantile,0.95,150.04620361328125
2026-09-16,ILI incidence,2026-09-27,3,HU,quantile,0.975,189.54031372070312
2026-09-16,ILI incidence,2026-09-27,3,HU,quantile,0.99,213.2367401123047
2026-09-16,ILI incidence,2026-10-04,4,HU,quantile,0.01,0.0
2026-09-16,ILI incidence,2026-10-04,4,HU,quantile,0.025,0.0
2026-09-16,ILI incidence,2026-10-04,4,HU,quantile,0.05,30.748199462890625
2026-09-16,ILI incidence,2026-10-04,4,HU,quantile,0.1,48.32196044921875
2026-09-16,ILI incidence,2026-10-04,4,HU,quantile,0.15,57.083282470703125
2026-09-16,ILI incidence,2026-10-04,4,HU,quantile,0.2,63.51844787597656
2026-09-16,ILI incidence,2026-10-04,4,HU,quantile,0.25,68.52491760253906
2026-09-16,ILI incidence,2026-10-04,4,HU,quantile,0.3,72.73138427734375
2026-09-16,ILI incidence,2026-10-04,4,HU,quantile,0.35,77.02653503417969
2026-09-16,ILI incidence,2026-10-04,4,HU,quantile,0.4,81.62431335449219
2026-09-16,ILI incidence,2026-10-04,4,HU,quantile,0.45,84.95866394042969
2026-09-16,ILI incidence,2026-10-04,4,HU,quantile,0.5,90.06571960449219
2026-09-16,ILI incidence,2026-10-04,4,HU,quantile,0.55,93.74746704101562
2026-09-16,ILI incidence,2026-10-04,4,HU,quantile,0.6,98.08662414550781
2026-09-16,ILI incidence,2026-10-04,4,HU,quantile,0.65,103.2608642578125
2026-09-16,ILI incidence,2026-10-04,4,HU,quantile,0.7,108.25053405761719
2026-09-16,ILI incidence,2026-10-04,4,HU,quantile,0.75,114.484130859375
2026-09-16,ILI incidence,2026-10-04,4,HU,quantile,0.8,121.88262939453125
2026-09-16,ILI incidence,2026-10-04,4,HU,quantile,0.85,131.19508361816406
2026-09-16,ILI incidence,2026-10-04,4,HU,quantile,0.9,143.79367065429688
2026-09-16,ILI incidence,2026-10-04,4,HU,quantile,0.95,167.15493774414062
2026-09-16,ILI incidence,2026-10-04,4,HU,quantile,0.975,211.6785888671875
2026-09-16,ILI incidence,2026-10-04,4,HU,quantile,0.99,238.39271545410156
2026-09-16,ILI incidence,2026-09-13,1,IE,quantile,0.01,0.0
2026-09-16,ILI incidence,2026-09-13,1,IE,quantile,0.025,0.18442502617835999
2026-09-16,ILI incidence,2026-09-13,1,IE,quantile,0.05,0.6056241989135742
2026-09-16,ILI incidence,2026-09-13,1,IE,quantile,0.1,0.8758029937744141
2026-09-16,ILI incidence,2026-09-13,1,IE,quantile,0.15,1.0606870651245117
2026-09-16,ILI incidence,2026-09-13,1,IE,quantile,0.2,1.2023239135742188
2026-09-16,ILI incidence,2026-09-13,1,IE,quantile,0.25,1.3314008712768555
2026-09-16,ILI incidence,2026-09-13,1,IE,quantile,0.3,1.421513557434082
2026-09-16,ILI incidence,2026-09-13,1,IE,quantile,0.35,1.5033702850341797
2026-09-16,ILI incidence,2026-09-13,1,IE,quantile,0.4,1.6152372360229492
2026-09-16,ILI incidence,2026-09-13,1,IE,quantile,0.45,1.6704473495483398
2026-09-16,ILI incidence,2026-09-13,1,IE,quantile,0.5,1.7832746505737305
2026-09-16,ILI incidence,2026-09-13,1,IE,quantile,0.55,1.8521766662597656
2026-09-16,ILI incidence,2026-09-13,1,IE,quantile,0.6,1.9123334884643555
2026-09-16,ILI incidence,2026-09-13,1,IE,quantile,0.65,2.0731449127197266
2026-09-16,ILI incidence,2026-09-13,1,IE,quantile,0.7,2.26908016204834
2026-09-16,ILI incidence,2026-09-13,1,IE,quantile,0.75,2.429234504699707
2026-09-16,ILI incidence,2026-09-13,1,IE,quantile,0.8,2.6261167526245117
2026-09-16,ILI incidence,2026-09-13,1,IE,quantile,0.85,2.824246406555176
2026-09-16,ILI incidence,2026-09-13,1,IE,quantile,0.9,3.125743865966797
2026-09-16,ILI incidence,2026-09-13,1,IE,quantile,0.95,3.5249156951904297
2026-09-16,ILI incidence,2026-09-13,1,IE,quantile,0.975,5.844271659851074
2026-09-16,ILI incidence,2026-09-13,1,IE,quantile,0.99,7.23588228225708
2026-09-16,ILI incidence,2026-09-20,2,IE,quantile,0.01,0.17979907989501953
2026-09-16,ILI incidence,2026-09-20,2,IE,quantile,0.025,0.4164539575576782
2026-09-16,ILI incidence,2026-09-20,2,IE,quantile,0.05,0.8108787536621094
2026-09-16,ILI incidence,2026-09-20,2,IE,quantile,0.1,1.0896034240722656
2026-09-16,ILI incidence,2026-09-20,2,IE,quantile,0.15,1.2793388366699219
2026-09-16,ILI incidence,2026-09-20,2,IE,quantile,0.2,1.422616958618164
2026-09-16,ILI incidence,2026-09-20,2,IE,quantile,0.25,1.5396881103515625
2026-09-16,ILI incidence,2026-09-20,2,IE,quantile,0.3,1.6688499450683594
2026-09-16,ILI incidence,2026-09-20,2,IE,quantile,0.35,1.8161964416503906
2026-09-16,ILI incidence,2026-09-20,2,IE,quantile,0.4,1.9372644424438477
2026-09-16,ILI incidence,2026-09-20,2,IE,quantile,0.45,2.0016794204711914
2026-09-16,ILI incidence,2026-09-20,2,IE,quantile,0.5,2.1500654220581055
2026-09-16,ILI incidence,2026-09-20,2,IE,quantile,0.55,2.263394355773926
2026-09-16,ILI incidence,2026-09-20,2,IE,quantile,0.6,2.405320167541504
2026-09-16,ILI incidence,2026-09-20,2,IE,quantile,0.65,2.5582151412963867
2026-09-16,ILI incidence,2026-09-20,2,IE,quantile,0.7,2.649078369140625
2026-09-16,ILI incidence,2026-09-20,2,IE,quantile,0.75,2.808992385864258
2026-09-16,ILI incidence,2026-09-20,2,IE,quantile,0.8,2.9603042602539062
2026-09-16,ILI incidence,2026-09-20,2,IE,quantile,0.85,3.209901809692383
2026-09-16,ILI incidence,2026-09-20,2,IE,quantile,0.9,3.56874942779541
2026-09-16,ILI incidence,2026-09-20,2,IE,quantile,0.95,4.157009124755859
2026-09-16,ILI incidence,2026-09-20,2,IE,quantile,0.975,7.37119197845459
2026-09-16,ILI incidence,2026-09-20,2,IE,quantile,0.99,9.299696922302246
2026-09-16,ILI incidence,2026-09-27,3,IE,quantile,0.01,0.06849288940429688
2026-09-16,ILI incidence,2026-09-27,3,IE,quantile,0.025,0.3631496727466583
2026-09-16,ILI incidence,2026-09-27,3,IE,quantile,0.05,0.8542442321777344
2026-09-16,ILI incidence,2026-09-27,3,IE,quantile,0.1,1.1690025329589844
2026-09-16,ILI incidence,2026-09-27,3,IE,quantile,0.15,1.3786211013793945
2026-09-16,ILI incidence,2026-09-27,3,IE,quantile,0.2,1.5411691665649414
2026-09-16,ILI incidence,2026-09-27,3,IE,quantile,0.25,1.691267967224121
2026-09-16,ILI incidence,2026-09-27,3,IE,quantile,0.3,1.8929214477539062
2026-09-16,ILI incidence,2026-09-27,3,IE,quantile,0.35,2.0036439895629883
2026-09-16,ILI incidence,2026-09-27,3,IE,quantile,0.4,2.141037940979004
2026-09-16,ILI incidence,2026-09-27,3,IE,quantile,0.45,2.211655616760254
2026-09-16,ILI incidence,2026-09-27,3,IE,quantile,0.5,2.342036247253418
2026-09-16,ILI incidence,2026-09-27,3,IE,quantile,0.55,2.4464149475097656
2026-09-16,ILI incidence,2026-09-27,3,IE,quantile,0.6,2.543304443359375
2026-09-16,ILI incidence,2026-09-27,3,IE,quantile,0.65,2.67183780670166
2026-09-16,ILI incidence,2026-09-27,3,IE,quantile,0.7,2.8129453659057617
2026-09-16,ILI incidence,2026-09-27,3,IE,quantile,0.75,3.013888359069824
2026-09-16,ILI incidence,2026-09-27,3,IE,quantile,0.8,3.2547216415405273
2026-09-16,ILI incidence,2026-09-27,3,IE,quantile,0.85,3.5804243087768555
2026-09-16,ILI incidence,2026-09-27,3,IE,quantile,0.9,4.238591194152832
2026-09-16,ILI incidence,2026-09-27,3,IE,quantile,0.95,5.090081214904785
2026-09-16,ILI incidence,2026-09-27,3,IE,quantile,0.975,9.059086799621582
2026-09-16,ILI incidence,2026-09-27,3,IE,quantile,0.99,11.440485000610352
2026-09-16,ILI incidence,2026-10-04,4,IE,quantile,0.01,0.48012638092041016
2026-09-16,ILI incidence,2026-10-04,4,IE,quantile,0.025,0.764011025428772
2026-09-16,ILI incidence,2026-10-04,4,IE,quantile,0.05,1.237152099609375
2026-09-16,ILI incidence,2026-10-04,4,IE,quantile,0.1,1.6340389251708984
2026-09-16,ILI incidence,2026-10-04,4,IE,quantile,0.15,1.9227752685546875
2026-09-16,ILI incidence,2026-10-04,4,IE,quantile,0.2,2.085359573364258
2026-09-16,ILI incidence,2026-10-04,4,IE,quantile,0.25,2.240884780883789
2026-09-16,ILI incidence,2026-10-04,4,IE,quantile,0.3,2.381601333618164
2026-09-16,ILI incidence,2026-10-04,4,IE,quantile,0.35,2.5305585861206055
2026-09-16,ILI incidence,2026-10-04,4,IE,quantile,0.4,2.7140817642211914
2026-09-16,ILI incidence,2026-10-04,4,IE,quantile,0.45,2.8273019790649414
2026-09-16,ILI incidence,2026-10-04,4,IE,quantile,0.5,3.0366811752319336
2026-09-16,ILI incidence,2026-10-04,4,IE,quantile,0.55,3.230954170227051
2026-09-16,ILI incidence,2026-10-04,4,IE,quantile,0.6,3.4542646408081055
2026-09-16,ILI incidence,2026-10-04,4,IE,quantile,0.65,3.686107635498047
2026-09-16,ILI incidence,2026-10-04,4,IE,quantile,0.7,3.88944149017334
2026-09-16,ILI incidence,2026-10-04,4,IE,quantile,0.75,4.202298164367676
2026-09-16,ILI incidence,2026-10-04,4,IE,quantile,0.8,4.567694664001465
2026-09-16,ILI incidence,2026-10-04,4,IE,quantile,0.85,5.014098167419434
2026-09-16,ILI incidence,2026-10-04,4,IE,quantile,0.9,5.714292526245117
2026-09-16,ILI incidence,2026-10-04,4,IE,quantile,0.95,7.186189651489258
2026-09-16,ILI incidence,2026-10-04,4,IE,quantile,0.975,11.6914701461792
2026-09-16,ILI incidence,2026-10-04,4,IE,quantile,0.99,14.394632339477539
2026-09-16,ILI incidence,2026-09-13,1,IS,quantile,0.01,0.0
2026-09-16,ILI incidence,2026-09-13,1,IS,quantile,0.025,0.0
2026-09-16,ILI incidence,2026-09-13,1,IS,quantile,0.05,0.10234308242797852
2026-09-16,ILI incidence,2026-09-13,1,IS,quantile,0.1,0.1939249038696289
2026-09-16,ILI incidence,2026-09-13,1,IS,quantile,0.15,0.2573270797729492
2026-09-16,ILI incidence,2026-09-13,1,IS,quantile,0.2,0.3177928924560547
2026-09-16,ILI incidence,2026-09-13,1,IS,quantile,0.25,0.35869693756103516
2026-09-16,ILI incidence,2026-09-13,1,IS,quantile,0.3,0.37713623046875
2026-09-16,ILI incidence,2026-09-13,1,IS,quantile,0.35,0.3983006477355957
2026-09-16,ILI incidence,2026-09-13,1,IS,quantile,0.4,0.4357123374938965
2026-09-16,ILI incidence,2026-09-13,1,IS,quantile,0.45,0.4465475082397461
2026-09-16,ILI incidence,2026-09-13,1,IS,quantile,0.5,0.48552703857421875
2026-09-16,ILI incidence,2026-09-13,1,IS,quantile,0.55,0.5107607841491699
2026-09-16,ILI incidence,2026-09-13,1,IS,quantile,0.6,0.5257406234741211
2026-09-16,ILI incidence,2026-09-13,1,IS,quantile,0.65,0.5850830078125
2026-09-16,ILI incidence,2026-09-13,1,IS,quantile,0.7,0.6621549129486084
2026-09-16,ILI incidence,2026-09-13,1,IS,quantile,0.75,0.7223153114318848
2026-09-16,ILI incidence,2026-09-13,1,IS,quantile,0.8,0.798670768737793
2026-09-16,ILI incidence,2026-09-13,1,IS,quantile,0.85,0.8915607929229736
2026-09-16,ILI incidence,2026-09-13,1,IS,quantile,0.9,1.028076171875
2026-09-16,ILI incidence,2026-09-13,1,IS,quantile,0.95,1.2435753345489502
2026-09-16,ILI incidence,2026-09-13,1,IS,quantile,0.975,2.0490100383758545
2026-09-16,ILI incidence,2026-09-13,1,IS,quantile,0.99,2.5322697162628174
2026-09-16,ILI incidence,2026-09-20,2,IS,quantile,0.01,0.0
2026-09-16,ILI incidence,2026-09-20,2,IS,quantile,0.025,0.0
2026-09-16,ILI incidence,2026-09-20,2,IS,quantile,0.05,0.06258821487426758
2026-09-16,ILI incidence,2026-09-20,2,IS,quantile,0.1,0.16041946411132812
2026-09-16,ILI incidence,2026-09-20,2,IS,quantile,0.15,0.2380056381225586
2026-09-16,ILI incidence,2026-09-20,2,IS,quantile,0.2,0.298555850982666
2026-09-16,ILI incidence,2026-09-20,2,IS,quantile,0.25,0.35076475143432617
2026-09-16,ILI incidence,2026-09-20,2,IS,quantile,0.3,0.38837432861328125
2026-09-16,ILI incidence,2026-09-20,2,IS,quantile,0.35,0.441709041595459
2026-09-16,ILI incidence,2026-09-20,2,IS,quantile,0.4,0.47524547576904297
2026-09-16,ILI incidence,2026-09-20,2,IS,quantile,0.45,0.49785566329956055
2026-09-16,ILI incidence,2026-09-20,2,IS,quantile,0.5,0.5388803482055664
2026-09-16,ILI incidence,2026-09-20,2,IS,quantile,0.55,0.5736665725708008
2026-09-16,ILI incidence,2026-09-20,2,IS,quantile,0.6,0.6268231868743896
2026-09-16,ILI incidence,2026-09-20,2,IS,quantile,0.65,0.6791999340057373
2026-09-16,ILI incidence,2026-09-20,2,IS,quantile,0.7,0.7051124572753906
2026-09-16,ILI incidence,2026-09-20,2,IS,quantile,0.75,0.7686657905578613
2026-09-16,ILI incidence,2026-09-20,2,IS,quantile,0.8,0.8223507404327393
2026-09-16,ILI incidence,2026-09-20,2,IS,quantile,0.85,0.9293794631958008
2026-09-16,ILI incidence,2026-09-20,2,IS,quantile,0.9,1.0841617584228516
2026-09-16,ILI incidence,2026-09-20,2,IS,quantile,0.95,1.3757424354553223
2026-09-16,ILI incidence,2026-09-20,2,IS,quantile,0.975,2.544567823410034
2026-09-16,ILI incidence,2026-09-20,2,IS,quantile,0.99,3.245861530303955
2026-09-16,ILI incidence,2026-09-27,3,IS,quantile,0.01,0.0
2026-09-16,ILI incidence,2026-09-27,3,IS,quantile,0.025,0.0
2026-09-16,ILI incidence,2026-09-27,3,IS,quantile,0.05,0.03132295608520508
2026-09-16,ILI incidence,2026-09-27,3,IS,quantile,0.1,0.16645193099975586
2026-09-16,ILI incidence,2026-09-27,3,IS,quantile,0.15,0.23961973190307617
2026-09-16,ILI incidence,2026-09-27,3,IS,quantile,0.2,0.30788087844848633
2026-09-16,ILI incidence,2026-09-27,3,IS,quantile,0.25,0.3647136688232422
2026-09-16,ILI incidence,2026-09-27,3,IS,quantile,0.3,0.43681764602661133
2026-09-16,ILI incidence,2026-09-27,3,IS,quantile,0.35,0.46539306640625
2026-09-16,ILI incidence,2026-09-27,3,IS,quantile,0.4,0.5146818161010742
2026-09-16,ILI incidence,2026-09-27,3,IS,quantile,0.45,0.5282144546508789
2026-09-16,ILI incidence,2026-09-27,3,IS,quantile,0.5,0.577521800994873
2026-09-16,ILI incidence,2026-09-27,3,IS,quantile,0.55,0.6150283813476562
2026-09-16,ILI incidence,2026-09-27,3,IS,quantile,0.6,0.648190975189209
2026-09-16,ILI incidence,2026-09-27,3,IS,quantile,0.65,0.6909310817718506
2026-09-16,ILI incidence,2026-09-27,3,IS,quantile,0.7,0.7439064979553223
2026-09-16,ILI incidence,2026-09-27,3,IS,quantile,0.75,0.8179163932800293
2026-09-16,ILI incidence,2026-09-27,3,IS,quantile,0.8,0.8934509754180908
2026-09-16,ILI incidence,2026-09-27,3,IS,quantile,0.85,1.0245134830474854
2026-09-16,ILI incidence,2026-09-27,3,IS,quantile,0.9,1.2658438682556152
2026-09-16,ILI incidence,2026-09-27,3,IS,quantile,0.95,1.5895185470581055
2026-09-16,ILI incidence,2026-09-27,3,IS,quantile,0.975,2.990574836730957
2026-09-16,ILI incidence,2026-09-27,3,IS,quantile,0.99,3.831206798553467
2026-09-16,ILI incidence,2026-10-04,4,IS,quantile,0.01,0.0
2026-09-16,ILI incidence,2026-10-04,4,IS,quantile,0.025,0.0
2026-09-16,ILI incidence,2026-10-04,4,IS,quantile,0.05,0.0
2026-09-16,ILI incidence,2026-10-04,4,IS,quantile,0.1,0.1482553482055664
2026-09-16,ILI incidence,2026-10-04,4,IS,quantile,0.15,0.2523317337036133
2026-09-16,ILI incidence,2026-10-04,4,IS,quantile,0.2,0.3216843605041504
2026-09-16,ILI incidence,2026-10-04,4,IS,quantile,0.25,0.3734312057495117
2026-09-16,ILI incidence,2026-10-04,4,IS,quantile,0.3,0.41849851608276367
2026-09-16,ILI incidence,2026-10-04,4,IS,quantile,0.35,0.4641451835632324
2026-09-16,ILI incidence,2026-10-04,4,IS,quantile,0.4,0.5176701545715332
2026-09-16,ILI incidence,2026-10-04,4,IS,quantile,0.45,0.5361328125
2026-09-16,ILI incidence,2026-10-04,4,IS,quantile,0.5,0.6109039783477783
2026-09-16,ILI incidence,2026-10-04,4,IS,quantile,0.55,0.6785523891448975
2026-09-16,ILI incidence,2026-10-04,4,IS,quantile,0.6,0.7594590187072754
2026-09-16,ILI incidence,2026-10-04,4,IS,quantile,0.65,0.8347213268280029
2026-09-16,ILI incidence,2026-10-04,4,IS,quantile,0.7,0.8823056221008301
2026-09-16,ILI incidence,2026-10-04,4,IS,quantile,0.75,0.9834394454956055
2026-09-16,ILI incidence,2026-10-04,4,IS,quantile,0.8,1.085543155670166
2026-09-16,ILI incidence,2026-10-04,4,IS,quantile,0.85,1.2190053462982178
2026-09-16,ILI incidence,2026-10-04,4,IS,quantile,0.9,1.4604392051696777
2026-09-16,ILI incidence,2026-10-04,4,IS,quantile,0.95,2.0343992710113525
2026-09-16,ILI incidence,2026-10-04,4,IS,quantile,0.975,3.6445298194885254
2026-09-16,ILI incidence,2026-10-04,4,IS,quantile,0.99,4.6106061935424805
2026-09-16,ILI incidence,2026-09-13,1,LT,quantile,0.01,0.0
2026-09-16,ILI incidence,2026-09-13,1,LT,quantile,0.025,0.0
2026-09-16,ILI incidence,2026-09-13,1,LT,quantile,0.05,0.0
2026-09-16,ILI incidence,2026-09-13,1,LT,quantile,0.1,0.18069076538085938
2026-09-16,ILI incidence,2026-09-13,1,LT,quantile,0.15,0.544036865234375
2026-09-16,ILI incidence,2026-09-13,1,LT,quantile,0.2,0.8969612121582031
2026-09-16,ILI incidence,2026-09-13,1,LT,quantile,0.25,1.3401756286621094
2026-09-16,ILI incidence,2026-09-13,1,LT,quantile,0.3,1.6816253662109375
2026-09-16,ILI incidence,2026-09-13,1,LT,quantile,0.35,1.8694992065429688
2026-09-16,ILI incidence,2026-09-13,1,LT,quantile,0.4,2.239276885986328
2026-09-16,ILI incidence,2026-09-13,1,LT,quantile,0.45,2.323474884033203
2026-09-16,ILI incidence,2026-09-13,1,LT,quantile,0.5,2.5654869079589844
2026-09-16,ILI incidence,2026-09-13,1,LT,quantile,0.55,2.8078994750976562
2026-09-16,ILI incidence,2026-09-13,1,LT,quantile,0.6,2.9063568115234375
2026-09-16,ILI incidence,2026-09-13,1,LT,quantile,0.65,3.3413772583007812
2026-09-16,ILI incidence,2026-09-13,1,LT,quantile,0.7,4.0181427001953125
2026-09-16,ILI incidence,2026-09-13,1,LT,quantile,0.75,4.570217132568359
2026-09-16,ILI incidence,2026-09-13,1,LT,quantile,0.8,5.054035186767578
2026-09-16,ILI incidence,2026-09-13,1,LT,quantile,0.85,5.5621795654296875
2026-09-16,ILI incidence,2026-09-13,1,LT,quantile,0.9,6.095973968505859
2026-09-16,ILI incidence,2026-09-13,1,LT,quantile,0.95,6.154346466064453
2026-09-16,ILI incidence,2026-09-13,1,LT,quantile,0.975,9.175203323364258
2026-09-16,ILI incidence,2026-09-13,1,LT,quantile,0.99,10.987712860107422
2026-09-16,ILI incidence,2026-09-20,2,LT,quantile,0.01,0.0
2026-09-16,ILI incidence,2026-09-20,2,LT,quantile,0.025,0.0
2026-09-16,ILI incidence,2026-09-20,2,LT,quantile,0.05,0.0
2026-09-16,ILI incidence,2026-09-20,2,LT,quantile,0.1,0.5983123779296875
2026-09-16,ILI incidence,2026-09-20,2,LT,quantile,0.15,0.9770622253417969
2026-09-16,ILI incidence,2026-09-20,2,LT,quantile,0.2,1.3792991638183594
2026-09-16,ILI incidence,2026-09-20,2,LT,quantile,0.25,1.5799942016601562
2026-09-16,ILI incidence,2026-09-20,2,LT,quantile,0.3,1.9887847900390625
2026-09-16,ILI incidence,2026-09-20,2,LT,quantile,0.35,2.3917922973632812
2026-09-16,ILI incidence,2026-09-20,2,LT,quantile,0.4,2.627094268798828
2026-09-16,ILI incidence,2026-09-20,2,LT,quantile,0.45,2.6490097045898438
2026-09-16,ILI incidence,2026-09-20,2,LT,quantile,0.5,2.907817840576172
2026-09-16,ILI incidence,2026-09-20,2,LT,quantile,0.55,3.137908935546875
2026-09-16,ILI incidence,2026-09-20,2,LT,quantile,0.6,3.4857521057128906
2026-09-16,ILI incidence,2026-09-20,2,LT,quantile,0.65,3.88861083984375
2026-09-16,ILI incidence,2026-09-20,2,LT,quantile,0.7,4.061573028564453
2026-09-16,ILI incidence,2026-09-20,2,LT,quantile,0.75,4.490802764892578
2026-09-16,ILI incidence,2026-09-20,2,LT,quantile,0.8,4.936443328857422
2026-09-16,ILI incidence,2026-09-20,2,LT,quantile,0.85,5.414188385009766
2026-09-16,ILI incidence,2026-09-20,2,LT,quantile,0.9,6.02923583984375
2026-09-16,ILI incidence,2026-09-20,2,LT,quantile,0.95,6.492359161376953
2026-09-16,ILI incidence,2026-09-20,2,LT,quantile,0.975,12.764792442321777
2026-09-16,ILI incidence,2026-09-20,2,LT,quantile,0.99,16.528244018554688
2026-09-16,ILI incidence,2026-09-27,3,LT,quantile,0.01,0.0
2026-09-16,ILI incidence,2026-09-27,3,LT,quantile,0.025,0.0
2026-09-16,ILI incidence,2026-09-27,3,LT,quantile,0.05,0.0
2026-09-16,ILI incidence,2026-09-27,3,LT,quantile,0.1,0.48374176025390625
2026-09-16,ILI incidence,2026-09-27,3,LT,quantile,0.15,1.0366172790527344
2026-09-16,ILI incidence,2026-09-27,3,LT,quantile,0.2,1.4052925109863281
2026-09-16,ILI incidence,2026-09-27,3,LT,quantile,0.25,1.7837295532226562
2026-09-16,ILI incidence,2026-09-27,3,LT,quantile,0.3,2.4467544555664062
2026-09-16,ILI incidence,2026-09-27,3,LT,quantile,0.35,2.506450653076172
2026-09-16,ILI incidence,2026-09-27,3,LT,quantile,0.4,2.806781768798828
2026-09-16,ILI incidence,2026-09-27,3,LT,quantile,0.45,2.8851776123046875
2026-09-16,ILI incidence,2026-09-27,3,LT,quantile,0.5,3.1750144958496094
2026-09-16,ILI incidence,2026-09-27,3,LT,quantile,0.55,3.389556884765625
2026-09-16,ILI incidence,2026-09-27,3,LT,quantile,0.6,3.589244842529297
2026-09-16,ILI incidence,2026-09-27,3,LT,quantile,0.65,3.892608642578125
2026-09-16,ILI incidence,2026-09-27,3,LT,quantile,0.7,4.153038024902344
2026-09-16,ILI incidence,2026-09-27,3,LT,quantile,0.75,4.519737243652344
2026-09-16,ILI incidence,2026-09-27,3,LT,quantile,0.8,4.916404724121094
2026-09-16,ILI incidence,2026-09-27,3,LT,quantile,0.85,5.331550598144531
2026-09-16,ILI incidence,2026-09-27,3,LT,quantile,0.9,6.5218048095703125
2026-09-16,ILI incidence,2026-09-27,3,LT,quantile,0.95,7.090587615966797
2026-09-16,ILI incidence,2026-09-27,3,LT,quantile,0.975,16.268709182739258
2026-09-16,ILI incidence,2026-09-27,3,LT,quantile,0.99,21.775569915771484
2026-09-16,ILI incidence,2026-10-04,4,LT,quantile,0.01,0.0
2026-09-16,ILI incidence,2026-10-04,4,LT,quantile,0.025,0.0
2026-09-16,ILI incidence,2026-10-04,4,LT,quantile,0.05,0.0
2026-09-16,ILI incidence,2026-10-04,4,LT,quantile,0.1,0.5612945556640625
2026-09-16,ILI incidence,2026-10-04,4,LT,quantile,0.15,1.3348884582519531
2026-09-16,ILI incidence,2026-10-04,4,LT,quantile,0.2,1.6169471740722656
2026-09-16,ILI incidence,2026-10-04,4,LT,quantile,0.25,1.923370361328125
2026-09-16,ILI incidence,2026-10-04,4,LT,quantile,0.3,2.1069602966308594
2026-09-16,ILI incidence,2026-10-04,4,LT,quantile,0.35,2.4535293579101562
2026-09-16,ILI incidence,2026-10-04,4,LT,quantile,0.4,2.87286376953125
2026-09-16,ILI incidence,2026-10-04,4,LT,quantile,0.45,3.013935089111328
2026-09-16,ILI incidence,2026-10-04,4,LT,quantile,0.5,3.479736328125
2026-09-16,ILI incidence,2026-10-04,4,LT,quantile,0.55,3.932140350341797
2026-09-16,ILI incidence,2026-10-04,4,LT,quantile,0.6,4.478191375732422
2026-09-16,ILI incidence,2026-10-04,4,LT,quantile,0.65,4.773563385009766
2026-09-16,ILI incidence,2026-10-04,4,LT,quantile,0.7,4.928768157958984
2026-09-16,ILI incidence,2026-10-04,4,LT,quantile,0.75,5.368316650390625
2026-09-16,ILI incidence,2026-10-04,4,LT,quantile,0.8,5.954174041748047
2026-09-16,ILI incidence,2026-10-04,4,LT,quantile,0.85,6.429416656494141
2026-09-16,ILI incidence,2026-10-04,4,LT,quantile,0.9,7.318569183349609
2026-09-16,ILI incidence,2026-10-04,4,LT,quantile,0.95,10.223377227783203
2026-09-16,ILI incidence,2026-10-04,4,LT,quantile,0.975,22.21731185913086
2026-09-16,ILI incidence,2026-10-04,4,LT,quantile,0.99,29.41365623474121
2026-09-16,ILI incidence,2026-09-13,1,LU,quantile,0.01,0.0
2026-09-16,ILI incidence,2026-09-13,1,LU,quantile,0.025,0.0
2026-09-16,ILI incidence,2026-09-13,1,LU,quantile,0.05,0.0
2026-09-16,ILI incidence,2026-09-13,1,LU,quantile,0.1,158.48974609375
2026-09-16,ILI incidence,2026-09-13,1,LU,quantile,0.15,301.882080078125
2026-09-16,ILI incidence,2026-09-13,1,LU,quantile,0.2,415.865478515625
2026-09-16,ILI incidence,2026-09-13,1,LU,quantile,0.25,506.2314453125
2026-09-16,ILI incidence,2026-09-13,1,LU,quantile,0.3,577.783203125
2026-09-16,ILI incidence,2026-09-13,1,LU,quantile,0.35,654.6689453125
2026-09-16,ILI incidence,2026-09-13,1,LU,quantile,0.4,734.230224609375
2026-09-16,ILI incidence,2026-09-13,1,LU,quantile,0.45,802.464111328125
2026-09-16,ILI incidence,2026-09-13,1,LU,quantile,0.5,898.75
2026-09-16,ILI incidence,2026-09-13,1,LU,quantile,0.55,979.18798828125
2026-09-16,ILI incidence,2026-09-13,1,LU,quantile,0.6,1072.07470703125
2026-09-16,ILI incidence,2026-09-13,1,LU,quantile,0.65,1200.98388671875
2026-09-16,ILI incidence,2026-09-13,1,LU,quantile,0.7,1348.522705078125
2026-09-16,ILI incidence,2026-09-13,1,LU,quantile,0.75,1505.2470703125
2026-09-16,ILI incidence,2026-09-13,1,LU,quantile,0.8,1711.690673828125
2026-09-16,ILI incidence,2026-09-13,1,LU,quantile,0.85,1975.555419921875
2026-09-16,ILI incidence,2026-09-13,1,LU,quantile,0.9,2336.75732421875
2026-09-16,ILI incidence,2026-09-13,1,LU,quantile,0.95,2949.251220703125
2026-09-16,ILI incidence,2026-09-13,1,LU,quantile,0.975,4047.2939453125
2026-09-16,ILI incidence,2026-09-13,1,LU,quantile,0.99,4706.1181640625
2026-09-16,ILI incidence,2026-09-20,2,LU,quantile,0.01,0.0
2026-09-16,ILI incidence,2026-09-20,2,LU,quantile,0.025,0.0
2026-09-16,ILI incidence,2026-09-20,2,LU,quantile,0.05,0.0
2026-09-16,ILI incidence,2026-09-20,2,LU,quantile,0.1,139.76611328125
2026-09-16,ILI incidence,2026-09-20,2,LU,quantile,0.15,299.2041015625
2026-09-16,ILI incidence,2026-09-20,2,LU,quantile,0.2,428.661376953125
2026-09-16,ILI incidence,2026-09-20,2,LU,quantile,0.25,550.215087890625
2026-09-16,ILI incidence,2026-09-20,2,LU,quantile,0.3,661.2900390625
2026-09-16,ILI incidence,2026-09-20,2,LU,quantile,0.35,785.314453125
2026-09-16,ILI incidence,2026-09-20,2,LU,quantile,0.4,900.282470703125
2026-09-16,ILI incidence,2026-09-20,2,LU,quantile,0.45,1008.4208984375
2026-09-16,ILI incidence,2026-09-20,2,LU,quantile,0.5,1138.3486328125
2026-09-16,ILI incidence,2026-09-20,2,LU,quantile,0.55,1257.666259765625
2026-09-16,ILI incidence,2026-09-20,2,LU,quantile,0.6,1413.31298828125
2026-09-16,ILI incidence,2026-09-20,2,LU,quantile,0.65,1566.0966796875
2026-09-16,ILI incidence,2026-09-20,2,LU,quantile,0.7,1736.622802734375
2026-09-16,ILI incidence,2026-09-20,2,LU,quantile,0.75,1956.369873046875
2026-09-16,ILI incidence,2026-09-20,2,LU,quantile,0.8,2207.5791015625
2026-09-16,ILI incidence,2026-09-20,2,LU,quantile,0.85,2552.12353515625
2026-09-16,ILI incidence,2026-09-20,2,LU,quantile,0.9,3008.46728515625
2026-09-16,ILI incidence,2026-09-20,2,LU,quantile,0.95,3727.859619140625
2026-09-16,ILI incidence,2026-09-20,2,LU,quantile,0.975,5033.96875
2026-09-16,ILI incidence,2026-09-20,2,LU,quantile,0.99,5817.6328125
2026-09-16,ILI incidence,2026-09-27,3,LU,quantile,0.01,0.0
2026-09-16,ILI incidence,2026-09-27,3,LU,quantile,0.025,0.0
2026-09-16,ILI incidence,2026-09-27,3,LU,quantile,0.05,0.0
2026-09-16,ILI incidence,2026-09-27,3,LU,quantile,0.1,255.967529296875
2026-09-16,ILI incidence,2026-09-27,3,LU,quantile,0.15,413.920166015625
2026-09-16,ILI incidence,2026-09-27,3,LU,quantile,0.2,564.433837890625
2026-09-16,ILI incidence,2026-09-27,3,LU,quantile,0.25,703.13427734375
2026-09-16,ILI incidence,2026-09-27,3,LU,quantile,0.3,847.762451171875
2026-09-16,ILI incidence,2026-09-27,3,LU,quantile,0.35,978.150390625
2026-09-16,ILI incidence,2026-09-27,3,LU,quantile,0.4,1115.339111328125
2026-09-16,ILI incidence,2026-09-27,3,LU,quantile,0.45,1238.435302734375
2026-09-16,ILI incidence,2026-09-27,3,LU,quantile,0.5,1393.489013671875
2026-09-16,ILI incidence,2026-09-27,3,LU,quantile,0.55,1536.451416015625
2026-09-16,ILI incidence,2026-09-27,3,LU,quantile,0.6,1689.200439453125
2026-09-16,ILI incidence,2026-09-27,3,LU,quantile,0.65,1850.94189453125
2026-09-16,ILI incidence,2026-09-27,3,LU,quantile,0.7,2049.2890625
2026-09-16,ILI incidence,2026-09-27,3,LU,quantile,0.75,2291.96533203125
2026-09-16,ILI incidence,2026-09-27,3,LU,quantile,0.8,2584.58154296875
2026-09-16,ILI incidence,2026-09-27,3,LU,quantile,0.85,2969.50146484375
2026-09-16,ILI incidence,2026-09-27,3,LU,quantile,0.9,3503.526123046875
2026-09-16,ILI incidence,2026-09-27,3,LU,quantile,0.95,4299.1650390625
2026-09-16,ILI incidence,2026-09-27,3,LU,quantile,0.975,5770.859375
2026-09-16,ILI incidence,2026-09-27,3,LU,quantile,0.99,6653.8740234375
2026-09-16,ILI incidence,2026-10-04,4,LU,quantile,0.01,0.0
2026-09-16,ILI incidence,2026-10-04,4,LU,quantile,0.025,0.0
2026-09-16,ILI incidence,2026-10-04,4,LU,quantile,0.05,11.5126953125
2026-09-16,ILI incidence,2026-10-04,4,LU,quantile,0.1,296.30078125
2026-09-16,ILI incidence,2026-10-04,4,LU,quantile,0.15,478.765625
2026-09-16,ILI incidence,2026-10-04,4,LU,quantile,0.2,643.36962890625
2026-09-16,ILI incidence,2026-10-04,4,LU,quantile,0.25,791.649169921875
2026-09-16,ILI incidence,2026-10-04,4,LU,quantile,0.3,955.333251953125
2026-09-16,ILI incidence,2026-10-04,4,LU,quantile,0.35,1103.297607421875
2026-09-16,ILI incidence,2026-10-04,4,LU,quantile,0.4,1272.211181640625
2026-09-16,ILI incidence,2026-10-04,4,LU,quantile,0.45,1410.30078125
2026-09-16,ILI incidence,2026-10-04,4,LU,quantile,0.5,1589.24560546875
2026-09-16,ILI incidence,2026-10-04,4,LU,quantile,0.55,1765.23291015625
2026-09-16,ILI incidence,2026-10-04,4,LU,quantile,0.6,1950.940185546875
2026-09-16,ILI incidence,2026-10-04,4,LU,quantile,0.65,2157.14794921875
2026-09-16,ILI incidence,2026-10-04,4,LU,quantile,0.7,2383.89453125
2026-09-16,ILI incidence,2026-10-04,4,LU,quantile,0.75,2672.2548828125
2026-09-16,ILI incidence,2026-10-04,4,LU,quantile,0.8,3002.9560546875
2026-09-16,ILI incidence,2026-10-04,4,LU,quantile,0.85,3425.8935546875
2026-09-16,ILI incidence,2026-10-04,4,LU,quantile,0.9,3987.91552734375
2026-09-16,ILI incidence,2026-10-04,4,LU,quantile,0.95,4956.32861328125
2026-09-16,ILI incidence,2026-10-04,4,LU,quantile,0.975,6642.3818359375
2026-09-16,ILI incidence,2026-10-04,4,LU,quantile,0.99,7654.01171875
2026-09-16,ILI incidence,2026-09-13,1,LV,quantile,0.01,0.0
2026-09-16,ILI incidence,2026-09-13,1,LV,quantile,0.025,0.0
2026-09-16,ILI incidence,2026-09-13,1,LV,quantile,0.05,0.0
2026-09-16,ILI incidence,2026-09-13,1,LV,quantile,0.1,0.0
2026-09-16,ILI incidence,2026-09-13,1,LV,quantile,0.15,0.1160430908203125
2026-09-16,ILI incidence,2026-09-13,1,LV,quantile,0.2,1.953216552734375
2026-09-16,ILI incidence,2026-09-13,1,LV,quantile,0.25,3.591064453125
2026-09-16,ILI incidence,2026-09-13,1,LV,quantile,0.3,4.2638092041015625
2026-09-16,ILI incidence,2026-09-13,1,LV,quantile,0.35,5.3488616943359375
2026-09-16,ILI incidence,2026-09-13,1,LV,quantile,0.4,6.5970306396484375
2026-09-16,ILI incidence,2026-09-13,1,LV,quantile,0.45,6.994354248046875
2026-09-16,ILI incidence,2026-09-13,1,LV,quantile,0.5,8.715606689453125
2026-09-16,ILI incidence,2026-09-13,1,LV,quantile,0.55,8.913803100585938
2026-09-16,ILI incidence,2026-09-13,1,LV,quantile,0.6,9.411422729492188
2026-09-16,ILI incidence,2026-09-13,1,LV,quantile,0.65,10.931488037109375
2026-09-16,ILI incidence,2026-09-13,1,LV,quantile,0.7,13.196517944335938
2026-09-16,ILI incidence,2026-09-13,1,LV,quantile,0.75,14.588836669921875
2026-09-16,ILI incidence,2026-09-13,1,LV,quantile,0.8,16.304962158203125
2026-09-16,ILI incidence,2026-09-13,1,LV,quantile,0.85,19.148574829101562
2026-09-16,ILI incidence,2026-09-13,1,LV,quantile,0.9,22.909439086914062
2026-09-16,ILI incidence,2026-09-13,1,LV,quantile,0.95,32.77569580078125
2026-09-16,ILI incidence,2026-09-13,1,LV,quantile,0.975,74.70027160644531
2026-09-16,ILI incidence,2026-09-13,1,LV,quantile,0.99,99.85496520996094
2026-09-16,ILI incidence,2026-09-20,2,LV,quantile,0.01,0.0
2026-09-16,ILI incidence,2026-09-20,2,LV,quantile,0.025,0.0
2026-09-16,ILI incidence,2026-09-20,2,LV,quantile,0.05,0.0
2026-09-16,ILI incidence,2026-09-20,2,LV,quantile,0.1,0.0
2026-09-16,ILI incidence,2026-09-20,2,LV,quantile,0.15,0.0
2026-09-16,ILI incidence,2026-09-20,2,LV,quantile,0.2,1.855377197265625
2026-09-16,ILI incidence,2026-09-20,2,LV,quantile,0.25,2.820281982421875
2026-09-16,ILI incidence,2026-09-20,2,LV,quantile,0.3,3.9164581298828125
2026-09-16,ILI incidence,2026-09-20,2,LV,quantile,0.35,5.6140594482421875
2026-09-16,ILI incidence,2026-09-20,2,LV,quantile,0.4,6.5582275390625
2026-09-16,ILI incidence,2026-09-20,2,LV,quantile,0.45,6.932159423828125
2026-09-16,ILI incidence,2026-09-20,2,LV,quantile,0.5,8.683242797851562
2026-09-16,ILI incidence,2026-09-20,2,LV,quantile,0.55,8.981704711914062
2026-09-16,ILI incidence,2026-09-20,2,LV,quantile,0.6,10.663528442382812
2026-09-16,ILI incidence,2026-09-20,2,LV,quantile,0.65,12.026763916015625
2026-09-16,ILI incidence,2026-09-20,2,LV,quantile,0.7,12.46636962890625
2026-09-16,ILI incidence,2026-09-20,2,LV,quantile,0.75,13.983673095703125
2026-09-16,ILI incidence,2026-09-20,2,LV,quantile,0.8,15.770126342773438
2026-09-16,ILI incidence,2026-09-20,2,LV,quantile,0.85,18.658615112304688
2026-09-16,ILI incidence,2026-09-20,2,LV,quantile,0.9,23.363723754882812
2026-09-16,ILI incidence,2026-09-20,2,LV,quantile,0.95,33.68449401855469
2026-09-16,ILI incidence,2026-09-20,2,LV,quantile,0.975,82.35992431640625
2026-09-16,ILI incidence,2026-09-20,2,LV,quantile,0.99,111.56512451171875
2026-09-16,ILI incidence,2026-09-27,3,LV,quantile,0.01,0.0
2026-09-16,ILI incidence,2026-09-27,3,LV,quantile,0.025,0.0
2026-09-16,ILI incidence,2026-09-27,3,LV,quantile,0.05,0.0
2026-09-16,ILI incidence,2026-09-27,3,LV,quantile,0.1,0.0
2026-09-16,ILI incidence,2026-09-27,3,LV,quantile,0.15,0.132720947265625
2026-09-16,ILI incidence,2026-09-27,3,LV,quantile,0.2,1.88189697265625
2026-09-16,ILI incidence,2026-09-27,3,LV,quantile,0.25,3.4258270263671875
2026-09-16,ILI incidence,2026-09-27,3,LV,quantile,0.3,5.3384246826171875
2026-09-16,ILI incidence,2026-09-27,3,LV,quantile,0.35,5.941131591796875
2026-09-16,ILI incidence,2026-09-27,3,LV,quantile,0.4,7.4170989990234375
2026-09-16,ILI incidence,2026-09-27,3,LV,quantile,0.45,7.54266357421875
2026-09-16,ILI incidence,2026-09-27,3,LV,quantile,0.5,8.92340087890625
2026-09-16,ILI incidence,2026-09-27,3,LV,quantile,0.55,9.16461181640625
2026-09-16,ILI incidence,2026-09-27,3,LV,quantile,0.6,10.268341064453125
2026-09-16,ILI incidence,2026-09-27,3,LV,quantile,0.65,11.198883056640625
2026-09-16,ILI incidence,2026-09-27,3,LV,quantile,0.7,12.211990356445312
2026-09-16,ILI incidence,2026-09-27,3,LV,quantile,0.75,13.714523315429688
2026-09-16,ILI incidence,2026-09-27,3,LV,quantile,0.8,15.51031494140625
2026-09-16,ILI incidence,2026-09-27,3,LV,quantile,0.85,18.589065551757812
2026-09-16,ILI incidence,2026-09-27,3,LV,quantile,0.9,25.046707153320312
2026-09-16,ILI incidence,2026-09-27,3,LV,quantile,0.95,34.97491455078125
2026-09-16,ILI incidence,2026-09-27,3,LV,quantile,0.975,88.86602783203125
2026-09-16,ILI incidence,2026-09-27,3,LV,quantile,0.99,121.20062255859375
2026-09-16,ILI incidence,2026-10-04,4,LV,quantile,0.01,0.0
2026-09-16,ILI incidence,2026-10-04,4,LV,quantile,0.025,0.0
2026-09-16,ILI incidence,2026-10-04,4,LV,quantile,0.05,0.0
2026-09-16,ILI incidence,2026-10-04,4,LV,quantile,0.1,0.0
2026-09-16,ILI incidence,2026-10-04,4,LV,quantile,0.15,1.2759246826171875
2026-09-16,ILI incidence,2026-10-04,4,LV,quantile,0.2,2.9260406494140625
2026-09-16,ILI incidence,2026-10-04,4,LV,quantile,0.25,4.015838623046875
2026-09-16,ILI incidence,2026-10-04,4,LV,quantile,0.3,4.710601806640625
2026-09-16,ILI incidence,2026-10-04,4,LV,quantile,0.35,5.997772216796875
2026-09-16,ILI incidence,2026-10-04,4,LV,quantile,0.4,7.484771728515625
2026-09-16,ILI incidence,2026-10-04,4,LV,quantile,0.45,8.018707275390625
2026-09-16,ILI incidence,2026-10-04,4,LV,quantile,0.5,9.82684326171875
2026-09-16,ILI incidence,2026-10-04,4,LV,quantile,0.55,10.671417236328125
2026-09-16,ILI incidence,2026-10-04,4,LV,quantile,0.6,12.209793090820312
2026-09-16,ILI incidence,2026-10-04,4,LV,quantile,0.65,13.420944213867188
2026-09-16,ILI incidence,2026-10-04,4,LV,quantile,0.7,14.11529541015625
2026-09-16,ILI incidence,2026-10-04,4,LV,quantile,0.75,15.90667724609375
2026-09-16,ILI incidence,2026-10-04,4,LV,quantile,0.8,17.616912841796875
2026-09-16,ILI incidence,2026-10-04,4,LV,quantile,0.85,20.20477294921875
2026-09-16,ILI incidence,2026-10-04,4,LV,quantile,0.9,24.98291015625
2026-09-16,ILI incidence,2026-10-04,4,LV,quantile,0.95,38.58704376220703
2026-09-16,ILI incidence,2026-10-04,4,LV,quantile,0.975,95.2308578491211
2026-09-16,ILI incidence,2026-10-04,4,LV,quantile,0.99,129.21707153320312
2026-09-16,ILI incidence,2026-09-13,1,MT,quantile,0.01,1386.43017578125
2026-09-16,ILI incidence,2026-09-13,1,MT,quantile,0.025,2026.1151123046875
2026-09-16,ILI incidence,2026-09-13,1,MT,quantile,0.05,3092.256591796875
2026-09-16,ILI incidence,2026-09-13,1,MT,quantile,0.1,3791.69580078125
2026-09-16,ILI incidence,2026-09-13,1,MT,quantile,0.15,4214.1953125
2026-09-16,ILI incidence,2026-09-13,1,MT,quantile,0.2,4536.6591796875
2026-09-16,ILI incidence,2026-09-13,1,MT,quantile,0.25,4806.3203125
2026-09-16,ILI incidence,2026-09-13,1,MT,quantile,0.3,5047.02490234375
2026-09-16,ILI incidence,2026-09-13,1,MT,quantile,0.35,5274.01611328125
2026-09-16,ILI incidence,2026-09-13,1,MT,quantile,0.4,5489.36865234375
2026-09-16,ILI incidence,2026-09-13,1,MT,quantile,0.45,5692.1396484375
2026-09-16,ILI incidence,2026-09-13,1,MT,quantile,0.5,5904.0390625
2026-09-16,ILI incidence,2026-09-13,1,MT,quantile,0.55,6120.404296875
2026-09-16,ILI incidence,2026-09-13,1,MT,quantile,0.6,6340.47265625
2026-09-16,ILI incidence,2026-09-13,1,MT,quantile,0.65,6576.146484375
2026-09-16,ILI incidence,2026-09-13,1,MT,quantile,0.7,6846.23193359375
2026-09-16,ILI incidence,2026-09-13,1,MT,quantile,0.75,7144.20263671875
2026-09-16,ILI incidence,2026-09-13,1,MT,quantile,0.8,7498.6396484375
2026-09-16,ILI incidence,2026-09-13,1,MT,quantile,0.85,7946.51220703125
2026-09-16,ILI incidence,2026-09-13,1,MT,quantile,0.9,8523.94921875
2026-09-16,ILI incidence,2026-09-13,1,MT,quantile,0.95,9448.3798828125
2026-09-16,ILI incidence,2026-09-13,1,MT,quantile,0.975,10777.1220703125
2026-09-16,ILI incidence,2026-09-13,1,MT,quantile,0.99,11574.3662109375
2026-09-16,ILI incidence,2026-09-20,2,MT,quantile,0.01,1267.3798828125
2026-09-16,ILI incidence,2026-09-20,2,MT,quantile,0.025,1930.1416015625
2026-09-16,ILI incidence,2026-09-20,2,MT,quantile,0.05,3034.744384765625
2026-09-16,ILI incidence,2026-09-20,2,MT,quantile,0.1,3704.9521484375
2026-09-16,ILI incidence,2026-09-20,2,MT,quantile,0.15,4144.9814453125
2026-09-16,ILI incidence,2026-09-20,2,MT,quantile,0.2,4485.00244140625
2026-09-16,ILI incidence,2026-09-20,2,MT,quantile,0.25,4774.4150390625
2026-09-16,ILI incidence,2026-09-20,2,MT,quantile,0.3,5033.27294921875
2026-09-16,ILI incidence,2026-09-20,2,MT,quantile,0.35,5280.4765625
2026-09-16,ILI incidence,2026-09-20,2,MT,quantile,0.4,5522.630859375
2026-09-16,ILI incidence,2026-09-20,2,MT,quantile,0.45,5754.28173828125
2026-09-16,ILI incidence,2026-09-20,2,MT,quantile,0.5,5977.2685546875
2026-09-16,ILI incidence,2026-09-20,2,MT,quantile,0.55,6219.4775390625
2026-09-16,ILI incidence,2026-09-20,2,MT,quantile,0.6,6461.7451171875
2026-09-16,ILI incidence,2026-09-20,2,MT,quantile,0.65,6718.96337890625
2026-09-16,ILI incidence,2026-09-20,2,MT,quantile,0.7,6995.64501953125
2026-09-16,ILI incidence,2026-09-20,2,MT,quantile,0.75,7314.94140625
2026-09-16,ILI incidence,2026-09-20,2,MT,quantile,0.8,7682.8955078125
2026-09-16,ILI incidence,2026-09-20,2,MT,quantile,0.85,8150.88134765625
2026-09-16,ILI incidence,2026-09-20,2,MT,quantile,0.9,8780.2421875
2026-09-16,ILI incidence,2026-09-20,2,MT,quantile,0.95,9894.720703125
2026-09-16,ILI incidence,2026-09-20,2,MT,quantile,0.975,11599.3203125
2026-09-16,ILI incidence,2026-09-20,2,MT,quantile,0.99,12622.0771484375
2026-09-16,ILI incidence,2026-09-27,3,MT,quantile,0.01,1133.5126953125
2026-09-16,ILI incidence,2026-09-27,3,MT,quantile,0.025,1859.010986328125
2026-09-16,ILI incidence,2026-09-27,3,MT,quantile,0.05,3068.1748046875
2026-09-16,ILI incidence,2026-09-27,3,MT,quantile,0.1,3791.03173828125
2026-09-16,ILI incidence,2026-09-27,3,MT,quantile,0.15,4215.1171875
2026-09-16,ILI incidence,2026-09-27,3,MT,quantile,0.2,4575.9921875
2026-09-16,ILI incidence,2026-09-27,3,MT,quantile,0.25,4884.2373046875
2026-09-16,ILI incidence,2026-09-27,3,MT,quantile,0.3,5169.62744140625
2026-09-16,ILI incidence,2026-09-27,3,MT,quantile,0.35,5429.9658203125
2026-09-16,ILI incidence,2026-09-27,3,MT,quantile,0.4,5678.951171875
2026-09-16,ILI incidence,2026-09-27,3,MT,quantile,0.45,5911.84375
2026-09-16,ILI incidence,2026-09-27,3,MT,quantile,0.5,6174.72265625
2026-09-16,ILI incidence,2026-09-27,3,MT,quantile,0.55,6431.50732421875
2026-09-16,ILI incidence,2026-09-27,3,MT,quantile,0.6,6688.9521484375
2026-09-16,ILI incidence,2026-09-27,3,MT,quantile,0.65,6951.701171875
2026-09-16,ILI incidence,2026-09-27,3,MT,quantile,0.7,7253.99951171875
2026-09-16,ILI incidence,2026-09-27,3,MT,quantile,0.75,7606.2041015625
2026-09-16,ILI incidence,2026-09-27,3,MT,quantile,0.8,7987.294921875
2026-09-16,ILI incidence,2026-09-27,3,MT,quantile,0.85,8500.2041015625
2026-09-16,ILI incidence,2026-09-27,3,MT,quantile,0.9,9197.794921875
2026-09-16,ILI incidence,2026-09-27,3,MT,quantile,0.95,10403.49609375
2026-09-16,ILI incidence,2026-09-27,3,MT,quantile,0.975,12435.6708984375
2026-09-16,ILI incidence,2026-09-27,3,MT,quantile,0.99,13654.97265625
2026-09-16,ILI incidence,2026-10-04,4,MT,quantile,0.01,1205.77783203125
2026-09-16,ILI incidence,2026-10-04,4,MT,quantile,0.025,1923.47265625
2026-09-16,ILI incidence,2026-10-04,4,MT,quantile,0.05,3119.63037109375
2026-09-16,ILI incidence,2026-10-04,4,MT,quantile,0.1,3902.66943359375
2026-09-16,ILI incidence,2026-10-04,4,MT,quantile,0.15,4385.2578125
2026-09-16,ILI incidence,2026-10-04,4,MT,quantile,0.2,4759.3935546875
2026-09-16,ILI incidence,2026-10-04,4,MT,quantile,0.25,5070.11865234375
2026-09-16,ILI incidence,2026-10-04,4,MT,quantile,0.3,5377.72314453125
2026-09-16,ILI incidence,2026-10-04,4,MT,quantile,0.35,5634.5029296875
2026-09-16,ILI incidence,2026-10-04,4,MT,quantile,0.4,5907.0205078125
2026-09-16,ILI incidence,2026-10-04,4,MT,quantile,0.45,6136.0439453125
2026-09-16,ILI incidence,2026-10-04,4,MT,quantile,0.5,6404.78955078125
2026-09-16,ILI incidence,2026-10-04,4,MT,quantile,0.55,6679.7607421875
2026-09-16,ILI incidence,2026-10-04,4,MT,quantile,0.6,6950.1455078125
2026-09-16,ILI incidence,2026-10-04,4,MT,quantile,0.65,7239.3544921875
2026-09-16,ILI incidence,2026-10-04,4,MT,quantile,0.7,7568.3603515625
2026-09-16,ILI incidence,2026-10-04,4,MT,quantile,0.75,7948.19140625
2026-09-16,ILI incidence,2026-10-04,4,MT,quantile,0.8,8371.392578125
2026-09-16,ILI incidence,2026-10-04,4,MT,quantile,0.85,8912.609375
2026-09-16,ILI incidence,2026-10-04,4,MT,quantile,0.9,9659.96484375
2026-09-16,ILI incidence,2026-10-04,4,MT,quantile,0.95,11033.33984375
2026-09-16,ILI incidence,2026-10-04,4,MT,quantile,0.975,13278.56640625
2026-09-16,ILI incidence,2026-10-04,4,MT,quantile,0.99,14625.69921875
2026-09-16,ILI incidence,2026-09-13,1,NO,quantile,0.01,6.107658386230469
2026-09-16,ILI incidence,2026-09-13,1,NO,quantile,0.025,6.905844688415527
2026-09-16,ILI incidence,2026-09-13,1,NO,quantile,0.05,8.236154556274414
2026-09-16,ILI incidence,2026-09-13,1,NO,quantile,0.1,9.056209564208984
2026-09-16,ILI incidence,2026-09-13,1,NO,quantile,0.15,9.566057205200195
2026-09-16,ILI incidence,2026-09-13,1,NO,quantile,0.2,10.013578414916992
2026-09-16,ILI incidence,2026-09-13,1,NO,quantile,0.25,10.385143280029297
2026-09-16,ILI incidence,2026-09-13,1,NO,quantile,0.3,10.613706588745117
2026-09-16,ILI incidence,2026-09-13,1,NO,quantile,0.35,10.902990341186523
2026-09-16,ILI incidence,2026-09-13,1,NO,quantile,0.4,11.228178024291992
2026-09-16,ILI incidence,2026-09-13,1,NO,quantile,0.45,11.427042007446289
2026-09-16,ILI incidence,2026-09-13,1,NO,quantile,0.5,11.814002990722656
2026-09-16,ILI incidence,2026-09-13,1,NO,quantile,0.55,11.982645034790039
2026-09-16,ILI incidence,2026-09-13,1,NO,quantile,0.6,12.109516143798828
2026-09-16,ILI incidence,2026-09-13,1,NO,quantile,0.65,12.482093811035156
2026-09-16,ILI incidence,2026-09-13,1,NO,quantile,0.7,12.898305892944336
2026-09-16,ILI incidence,2026-09-13,1,NO,quantile,0.75,13.130550384521484
2026-09-16,ILI incidence,2026-09-13,1,NO,quantile,0.8,13.41324234008789
2026-09-16,ILI incidence,2026-09-13,1,NO,quantile,0.85,13.748823165893555
2026-09-16,ILI incidence,2026-09-13,1,NO,quantile,0.9,14.272514343261719
2026-09-16,ILI incidence,2026-09-13,1,NO,quantile,0.95,15.048177719116211
2026-09-16,ILI incidence,2026-09-13,1,NO,quantile,0.975,17.450618743896484
2026-09-16,ILI incidence,2026-09-13,1,NO,quantile,0.99,18.892080307006836
2026-09-16,ILI incidence,2026-09-20,2,NO,quantile,0.01,5.910686492919922
2026-09-16,ILI incidence,2026-09-20,2,NO,quantile,0.025,6.797634601593018
2026-09-16,ILI incidence,2026-09-20,2,NO,quantile,0.05,8.275880813598633
2026-09-16,ILI incidence,2026-09-20,2,NO,quantile,0.1,9.202507019042969
2026-09-16,ILI incidence,2026-09-20,2,NO,quantile,0.15,9.739164352416992
2026-09-16,ILI incidence,2026-09-20,2,NO,quantile,0.2,10.231428146362305
2026-09-16,ILI incidence,2026-09-20,2,NO,quantile,0.25,10.572031021118164
2026-09-16,ILI incidence,2026-09-20,2,NO,quantile,0.3,10.901897430419922
2026-09-16,ILI incidence,2026-09-20,2,NO,quantile,0.35,11.29941177368164
2026-09-16,ILI incidence,2026-09-20,2,NO,quantile,0.4,11.605461120605469
2026-09-16,ILI incidence,2026-09-20,2,NO,quantile,0.45,11.774703979492188
2026-09-16,ILI incidence,2026-09-20,2,NO,quantile,0.5,12.196390151977539
2026-09-16,ILI incidence,2026-09-20,2,NO,quantile,0.55,12.405651092529297
2026-09-16,ILI incidence,2026-09-20,2,NO,quantile,0.6,12.771270751953125
2026-09-16,ILI incidence,2026-09-20,2,NO,quantile,0.65,13.09469223022461
2026-09-16,ILI incidence,2026-09-20,2,NO,quantile,0.7,13.278696060180664
2026-09-16,ILI incidence,2026-09-20,2,NO,quantile,0.75,13.589181900024414
2026-09-16,ILI incidence,2026-09-20,2,NO,quantile,0.8,13.88612174987793
2026-09-16,ILI incidence,2026-09-20,2,NO,quantile,0.85,14.438880920410156
2026-09-16,ILI incidence,2026-09-20,2,NO,quantile,0.9,15.199981689453125
2026-09-16,ILI incidence,2026-09-20,2,NO,quantile,0.95,16.383819580078125
2026-09-16,ILI incidence,2026-09-20,2,NO,quantile,0.975,20.529027938842773
2026-09-16,ILI incidence,2026-09-20,2,NO,quantile,0.99,23.01614761352539
2026-09-16,ILI incidence,2026-09-27,3,NO,quantile,0.01,5.845588684082031
2026-09-16,ILI incidence,2026-09-27,3,NO,quantile,0.025,6.822179794311523
2026-09-16,ILI incidence,2026-09-27,3,NO,quantile,0.05,8.449831008911133
2026-09-16,ILI incidence,2026-09-27,3,NO,quantile,0.1,9.42097282409668
2026-09-16,ILI incidence,2026-09-27,3,NO,quantile,0.15,9.96967887878418
2026-09-16,ILI incidence,2026-09-27,3,NO,quantile,0.2,10.46084213256836
2026-09-16,ILI incidence,2026-09-27,3,NO,quantile,0.25,10.881195068359375
2026-09-16,ILI incidence,2026-09-27,3,NO,quantile,0.3,11.36935043334961
2026-09-16,ILI incidence,2026-09-27,3,NO,quantile,0.35,11.65849494934082
2026-09-16,ILI incidence,2026-09-27,3,NO,quantile,0.4,12.011985778808594
2026-09-16,ILI incidence,2026-09-27,3,NO,quantile,0.45,12.165342330932617
2026-09-16,ILI incidence,2026-09-27,3,NO,quantile,0.5,12.53370475769043
2026-09-16,ILI incidence,2026-09-27,3,NO,quantile,0.55,12.757408142089844
2026-09-16,ILI incidence,2026-09-27,3,NO,quantile,0.6,13.08411979675293
2026-09-16,ILI incidence,2026-09-27,3,NO,quantile,0.65,13.450849533081055
2026-09-16,ILI incidence,2026-09-27,3,NO,quantile,0.7,13.788732528686523
2026-09-16,ILI incidence,2026-09-27,3,NO,quantile,0.75,14.247941970825195
2026-09-16,ILI incidence,2026-09-27,3,NO,quantile,0.8,14.786565780639648
2026-09-16,ILI incidence,2026-09-27,3,NO,quantile,0.85,15.521718978881836
2026-09-16,ILI incidence,2026-09-27,3,NO,quantile,0.9,16.91280746459961
2026-09-16,ILI incidence,2026-09-27,3,NO,quantile,0.95,18.434602737426758
2026-09-16,ILI incidence,2026-09-27,3,NO,quantile,0.975,23.78693199157715
2026-09-16,ILI incidence,2026-09-27,3,NO,quantile,0.99,26.998321533203125
2026-09-16,ILI incidence,2026-10-04,4,NO,quantile,0.01,6.1045989990234375
2026-09-16,ILI incidence,2026-10-04,4,NO,quantile,0.025,7.097641468048096
2026-09-16,ILI incidence,2026-10-04,4,NO,quantile,0.05,8.75271224975586
2026-09-16,ILI incidence,2026-10-04,4,NO,quantile,0.1,9.887823104858398
2026-09-16,ILI incidence,2026-10-04,4,NO,quantile,0.15,10.548835754394531
2026-09-16,ILI incidence,2026-10-04,4,NO,quantile,0.2,11.009845733642578
2026-09-16,ILI incidence,2026-10-04,4,NO,quantile,0.25,11.3779296875
2026-09-16,ILI incidence,2026-10-04,4,NO,quantile,0.3,11.690187454223633
2026-09-16,ILI incidence,2026-10-04,4,NO,quantile,0.35,12.06265640258789
2026-09-16,ILI incidence,2026-10-04,4,NO,quantile,0.4,12.502416610717773
2026-09-16,ILI incidence,2026-10-04,4,NO,quantile,0.45,12.731657028198242
2026-09-16,ILI incidence,2026-10-04,4,NO,quantile,0.5,13.22929573059082
2026-09-16,ILI incidence,2026-10-04,4,NO,quantile,0.55,13.604106903076172
2026-09-16,ILI incidence,2026-10-04,4,NO,quantile,0.6,14.106395721435547
2026-09-16,ILI incidence,2026-10-04,4,NO,quantile,0.65,14.58631706237793
2026-09-16,ILI incidence,2026-10-04,4,NO,quantile,0.7,14.988258361816406
2026-09-16,ILI incidence,2026-10-04,4,NO,quantile,0.75,15.599925994873047
2026-09-16,ILI incidence,2026-10-04,4,NO,quantile,0.8,16.291845321655273
2026-09-16,ILI incidence,2026-10-04,4,NO,quantile,0.85,17.178781509399414
2026-09-16,ILI incidence,2026-10-04,4,NO,quantile,0.9,18.523283004760742
2026-09-16,ILI incidence,2026-10-04,4,NO,quantile,0.95,21.284719467163086
2026-09-16,ILI incidence,2026-10-04,4,NO,quantile,0.975,27.640636444091797
2026-09-16,ILI incidence,2026-10-04,4,NO,quantile,0.99,31.454177856445312
2026-09-16,ILI incidence,2026-09-13,1,PL,quantile,0.01,76.8211669921875
2026-09-16,ILI incidence,2026-09-13,1,PL,quantile,0.025,95.02525329589844
2026-09-16,ILI incidence,2026-09-13,1,PL,quantile,0.05,125.36538696289062
2026-09-16,ILI incidence,2026-09-13,1,PL,quantile,0.1,144.87850952148438
2026-09-16,ILI incidence,2026-09-13,1,PL,quantile,0.15,156.0755157470703
2026-09-16,ILI incidence,2026-09-13,1,PL,quantile,0.2,165.08187866210938
2026-09-16,ILI incidence,2026-09-13,1,PL,quantile,0.25,171.3096466064453
2026-09-16,ILI incidence,2026-09-13,1,PL,quantile,0.3,177.61471557617188
2026-09-16,ILI incidence,2026-09-13,1,PL,quantile,0.35,183.22537231445312
2026-09-16,ILI incidence,2026-09-13,1,PL,quantile,0.4,188.77755737304688
2026-09-16,ILI incidence,2026-09-13,1,PL,quantile,0.45,193.50608825683594
2026-09-16,ILI incidence,2026-09-13,1,PL,quantile,0.5,199.18463134765625
2026-09-16,ILI incidence,2026-09-13,1,PL,quantile,0.55,204.02786254882812
2026-09-16,ILI incidence,2026-09-13,1,PL,quantile,0.6,208.4339599609375
2026-09-16,ILI incidence,2026-09-13,1,PL,quantile,0.65,214.03086853027344
2026-09-16,ILI incidence,2026-09-13,1,PL,quantile,0.7,219.44764709472656
2026-09-16,ILI incidence,2026-09-13,1,PL,quantile,0.75,225.6619873046875
2026-09-16,ILI incidence,2026-09-13,1,PL,quantile,0.8,233.67794799804688
2026-09-16,ILI incidence,2026-09-13,1,PL,quantile,0.85,243.434326171875
2026-09-16,ILI incidence,2026-09-13,1,PL,quantile,0.9,255.628173828125
2026-09-16,ILI incidence,2026-09-13,1,PL,quantile,0.95,274.5621643066406
2026-09-16,ILI incidence,2026-09-13,1,PL,quantile,0.975,309.87799072265625
2026-09-16,ILI incidence,2026-09-13,1,PL,quantile,0.99,331.06744384765625
2026-09-16,ILI incidence,2026-09-20,2,PL,quantile,0.01,131.2968292236328
2026-09-16,ILI incidence,2026-09-20,2,PL,quantile,0.025,149.93795776367188
2026-09-16,ILI incidence,2026-09-20,2,PL,quantile,0.05,181.00650024414062
2026-09-16,ILI incidence,2026-09-20,2,PL,quantile,0.1,202.28707885742188
2026-09-16,ILI incidence,2026-09-20,2,PL,quantile,0.15,214.92051696777344
2026-09-16,ILI incidence,2026-09-20,2,PL,quantile,0.2,224.99267578125
2026-09-16,ILI incidence,2026-09-20,2,PL,quantile,0.25,232.97634887695312
2026-09-16,ILI incidence,2026-09-20,2,PL,quantile,0.3,239.56382751464844
2026-09-16,ILI incidence,2026-09-20,2,PL,quantile,0.35,246.49276733398438
2026-09-16,ILI incidence,2026-09-20,2,PL,quantile,0.4,253.00457763671875
2026-09-16,ILI incidence,2026-09-20,2,PL,quantile,0.45,258.5920715332031
2026-09-16,ILI incidence,2026-09-20,2,PL,quantile,0.5,264.9100036621094
2026-09-16,ILI incidence,2026-09-20,2,PL,quantile,0.55,271.47552490234375
2026-09-16,ILI incidence,2026-09-20,2,PL,quantile,0.6,277.79400634765625
2026-09-16,ILI incidence,2026-09-20,2,PL,quantile,0.65,284.4530029296875
2026-09-16,ILI incidence,2026-09-20,2,PL,quantile,0.7,291.30712890625
2026-09-16,ILI incidence,2026-09-20,2,PL,quantile,0.75,299.2474365234375
2026-09-16,ILI incidence,2026-09-20,2,PL,quantile,0.8,308.0004577636719
2026-09-16,ILI incidence,2026-09-20,2,PL,quantile,0.85,319.6728515625
2026-09-16,ILI incidence,2026-09-20,2,PL,quantile,0.9,334.995361328125
2026-09-16,ILI incidence,2026-09-20,2,PL,quantile,0.95,361.0212097167969
2026-09-16,ILI incidence,2026-09-20,2,PL,quantile,0.975,412.3934326171875
2026-09-16,ILI incidence,2026-09-20,2,PL,quantile,0.99,443.2167053222656
2026-09-16,ILI incidence,2026-09-27,3,PL,quantile,0.01,149.396728515625
2026-09-16,ILI incidence,2026-09-27,3,PL,quantile,0.025,171.10597229003906
2026-09-16,ILI incidence,2026-09-27,3,PL,quantile,0.05,207.28802490234375
2026-09-16,ILI incidence,2026-09-27,3,PL,quantile,0.1,231.58444213867188
2026-09-16,ILI incidence,2026-09-27,3,PL,quantile,0.15,244.97177124023438
2026-09-16,ILI incidence,2026-09-27,3,PL,quantile,0.2,255.97396850585938
2026-09-16,ILI incidence,2026-09-27,3,PL,quantile,0.25,265.0872802734375
2026-09-16,ILI incidence,2026-09-27,3,PL,quantile,0.3,273.88348388671875
2026-09-16,ILI incidence,2026-09-27,3,PL,quantile,0.35,281.87322998046875
2026-09-16,ILI incidence,2026-09-27,3,PL,quantile,0.4,288.7184753417969
2026-09-16,ILI incidence,2026-09-27,3,PL,quantile,0.45,294.828125
2026-09-16,ILI incidence,2026-09-27,3,PL,quantile,0.5,302.59356689453125
2026-09-16,ILI incidence,2026-09-27,3,PL,quantile,0.55,310.25128173828125
2026-09-16,ILI incidence,2026-09-27,3,PL,quantile,0.6,317.86407470703125
2026-09-16,ILI incidence,2026-09-27,3,PL,quantile,0.65,325.3033752441406
2026-09-16,ILI incidence,2026-09-27,3,PL,quantile,0.7,333.626220703125
2026-09-16,ILI incidence,2026-09-27,3,PL,quantile,0.75,343.691650390625
2026-09-16,ILI incidence,2026-09-27,3,PL,quantile,0.8,355.08416748046875
2026-09-16,ILI incidence,2026-09-27,3,PL,quantile,0.85,369.4330139160156
2026-09-16,ILI incidence,2026-09-27,3,PL,quantile,0.9,390.08502197265625
2026-09-16,ILI incidence,2026-09-27,3,PL,quantile,0.95,422.28192138671875
2026-09-16,ILI incidence,2026-09-27,3,PL,quantile,0.975,486.1365051269531
2026-09-16,ILI incidence,2026-09-27,3,PL,quantile,0.99,524.4491577148438
2026-09-16,ILI incidence,2026-10-04,4,PL,quantile,0.01,177.31130981445312
2026-09-16,ILI incidence,2026-10-04,4,PL,quantile,0.025,198.0533447265625
2026-09-16,ILI incidence,2026-10-04,4,PL,quantile,0.05,232.62338256835938
2026-09-16,ILI incidence,2026-10-04,4,PL,quantile,0.1,257.7405700683594
2026-09-16,ILI incidence,2026-10-04,4,PL,quantile,0.15,274.3678283691406
2026-09-16,ILI incidence,2026-10-04,4,PL,quantile,0.2,286.0406799316406
2026-09-16,ILI incidence,2026-10-04,4,PL,quantile,0.25,296.9898376464844
2026-09-16,ILI incidence,2026-10-04,4,PL,quantile,0.3,307.10455322265625
2026-09-16,ILI incidence,2026-10-04,4,PL,quantile,0.35,314.95513916015625
2026-09-16,ILI incidence,2026-10-04,4,PL,quantile,0.4,324.1830749511719
2026-09-16,ILI incidence,2026-10-04,4,PL,quantile,0.45,330.57073974609375
2026-09-16,ILI incidence,2026-10-04,4,PL,quantile,0.5,339.6887512207031
2026-09-16,ILI incidence,2026-10-04,4,PL,quantile,0.55,348.9720764160156
2026-09-16,ILI incidence,2026-10-04,4,PL,quantile,0.6,357.3524475097656
2026-09-16,ILI incidence,2026-10-04,4,PL,quantile,0.65,366.9502258300781
2026-09-16,ILI incidence,2026-10-04,4,PL,quantile,0.7,377.1053466796875
2026-09-16,ILI incidence,2026-10-04,4,PL,quantile,0.75,388.5044250488281
2026-09-16,ILI incidence,2026-10-04,4,PL,quantile,0.8,401.98675537109375
2026-09-16,ILI incidence,2026-10-04,4,PL,quantile,0.85,418.5896911621094
2026-09-16,ILI incidence,2026-10-04,4,PL,quantile,0.9,441.8701171875
2026-09-16,ILI incidence,2026-10-04,4,PL,quantile,0.95,484.5487060546875
2026-09-16,ILI incidence,2026-10-04,4,PL,quantile,0.975,565.191650390625
2026-09-16,ILI incidence,2026-10-04,4,PL,quantile,0.99,613.5772705078125
2026-09-16,ILI incidence,2026-09-13,1,RO,quantile,0.01,0.0
2026-09-16,ILI incidence,2026-09-13,1,RO,quantile,0.025,0.0
2026-09-16,ILI incidence,2026-09-13,1,RO,quantile,0.05,0.0
2026-09-16,ILI incidence,2026-09-13,1,RO,quantile,0.1,0.0
2026-09-16,ILI incidence,2026-09-13,1,RO,quantile,0.15,0.02361154556274414
2026-09-16,ILI incidence,2026-09-13,1,RO,quantile,0.2,0.06136465072631836
2026-09-16,ILI incidence,2026-09-13,1,RO,quantile,0.25,0.07954025268554688
2026-09-16,ILI incidence,2026-09-13,1,RO,quantile,0.3,0.11267805099487305
2026-09-16,ILI incidence,2026-09-13,1,RO,quantile,0.35,0.15596866607666016
2026-09-16,ILI incidence,2026-09-13,1,RO,quantile,0.4,0.17595672607421875
2026-09-16,ILI incidence,2026-09-13,1,RO,quantile,0.45,0.17619037628173828
2026-09-16,ILI incidence,2026-09-13,1,RO,quantile,0.5,0.2048335075378418
2026-09-16,ILI incidence,2026-09-13,1,RO,quantile,0.55,0.22601747512817383
2026-09-16,ILI incidence,2026-09-13,1,RO,quantile,0.6,0.279630184173584
2026-09-16,ILI incidence,2026-09-13,1,RO,quantile,0.65,0.32825517654418945
2026-09-16,ILI incidence,2026-09-13,1,RO,quantile,0.7,0.3629460334777832
2026-09-16,ILI incidence,2026-09-13,1,RO,quantile,0.75,0.44601869583129883
2026-09-16,ILI incidence,2026-09-13,1,RO,quantile,0.8,0.5447235107421875
2026-09-16,ILI incidence,2026-09-13,1,RO,quantile,0.85,0.7336001396179199
2026-09-16,ILI incidence,2026-09-13,1,RO,quantile,0.9,1.0190386772155762
2026-09-16,ILI incidence,2026-09-13,1,RO,quantile,0.95,1.7451133728027344
2026-09-16,ILI incidence,2026-09-13,1,RO,quantile,0.975,4.087590217590332
2026-09-16,ILI incidence,2026-09-13,1,RO,quantile,0.99,5.493072986602783
2026-09-16,ILI incidence,2026-09-20,2,RO,quantile,0.01,0.0
2026-09-16,ILI incidence,2026-09-20,2,RO,quantile,0.025,0.0
2026-09-16,ILI incidence,2026-09-20,2,RO,quantile,0.05,0.0
2026-09-16,ILI incidence,2026-09-20,2,RO,quantile,0.1,0.0034537315368652344
2026-09-16,ILI incidence,2026-09-20,2,RO,quantile,0.15,0.057485103607177734
2026-09-16,ILI incidence,2026-09-20,2,RO,quantile,0.2,0.09790229797363281
2026-09-16,ILI incidence,2026-09-20,2,RO,quantile,0.25,0.14073896408081055
2026-09-16,ILI incidence,2026-09-20,2,RO,quantile,0.3,0.19301319122314453
2026-09-16,ILI incidence,2026-09-20,2,RO,quantile,0.35,0.20513057708740234
2026-09-16,ILI incidence,2026-09-20,2,RO,quantile,0.4,0.21060800552368164
2026-09-16,ILI incidence,2026-09-20,2,RO,quantile,0.45,0.22275876998901367
2026-09-16,ILI incidence,2026-09-20,2,RO,quantile,0.5,0.2601795196533203
2026-09-16,ILI incidence,2026-09-20,2,RO,quantile,0.55,0.27570581436157227
2026-09-16,ILI incidence,2026-09-20,2,RO,quantile,0.6,0.30225467681884766
2026-09-16,ILI incidence,2026-09-20,2,RO,quantile,0.65,0.3440737724304199
2026-09-16,ILI incidence,2026-09-20,2,RO,quantile,0.7,0.39392948150634766
2026-09-16,ILI incidence,2026-09-20,2,RO,quantile,0.75,0.4759998321533203
2026-09-16,ILI incidence,2026-09-20,2,RO,quantile,0.8,0.6064457893371582
2026-09-16,ILI incidence,2026-09-20,2,RO,quantile,0.85,0.8303260803222656
2026-09-16,ILI incidence,2026-09-20,2,RO,quantile,0.9,1.2495388984680176
2026-09-16,ILI incidence,2026-09-20,2,RO,quantile,0.95,2.0630757808685303
2026-09-16,ILI incidence,2026-09-20,2,RO,quantile,0.975,4.643089294433594
2026-09-16,ILI incidence,2026-09-20,2,RO,quantile,0.99,6.191093921661377
2026-09-16,ILI incidence,2026-09-27,3,RO,quantile,0.01,0.0
2026-09-16,ILI incidence,2026-09-27,3,RO,quantile,0.025,0.0
2026-09-16,ILI incidence,2026-09-27,3,RO,quantile,0.05,0.0
2026-09-16,ILI incidence,2026-09-27,3,RO,quantile,0.1,0.03319549560546875
2026-09-16,ILI incidence,2026-09-27,3,RO,quantile,0.15,0.11883735656738281
2026-09-16,ILI incidence,2026-09-27,3,RO,quantile,0.2,0.15053939819335938
2026-09-16,ILI incidence,2026-09-27,3,RO,quantile,0.25,0.18312931060791016
2026-09-16,ILI incidence,2026-09-27,3,RO,quantile,0.3,0.20642805099487305
2026-09-16,ILI incidence,2026-09-27,3,RO,quantile,0.35,0.23485898971557617
2026-09-16,ILI incidence,2026-09-27,3,RO,quantile,0.4,0.27430248260498047
2026-09-16,ILI incidence,2026-09-27,3,RO,quantile,0.45,0.2857551574707031
2026-09-16,ILI incidence,2026-09-27,3,RO,quantile,0.5,0.32399415969848633
2026-09-16,ILI incidence,2026-09-27,3,RO,quantile,0.55,0.3783912658691406
2026-09-16,ILI incidence,2026-09-27,3,RO,quantile,0.6,0.43742990493774414
2026-09-16,ILI incidence,2026-09-27,3,RO,quantile,0.65,0.48899269104003906
2026-09-16,ILI incidence,2026-09-27,3,RO,quantile,0.7,0.537137508392334
2026-09-16,ILI incidence,2026-09-27,3,RO,quantile,0.75,0.6425356864929199
2026-09-16,ILI incidence,2026-09-27,3,RO,quantile,0.8,0.807307243347168
2026-09-16,ILI incidence,2026-09-27,3,RO,quantile,0.85,1.0643792152404785
2026-09-16,ILI incidence,2026-09-27,3,RO,quantile,0.9,1.470428466796875
2026-09-16,ILI incidence,2026-09-27,3,RO,quantile,0.95,2.5485196113586426
2026-09-16,ILI incidence,2026-09-27,3,RO,quantile,0.975,5.387957572937012
2026-09-16,ILI incidence,2026-09-27,3,RO,quantile,0.99,7.091616630554199
2026-09-16,ILI incidence,2026-10-04,4,RO,quantile,0.01,0.0
2026-09-16,ILI incidence,2026-10-04,4,RO,quantile,0.025,0.0
2026-09-16,ILI incidence,2026-10-04,4,RO,quantile,0.05,0.021119117736816406
2026-09-16,ILI incidence,2026-10-04,4,RO,quantile,0.1,0.11898279190063477
2026-09-16,ILI incidence,2026-10-04,4,RO,quantile,0.15,0.16420459747314453
2026-09-16,ILI incidence,2026-10-04,4,RO,quantile,0.2,0.19928264617919922
2026-09-16,ILI incidence,2026-10-04,4,RO,quantile,0.25,0.22959470748901367
2026-09-16,ILI incidence,2026-10-04,4,RO,quantile,0.3,0.25374507904052734
2026-09-16,ILI incidence,2026-10-04,4,RO,quantile,0.35,0.27559995651245117
2026-09-16,ILI incidence,2026-10-04,4,RO,quantile,0.4,0.3017387390136719
2026-09-16,ILI incidence,2026-10-04,4,RO,quantile,0.45,0.3477921485900879
2026-09-16,ILI incidence,2026-10-04,4,RO,quantile,0.5,0.3665938377380371
2026-09-16,ILI incidence,2026-10-04,4,RO,quantile,0.55,0.418734073638916
2026-09-16,ILI incidence,2026-10-04,4,RO,quantile,0.6,0.4561901092529297
2026-09-16,ILI incidence,2026-10-04,4,RO,quantile,0.65,0.5108966827392578
2026-09-16,ILI incidence,2026-10-04,4,RO,quantile,0.7,0.5739645957946777
2026-09-16,ILI incidence,2026-10-04,4,RO,quantile,0.75,0.6486220359802246
2026-09-16,ILI incidence,2026-10-04,4,RO,quantile,0.8,0.7884407043457031
2026-09-16,ILI incidence,2026-10-04,4,RO,quantile,0.85,1.0086627006530762
2026-09-16,ILI incidence,2026-10-04,4,RO,quantile,0.9,1.381472110748291
2026-09-16,ILI incidence,2026-10-04,4,RO,quantile,0.95,2.304800033569336
2026-09-16,ILI incidence,2026-10-04,4,RO,quantile,0.975,4.747797012329102
2026-09-16,ILI incidence,2026-10-04,4,RO,quantile,0.99,6.213592052459717
2026-09-16,ILI incidence,2026-09-13,1,SI,quantile,0.01,0.0
2026-09-16,ILI incidence,2026-09-13,1,SI,quantile,0.025,0.0
2026-09-16,ILI incidence,2026-09-13,1,SI,quantile,0.05,0.0
2026-09-16,ILI incidence,2026-09-13,1,SI,quantile,0.1,0.0
2026-09-16,ILI incidence,2026-09-13,1,SI,quantile,0.15,0.0
2026-09-16,ILI incidence,2026-09-13,1,SI,quantile,0.2,0.0
2026-09-16,ILI incidence,2026-09-13,1,SI,quantile,0.25,0.0
2026-09-16,ILI incidence,2026-09-13,1,SI,quantile,0.3,0.1576251983642578
2026-09-16,ILI incidence,2026-09-13,1,SI,quantile,0.35,0.22646522521972656
2026-09-16,ILI incidence,2026-09-13,1,SI,quantile,0.4,0.43016815185546875
2026-09-16,ILI incidence,2026-09-13,1,SI,quantile,0.45,0.5160369873046875
2026-09-16,ILI incidence,2026-09-13,1,SI,quantile,0.5,0.5293502807617188
2026-09-16,ILI incidence,2026-09-13,1,SI,quantile,0.55,0.7159805297851562
2026-09-16,ILI incidence,2026-09-13,1,SI,quantile,0.6,0.7909889221191406
2026-09-16,ILI incidence,2026-09-13,1,SI,quantile,0.65,0.9920005798339844
2026-09-16,ILI incidence,2026-09-13,1,SI,quantile,0.7,1.3171863555908203
2026-09-16,ILI incidence,2026-09-13,1,SI,quantile,0.75,1.6399879455566406
2026-09-16,ILI incidence,2026-09-13,1,SI,quantile,0.8,1.884054183959961
2026-09-16,ILI incidence,2026-09-13,1,SI,quantile,0.85,2.078510284423828
2026-09-16,ILI incidence,2026-09-13,1,SI,quantile,0.9,2.330078125
2026-09-16,ILI incidence,2026-09-13,1,SI,quantile,0.95,2.556974411010742
2026-09-16,ILI incidence,2026-09-13,1,SI,quantile,0.975,11.18305778503418
2026-09-16,ILI incidence,2026-09-13,1,SI,quantile,0.99,16.35869598388672
2026-09-16,ILI incidence,2026-09-20,2,SI,quantile,0.01,0.0
2026-09-16,ILI incidence,2026-09-20,2,SI,quantile,0.025,0.0
2026-09-16,ILI incidence,2026-09-20,2,SI,quantile,0.05,0.0
2026-09-16,ILI incidence,2026-09-20,2,SI,quantile,0.1,0.0
2026-09-16,ILI incidence,2026-09-20,2,SI,quantile,0.15,0.0
2026-09-16,ILI incidence,2026-09-20,2,SI,quantile,0.2,0.0
2026-09-16,ILI incidence,2026-09-20,2,SI,quantile,0.25,0.0
2026-09-16,ILI incidence,2026-09-20,2,SI,quantile,0.3,0.10321617126464844
2026-09-16,ILI incidence,2026-09-20,2,SI,quantile,0.35,0.25077056884765625
2026-09-16,ILI incidence,2026-09-20,2,SI,quantile,0.4,0.3769969940185547
2026-09-16,ILI incidence,2026-09-20,2,SI,quantile,0.45,0.43327903747558594
2026-09-16,ILI incidence,2026-09-20,2,SI,quantile,0.5,0.45812416076660156
2026-09-16,ILI incidence,2026-09-20,2,SI,quantile,0.55,0.6937122344970703
2026-09-16,ILI incidence,2026-09-20,2,SI,quantile,0.6,0.7758312225341797
2026-09-16,ILI incidence,2026-09-20,2,SI,quantile,0.65,0.9699172973632812
2026-09-16,ILI incidence,2026-09-20,2,SI,quantile,0.7,1.0892295837402344
2026-09-16,ILI incidence,2026-09-20,2,SI,quantile,0.75,1.3322467803955078
2026-09-16,ILI incidence,2026-09-20,2,SI,quantile,0.8,1.5761528015136719
2026-09-16,ILI incidence,2026-09-20,2,SI,quantile,0.85,1.9275569915771484
2026-09-16,ILI incidence,2026-09-20,2,SI,quantile,0.9,2.368480682373047
2026-09-16,ILI incidence,2026-09-20,2,SI,quantile,0.95,3.049602508544922
2026-09-16,ILI incidence,2026-09-20,2,SI,quantile,0.975,13.851690292358398
2026-09-16,ILI incidence,2026-09-20,2,SI,quantile,0.99,20.332927703857422
2026-09-16,ILI incidence,2026-09-27,3,SI,quantile,0.01,0.0
2026-09-16,ILI incidence,2026-09-27,3,SI,quantile,0.025,0.0
2026-09-16,ILI incidence,2026-09-27,3,SI,quantile,0.05,0.0
2026-09-16,ILI incidence,2026-09-27,3,SI,quantile,0.1,0.0
2026-09-16,ILI incidence,2026-09-27,3,SI,quantile,0.15,0.0
2026-09-16,ILI incidence,2026-09-27,3,SI,quantile,0.2,0.0
2026-09-16,ILI incidence,2026-09-27,3,SI,quantile,0.25,0.0
2026-09-16,ILI incidence,2026-09-27,3,SI,quantile,0.3,0.3280448913574219
2026-09-16,ILI incidence,2026-09-27,3,SI,quantile,0.35,0.3819618225097656
2026-09-16,ILI incidence,2026-09-27,3,SI,quantile,0.4,0.443511962890625
2026-09-16,ILI incidence,2026-09-27,3,SI,quantile,0.45,0.5794792175292969
2026-09-16,ILI incidence,2026-09-27,3,SI,quantile,0.5,0.6465740203857422
2026-09-16,ILI incidence,2026-09-27,3,SI,quantile,0.55,0.8608226776123047
2026-09-16,ILI incidence,2026-09-27,3,SI,quantile,0.6,0.8904533386230469
2026-09-16,ILI incidence,2026-09-27,3,SI,quantile,0.65,1.0477943420410156
2026-09-16,ILI incidence,2026-09-27,3,SI,quantile,0.7,1.2148056030273438
2026-09-16,ILI incidence,2026-09-27,3,SI,quantile,0.75,1.4318923950195312
2026-09-16,ILI incidence,2026-09-27,3,SI,quantile,0.8,1.6648578643798828
2026-09-16,ILI incidence,2026-09-27,3,SI,quantile,0.85,1.9419898986816406
2026-09-16,ILI incidence,2026-09-27,3,SI,quantile,0.9,2.7204437255859375
2026-09-16,ILI incidence,2026-09-27,3,SI,quantile,0.95,3.7303600311279297
2026-09-16,ILI incidence,2026-09-27,3,SI,quantile,0.975,16.54727554321289
2026-09-16,ILI incidence,2026-09-27,3,SI,quantile,0.99,24.23740577697754
2026-09-16,ILI incidence,2026-10-04,4,SI,quantile,0.01,0.0
2026-09-16,ILI incidence,2026-10-04,4,SI,quantile,0.025,0.0
2026-09-16,ILI incidence,2026-10-04,4,SI,quantile,0.05,0.0
2026-09-16,ILI incidence,2026-10-04,4,SI,quantile,0.1,0.0
2026-09-16,ILI incidence,2026-10-04,4,SI,quantile,0.15,0.0
2026-09-16,ILI incidence,2026-10-04,4,SI,quantile,0.2,0.0
2026-09-16,ILI incidence,2026-10-04,4,SI,quantile,0.25,0.16051864624023438
2026-09-16,ILI incidence,2026-10-04,4,SI,quantile,0.3,0.2754192352294922
2026-09-16,ILI incidence,2026-10-04,4,SI,quantile,0.35,0.4914722442626953
2026-09-16,ILI incidence,2026-10-04,4,SI,quantile,0.4,0.7672119140625
2026-09-16,ILI incidence,2026-10-04,4,SI,quantile,0.45,0.8566265106201172
2026-09-16,ILI incidence,2026-10-04,4,SI,quantile,0.5,0.9998264312744141
2026-09-16,ILI incidence,2026-10-04,4,SI,quantile,0.55,1.2857551574707031
2026-09-16,ILI incidence,2026-10-04,4,SI,quantile,0.6,1.5403022766113281
2026-09-16,ILI incidence,2026-10-04,4,SI,quantile,0.65,1.6388225555419922
2026-09-16,ILI incidence,2026-10-04,4,SI,quantile,0.7,1.7215843200683594
2026-09-16,ILI incidence,2026-10-04,4,SI,quantile,0.75,1.9520492553710938
2026-09-16,ILI incidence,2026-10-04,4,SI,quantile,0.8,2.448568344116211
2026-09-16,ILI incidence,2026-10-04,4,SI,quantile,0.85,2.843414306640625
2026-09-16,ILI incidence,2026-10-04,4,SI,quantile,0.9,3.5883655548095703
2026-09-16,ILI incidence,2026-10-04,4,SI,quantile,0.95,5.950902938842773
2026-09-16,ILI incidence,2026-10-04,4,SI,quantile,0.975,21.129676818847656
2026-09-16,ILI incidence,2026-10-04,4,SI,quantile,0.99,30.236921310424805
2026-09-16,ILI incidence,2026-09-13,1,SK,quantile,0.01,36.442840576171875
2026-09-16,ILI incidence,2026-09-13,1,SK,quantile,0.025,42.634002685546875
2026-09-16,ILI incidence,2026-09-13,1,SK,quantile,0.05,52.952606201171875
2026-09-16,ILI incidence,2026-09-13,1,SK,quantile,0.1,59.985023498535156
2026-09-16,ILI incidence,2026-09-13,1,SK,quantile,0.15,64.56877899169922
2026-09-16,ILI incidence,2026-09-13,1,SK,quantile,0.2,67.84602355957031
2026-09-16,ILI incidence,2026-09-13,1,SK,quantile,0.25,70.64265441894531
2026-09-16,ILI incidence,2026-09-13,1,SK,quantile,0.3,73.110595703125
2026-09-16,ILI incidence,2026-09-13,1,SK,quantile,0.35,75.1923828125
2026-09-16,ILI incidence,2026-09-13,1,SK,quantile,0.4,77.25936126708984
2026-09-16,ILI incidence,2026-09-13,1,SK,quantile,0.45,78.79544830322266
2026-09-16,ILI incidence,2026-09-13,1,SK,quantile,0.5,80.5643081665039
2026-09-16,ILI incidence,2026-09-13,1,SK,quantile,0.55,82.9739990234375
2026-09-16,ILI incidence,2026-09-13,1,SK,quantile,0.6,84.8451919555664
2026-09-16,ILI incidence,2026-09-13,1,SK,quantile,0.65,87.0297622680664
2026-09-16,ILI incidence,2026-09-13,1,SK,quantile,0.7,89.27606201171875
2026-09-16,ILI incidence,2026-09-13,1,SK,quantile,0.75,92.07984924316406
2026-09-16,ILI incidence,2026-09-13,1,SK,quantile,0.8,95.52950286865234
2026-09-16,ILI incidence,2026-09-13,1,SK,quantile,0.85,99.39022827148438
2026-09-16,ILI incidence,2026-09-13,1,SK,quantile,0.9,104.32949829101562
2026-09-16,ILI incidence,2026-09-13,1,SK,quantile,0.95,112.62501525878906
2026-09-16,ILI incidence,2026-09-13,1,SK,quantile,0.975,124.25592041015625
2026-09-16,ILI incidence,2026-09-13,1,SK,quantile,0.99,131.2344512939453
2026-09-16,ILI incidence,2026-09-20,2,SK,quantile,0.01,53.6761474609375
2026-09-16,ILI incidence,2026-09-20,2,SK,quantile,0.025,60.22700881958008
2026-09-16,ILI incidence,2026-09-20,2,SK,quantile,0.05,71.14511108398438
2026-09-16,ILI incidence,2026-09-20,2,SK,quantile,0.1,79.18826293945312
2026-09-16,ILI incidence,2026-09-20,2,SK,quantile,0.15,84.2513656616211
2026-09-16,ILI incidence,2026-09-20,2,SK,quantile,0.2,88.56673431396484
2026-09-16,ILI incidence,2026-09-20,2,SK,quantile,0.25,92.0661849975586
2026-09-16,ILI incidence,2026-09-20,2,SK,quantile,0.3,94.78276824951172
2026-09-16,ILI incidence,2026-09-20,2,SK,quantile,0.35,97.48748779296875
2026-09-16,ILI incidence,2026-09-20,2,SK,quantile,0.4,99.56627655029297
2026-09-16,ILI incidence,2026-09-20,2,SK,quantile,0.45,102.14300537109375
2026-09-16,ILI incidence,2026-09-20,2,SK,quantile,0.5,104.27848815917969
2026-09-16,ILI incidence,2026-09-20,2,SK,quantile,0.55,106.4263916015625
2026-09-16,ILI incidence,2026-09-20,2,SK,quantile,0.6,108.84366607666016
2026-09-16,ILI incidence,2026-09-20,2,SK,quantile,0.65,111.18600463867188
2026-09-16,ILI incidence,2026-09-20,2,SK,quantile,0.7,114.16748046875
2026-09-16,ILI incidence,2026-09-20,2,SK,quantile,0.75,116.83554077148438
2026-09-16,ILI incidence,2026-09-20,2,SK,quantile,0.8,120.43968200683594
2026-09-16,ILI incidence,2026-09-20,2,SK,quantile,0.85,124.32682037353516
2026-09-16,ILI incidence,2026-09-20,2,SK,quantile,0.9,129.01776123046875
2026-09-16,ILI incidence,2026-09-20,2,SK,quantile,0.95,136.90374755859375
2026-09-16,ILI incidence,2026-09-20,2,SK,quantile,0.975,147.85000610351562
2026-09-16,ILI incidence,2026-09-20,2,SK,quantile,0.99,154.41773986816406
2026-09-16,ILI incidence,2026-09-27,3,SK,quantile,0.01,74.5322494506836
2026-09-16,ILI incidence,2026-09-27,3,SK,quantile,0.025,81.94723510742188
2026-09-16,ILI incidence,2026-09-27,3,SK,quantile,0.05,94.3055419921875
2026-09-16,ILI incidence,2026-09-27,3,SK,quantile,0.1,103.79381561279297
2026-09-16,ILI incidence,2026-09-27,3,SK,quantile,0.15,109.50259399414062
2026-09-16,ILI incidence,2026-09-27,3,SK,quantile,0.2,113.82542419433594
2026-09-16,ILI incidence,2026-09-27,3,SK,quantile,0.25,117.03713989257812
2026-09-16,ILI incidence,2026-09-27,3,SK,quantile,0.3,119.89887237548828
2026-09-16,ILI incidence,2026-09-27,3,SK,quantile,0.35,123.13951110839844
2026-09-16,ILI incidence,2026-09-27,3,SK,quantile,0.4,125.85218811035156
2026-09-16,ILI incidence,2026-09-27,3,SK,quantile,0.45,127.87875366210938
2026-09-16,ILI incidence,2026-09-27,3,SK,quantile,0.5,131.04891967773438
2026-09-16,ILI incidence,2026-09-27,3,SK,quantile,0.55,133.91859436035156
2026-09-16,ILI incidence,2026-09-27,3,SK,quantile,0.6,136.26231384277344
2026-09-16,ILI incidence,2026-09-27,3,SK,quantile,0.65,139.40277099609375
2026-09-16,ILI incidence,2026-09-27,3,SK,quantile,0.7,142.4955596923828
2026-09-16,ILI incidence,2026-09-27,3,SK,quantile,0.75,146.32533264160156
2026-09-16,ILI incidence,2026-09-27,3,SK,quantile,0.8,151.3828125
2026-09-16,ILI incidence,2026-09-27,3,SK,quantile,0.85,157.37252807617188
2026-09-16,ILI incidence,2026-09-27,3,SK,quantile,0.9,164.66604614257812
2026-09-16,ILI incidence,2026-09-27,3,SK,quantile,0.95,177.44964599609375
2026-09-16,ILI incidence,2026-09-27,3,SK,quantile,0.975,201.9866943359375
2026-09-16,ILI incidence,2026-09-27,3,SK,quantile,0.99,216.70887756347656
2026-09-16,ILI incidence,2026-10-04,4,SK,quantile,0.01,96.58136749267578
2026-09-16,ILI incidence,2026-10-04,4,SK,quantile,0.025,104.89434051513672
2026-09-16,ILI incidence,2026-10-04,4,SK,quantile,0.05,118.74929809570312
2026-09-16,ILI incidence,2026-10-04,4,SK,quantile,0.1,129.69593811035156
2026-09-16,ILI incidence,2026-10-04,4,SK,quantile,0.15,136.33206176757812
2026-09-16,ILI incidence,2026-10-04,4,SK,quantile,0.2,141.50003051757812
2026-09-16,ILI incidence,2026-10-04,4,SK,quantile,0.25,146.11965942382812
2026-09-16,ILI incidence,2026-10-04,4,SK,quantile,0.3,149.84423828125
2026-09-16,ILI incidence,2026-10-04,4,SK,quantile,0.35,153.76744079589844
2026-09-16,ILI incidence,2026-10-04,4,SK,quantile,0.4,157.0711212158203
2026-09-16,ILI incidence,2026-10-04,4,SK,quantile,0.45,160.29014587402344
2026-09-16,ILI incidence,2026-10-04,4,SK,quantile,0.5,163.50732421875
2026-09-16,ILI incidence,2026-10-04,4,SK,quantile,0.55,167.04214477539062
2026-09-16,ILI incidence,2026-10-04,4,SK,quantile,0.6,169.95651245117188
2026-09-16,ILI incidence,2026-10-04,4,SK,quantile,0.65,173.73919677734375
2026-09-16,ILI incidence,2026-10-04,4,SK,quantile,0.7,177.74551391601562
2026-09-16,ILI incidence,2026-10-04,4,SK,quantile,0.75,182.17059326171875
2026-09-16,ILI incidence,2026-10-04,4,SK,quantile,0.8,187.42691040039062
2026-09-16,ILI incidence,2026-10-04,4,SK,quantile,0.85,194.3618621826172
2026-09-16,ILI incidence,2026-10-04,4,SK,quantile,0.9,203.42176818847656
2026-09-16,ILI incidence,2026-10-04,4,SK,quantile,0.95,220.32296752929688
2026-09-16,ILI incidence,2026-10-04,4,SK,quantile,0.975,255.036376953125
2026-09-16,ILI incidence,2026-10-04,4,SK,quantile,0.99,275.8643798828125
